a_bits,block_size,compute_interpretation,ip_bias,ip_relative_mse,ip_variance,k_bits,k_proj_relative_mse,key_relative_mse,kv_bits,kv_block_size,kv_method,kv_rotation_backend,layer,layer_index,layer_output_cosine,layer_output_relative_mse,linear_bits,linear_method,linear_rotation_backend,method,method_key,mxfp4_group_size,o_proj_domain_block_size,output_cosine,output_relative_mse,pre_o_output_cosine,pre_o_output_relative_mse,projection_cosine,projection_relative_mse,q_proj_relative_mse,score_mse,score_relative_mse,softmax_kl,topk_overlap,v_bits,v_proj_relative_mse,value_path,value_relative_mse,w_bits
16,,baseline,0.0,0.0,0.0,16,0.0,0.0,K16V16,,fp16,,model.layers.0.self_attn,0,1.0,0.0,FP16,fp16,,fp16,fp16,,,1.0,0.0,1.0,0.0,1.0,0.0,0.0,0.0,0.0,0.0,1.0,16,0.0,reference,0.0,16
4,64,MXFP4 W4A4 linear fake quant plus HLM K4V4,0.09672209620475769,0.0314871184527874,2.13789963722229,4,0.015305165201425552,0.02343263290822506,K4V4,64,hadamard_lm,hadamard,model.layers.0.self_attn,0,0.9916833639144897,0.021588681265711784,W4A4,mxfp4,none,attn_mxfp4_w4a4_hlm_k4v4,attn_mxfp4_w4a4_hlm_k4v4,32,64,0.9391530752182007,0.11876754462718964,0.9391516447067261,0.118767648935318,0.9826748967170715,0.03454464394599199,0.014167378656566143,0.03355085477232933,0.0314871184527874,0.0070249768905341625,0.8774169683456421,4,0.07416138797998428,o_proj_absorb,0.08212114125490189,4
4,64,Hadamard-rotated MXFP4 W4A4 linear fake quant plus HLM K4V4,-0.03523612394928932,0.013288524001836777,0.904965341091156,4,0.003256599884480238,0.011481801979243755,K4V4,64,hadamard_lm,hadamard,model.layers.0.self_attn,0,0.9789538383483887,0.04872480779886246,W4A4,rot_mxfp4,hadamard,attn_rot_mxfp4_w4a4_hlm_k4v4,attn_rot_mxfp4_w4a4_hlm_k4v4,32,64,0.8148947358131409,0.46869927644729614,0.8148931264877319,0.4686982333660126,0.9655579527219137,0.07798763690516353,0.0034197187051177025,0.014159482903778553,0.013288524001836777,0.00445442833006382,0.9084717035293579,4,0.22728659212589264,o_proj_absorb,0.23447507619857788,4
4,64,rotated LM W4A4 plus HLM K4V4 with value rotation absorbed into o_proj,-0.0767226442694664,0.011530344374477863,0.780422031879425,4,0.0020502496045082808,0.010130830109119415,K4V4,64,hadamard_lm,hadamard,model.layers.0.self_attn,0,0.9891458749771118,0.022674765437841415,W4A4,rot_lm,hadamard,attn_rot_lm_w4a4_hlm_k4v4,attn_rot_lm_w4a4_hlm_k4v4,32,64,0.8720730543136597,0.29043322801589966,0.8720719218254089,0.29043179750442505,0.977645993232727,0.047563466088225446,0.001872876426205039,0.012286068871617317,0.011530344374477863,0.003867026185616851,0.927490234375,4,0.138767272233963,o_proj_absorb,0.14649777114391327,4
4,64,rotated LM W3A4 plus HLM K3V4 with value rotation absorbed into o_proj,-0.044089820235967636,0.03085264563560486,2.1020429134368896,3,0.004596959333866835,0.034138526767492294,K3V4,64,hadamard_lm,hadamard,model.layers.0.self_attn,0,0.9624117612838745,0.07795938104391098,W3A4,rot_lm,hadamard,attn_rot_lm_w3a4_hlm_k3v4,attn_rot_lm_w3a4_hlm_k3v4,32,64,0.6837688088417053,0.9789543151855469,0.6837676763534546,0.9789506196975708,0.9452289938926697,0.13587245112285018,0.0031921686604619026,0.03287479653954506,0.03085264563560486,0.010329870507121086,0.88037109375,4,0.3998282253742218,o_proj_absorb,0.40870967507362366,3
16,,baseline,0.0,0.0,0.0,16,0.0,0.0,K16V16,,fp16,,model.layers.1.self_attn,1,1.0,0.0,FP16,fp16,,fp16,fp16,,,1.0,0.0,1.0,0.0,1.0,0.0,0.0,0.0,0.0,0.0,1.0,16,0.0,reference,0.0,16
4,64,MXFP4 W4A4 linear fake quant plus HLM K4V4,1.7511560916900635,0.026822157204151154,13.84062385559082,4,0.015217702835798264,0.024922022596001625,K4V4,64,hadamard_lm,hadamard,model.layers.1.self_attn,1,0.9103655815124512,0.17264911532402039,W4A4,mxfp4,none,attn_mxfp4_w4a4_hlm_k4v4,attn_mxfp4_w4a4_hlm_k4v4,32,64,0.8569299578666687,0.28058406710624695,0.856927752494812,0.2805846929550171,0.9776656230290731,0.04533167245487372,0.017208663746714592,0.26417452096939087,0.026822157204151154,0.035357534885406494,0.8854736089706421,4,0.1035686507821083,o_proj_absorb,0.1110781654715538,4
4,64,Hadamard-rotated MXFP4 W4A4 linear fake quant plus HLM K4V4,1.0611140727996826,0.012755172327160835,6.914175510406494,4,0.0034651265013962984,0.013314112089574337,K4V4,64,hadamard_lm,hadamard,model.layers.1.self_attn,1,0.8367555737495422,0.3402029573917389,W4A4,rot_mxfp4,hadamard,attn_rot_mxfp4_w4a4_hlm_k4v4,attn_rot_mxfp4_w4a4_hlm_k4v4,32,64,0.6106488704681396,1.3243980407714844,0.6106477975845337,1.3243972063064575,0.9575470685958862,0.09948764718137681,0.005753759294748306,0.12562716007232666,0.012755172327160835,0.020953578874468803,0.9046386480331421,4,0.28924405574798584,o_proj_absorb,0.29742106795310974,4
4,64,rotated LM W4A4 plus HLM K4V4 with value rotation absorbed into o_proj,0.6249270439147949,0.007074886932969093,4.0690741539001465,4,0.0014204212930053473,0.011283616535365582,K4V4,64,hadamard_lm,hadamard,model.layers.1.self_attn,1,0.881372332572937,0.2539331912994385,W4A4,rot_lm,hadamard,attn_rot_lm_w4a4_hlm_k4v4,attn_rot_lm_w4a4_hlm_k4v4,32,64,0.6894734501838684,0.9777291417121887,0.689471960067749,0.977729082107544,0.9684173464775085,0.07198015709097187,0.002817896893247962,0.06968137621879578,0.007074886932969093,0.016172291710972786,0.9180663824081421,4,0.2117021530866623,o_proj_absorb,0.21999214589595795,4
4,64,rotated LM W3A4 plus HLM K3V4 with value rotation absorbed into o_proj,1.5428142547607422,0.0246296189725399,13.144843101501465,3,0.0029243160970509052,0.038410719484090805,K3V4,64,hadamard_lm,hadamard,model.layers.1.self_attn,1,0.6827093362808228,0.7951824069023132,W3A4,rot_lm,hadamard,attn_rot_lm_w3a4_hlm_k3v4,attn_rot_lm_w3a4_hlm_k3v4,32,64,0.4170779883861542,3.617546319961548,0.41707688570022583,3.617546558380127,0.9281783501307169,0.19041291500131288,0.006699319463223219,0.24257996678352356,0.0246296189725399,0.041457511484622955,0.863696277141571,4,0.5616151094436646,o_proj_absorb,0.5676173567771912,3
16,,baseline,0.0,0.0,0.0,16,0.0,0.0,K16V16,,fp16,,model.layers.2.self_attn,2,1.0,0.0,FP16,fp16,,fp16,fp16,,,1.0,0.0,1.0,0.0,1.0,0.0,0.0,0.0,0.0,0.0,1.0,16,0.0,reference,0.0,16
4,64,MXFP4 W4A4 linear fake quant plus HLM K4V4,0.4039478600025177,0.018731199204921722,4.905566692352295,4,0.0077926162630319595,0.017205484211444855,K4V4,64,hadamard_lm,hadamard,model.layers.2.self_attn,2,0.9409933090209961,0.11475428938865662,W4A4,mxfp4,none,attn_mxfp4_w4a4_hlm_k4v4,attn_mxfp4_w4a4_hlm_k4v4,32,64,0.8688568472862244,0.2667262852191925,0.8688550591468811,0.2667250633239746,0.9785792827606201,0.04265542017916838,0.00990249589085579,0.07919907569885254,0.018731199204921722,0.021541226655244827,0.902514636516571,4,0.1102711483836174,o_proj_absorb,0.11827714741230011,4
4,64,Hadamard-rotated MXFP4 W4A4 linear fake quant plus HLM K4V4,0.5034587383270264,0.012031743302941322,3.0023691654205322,4,0.0024152637924999,0.01168802846223116,K4V4,64,hadamard_lm,hadamard,model.layers.2.self_attn,2,0.9143935441970825,0.1685120165348053,W4A4,rot_mxfp4,hadamard,attn_rot_mxfp4_w4a4_hlm_k4v4,attn_rot_mxfp4_w4a4_hlm_k4v4,32,64,0.7416220307350159,0.7299895286560059,0.7416201829910278,0.7299911975860596,0.9761061072349548,0.05104175590289136,0.004698070231825113,0.050872500985860825,0.012031743302941322,0.013445854187011719,0.922680675983429,4,0.14601193368434906,o_proj_absorb,0.15508456528186798,4
4,64,rotated LM W4A4 plus HLM K4V4 with value rotation absorbed into o_proj,0.33639371395111084,0.009734349325299263,2.5209949016571045,4,0.0013130399165675044,0.010599714703857899,K4V4,64,hadamard_lm,hadamard,model.layers.2.self_attn,2,0.9441237449645996,0.10996924340724945,W4A4,rot_lm,hadamard,attn_rot_lm_w4a4_hlm_k4v4,attn_rot_lm_w4a4_hlm_k4v4,32,64,0.8014983534812927,0.4945179522037506,0.801496684551239,0.4945181906223297,0.983262856801351,0.03529841386868308,0.0029918812215328217,0.041158683598041534,0.009734349325299263,0.010786164551973343,0.9299072027206421,4,0.10159032046794891,o_proj_absorb,0.11022411286830902,4
4,64,rotated LM W3A4 plus HLM K3V4 with value rotation absorbed into o_proj,0.7230410575866699,0.031238436698913574,7.930463790893555,3,0.0035364963114261627,0.037479229271411896,K3V4,64,hadamard_lm,hadamard,model.layers.2.self_attn,2,0.8029930591583252,0.40357017517089844,W3A4,rot_lm,hadamard,attn_rot_lm_w3a4_hlm_k3v4,attn_rot_lm_w3a4_hlm_k3v4,32,64,0.5330524444580078,1.840091347694397,0.5330516695976257,1.840095043182373,0.958768884340922,0.09201326407492161,0.007726738229393959,0.13208205997943878,0.031238436698913574,0.035339243710041046,0.881152331829071,4,0.2647765576839447,o_proj_absorb,0.2727251648902893,3
16,,baseline,0.0,0.0,0.0,16,0.0,0.0,K16V16,,fp16,,model.layers.3.self_attn,3,1.0,0.0,FP16,fp16,,fp16,fp16,,,1.0,0.0,1.0,0.0,1.0,0.0,0.0,0.0,0.0,0.0,1.0,16,0.0,reference,0.0,16
4,64,MXFP4 W4A4 linear fake quant plus HLM K4V4,2.0742759704589844,0.00721535412594676,8.18254280090332,4,0.006044476293027401,0.014755775220692158,K4V4,64,hadamard_lm,hadamard,model.layers.3.self_attn,3,0.947778046131134,0.1141161322593689,W4A4,mxfp4,none,attn_mxfp4_w4a4_hlm_k4v4,attn_mxfp4_w4a4_hlm_k4v4,32,64,0.9335323572158813,0.1557672917842865,0.9335309267044067,0.15576575696468353,0.9901997645696005,0.019814895155529182,0.006139678880572319,0.1950806975364685,0.00721535412594676,0.012335273437201977,0.877148449420929,4,0.047260530292987823,o_proj_absorb,0.055509909987449646,4
4,64,Hadamard-rotated MXFP4 W4A4 linear fake quant plus HLM K4V4,1.6624865531921387,0.004279798828065395,4.641733646392822,4,0.002447983715683222,0.01115332916378975,K4V4,64,hadamard_lm,hadamard,model.layers.3.self_attn,3,0.9526061415672302,0.10941796749830246,W4A4,rot_mxfp4,hadamard,attn_rot_mxfp4_w4a4_hlm_k4v4,attn_rot_mxfp4_w4a4_hlm_k4v4,32,64,0.9338675141334534,0.1574854850769043,0.9338657259941101,0.15748412907123566,0.9931771755218506,0.013827039394527674,0.0031055929139256477,0.11571242660284042,0.004279798828065395,0.00853072851896286,0.8984375,4,0.03592754155397415,o_proj_absorb,0.04469356685876846,4
4,64,rotated LM W4A4 plus HLM K4V4 with value rotation absorbed into o_proj,1.1826595067977905,0.003152836812660098,4.05686092376709,4,0.0015561188338324428,0.01029765885323286,K4V4,64,hadamard_lm,hadamard,model.layers.3.self_attn,3,0.963314414024353,0.08151929825544357,W4A4,rot_lm,hadamard,attn_rot_lm_w4a4_hlm_k4v4,attn_rot_lm_w4a4_hlm_k4v4,32,64,0.9495071768760681,0.11587652564048767,0.9495049118995667,0.11587636172771454,0.9953462680180868,0.00935945399881651,0.0019652077462524176,0.08524288237094879,0.003152836812660098,0.006688193418085575,0.9020751714706421,4,0.02455703541636467,o_proj_absorb,0.03322808817028999,4
4,64,rotated LM W3A4 plus HLM K3V4 with value rotation absorbed into o_proj,3.4738142490386963,0.014545872807502747,13.102219581604004,3,0.004373947624117136,0.036164961755275726,K3V4,64,hadamard_lm,hadamard,model.layers.3.self_attn,3,0.9040312767028809,0.23539572954177856,W3A4,rot_lm,hadamard,attn_rot_lm_w3a4_hlm_k3v4,attn_rot_lm_w3a4_hlm_k3v4,32,64,0.8733828067779541,0.37614503502845764,0.8733810782432556,0.37614375352859497,0.9888795614242554,0.022586339463790257,0.005181749816983938,0.39327508211135864,0.014545872807502747,0.028482859954237938,0.8314453363418579,4,0.0582033209502697,o_proj_absorb,0.06670677661895752,3
16,,baseline,0.0,0.0,0.0,16,0.0,0.0,K16V16,,fp16,,model.layers.4.self_attn,4,1.0,0.0,FP16,fp16,,fp16,fp16,,,1.0,0.0,1.0,0.0,1.0,0.0,0.0,0.0,0.0,0.0,1.0,16,0.0,reference,0.0,16
4,64,MXFP4 W4A4 linear fake quant plus HLM K4V4,2.3013968467712402,0.007191197946667671,10.372298240661621,4,0.006746171973645687,0.015391341410577297,K4V4,64,hadamard_lm,hadamard,model.layers.4.self_attn,4,0.9447730779647827,0.13120026886463165,W4A4,mxfp4,none,attn_mxfp4_w4a4_hlm_k4v4,attn_mxfp4_w4a4_hlm_k4v4,32,64,0.942733645439148,0.14454568922519684,0.9427312016487122,0.14454667270183563,0.9905817707379659,0.019044033251702785,0.007188012823462486,0.24482382833957672,0.007191197946667671,0.011921504512429237,0.881591796875,4,0.04319791495800018,o_proj_absorb,0.05226319655776024,4
4,64,Hadamard-rotated MXFP4 W4A4 linear fake quant plus HLM K4V4,1.5708038806915283,0.004195303190499544,6.673618793487549,4,0.0037110047414898872,0.012364516034722328,K4V4,64,hadamard_lm,hadamard,model.layers.4.self_attn,4,0.9497387409210205,0.10791190713644028,W4A4,rot_mxfp4,hadamard,attn_rot_mxfp4_w4a4_hlm_k4v4,attn_rot_mxfp4_w4a4_hlm_k4v4,32,64,0.9442042112350464,0.12610845267772675,0.9442011117935181,0.12611037492752075,0.9931546250979105,0.013816401828080416,0.0043331836350262165,0.1428288072347641,0.004195303190499544,0.006867910735309124,0.8958740234375,4,0.03340501710772514,o_proj_absorb,0.04242490604519844,4
4,64,rotated LM W4A4 plus HLM K4V4 with value rotation absorbed into o_proj,0.9656447172164917,0.003236525459215045,6.119516849517822,4,0.0023650857619941235,0.011120428331196308,K4V4,64,hadamard_lm,hadamard,model.layers.4.self_attn,4,0.9623064994812012,0.07638994604349136,W4A4,rot_lm,hadamard,attn_rot_lm_w4a4_hlm_k4v4,attn_rot_lm_w4a4_hlm_k4v4,32,64,0.954060971736908,0.09445910155773163,0.9540582895278931,0.09445931017398834,0.995416541894277,0.009194826940074563,0.0028029654640704393,0.11018728464841843,0.003236525459215045,0.0053375475108623505,0.899365246295929,4,0.022416429594159126,o_proj_absorb,0.03141740337014198,4
4,64,rotated LM W3A4 plus HLM K3V4 with value rotation absorbed into o_proj,3.0055530071258545,0.012414156459271908,18.015548706054688,3,0.006411348469555378,0.03700758144259453,K3V4,64,hadamard_lm,hadamard,model.layers.4.self_attn,4,0.8980046510696411,0.24122202396392822,W3A4,rot_lm,hadamard,attn_rot_lm_w3a4_hlm_k3v4,attn_rot_lm_w3a4_hlm_k3v4,32,64,0.8902446627616882,0.2880711257457733,0.8902431726455688,0.2880706489086151,0.989118774731954,0.02199082278336088,0.007026148494333029,0.42263907194137573,0.012414156459271908,0.021710634231567383,0.8330078125,4,0.05253497138619423,o_proj_absorb,0.06163722276687622,3
16,,baseline,0.0,0.0,0.0,16,0.0,0.0,K16V16,,fp16,,model.layers.5.self_attn,5,1.0,0.0,FP16,fp16,,fp16,fp16,,,1.0,0.0,1.0,0.0,1.0,0.0,0.0,0.0,0.0,0.0,1.0,16,0.0,reference,0.0,16
4,64,MXFP4 W4A4 linear fake quant plus HLM K4V4,1.8945473432540894,0.006827022414654493,9.534658432006836,4,0.005584601312875748,0.014014022424817085,K4V4,64,hadamard_lm,hadamard,model.layers.5.self_attn,5,0.934157133102417,0.16747888922691345,W4A4,mxfp4,none,attn_mxfp4_w4a4_hlm_k4v4,attn_mxfp4_w4a4_hlm_k4v4,32,64,0.9315580129623413,0.1893399953842163,0.9315544366836548,0.18933825194835663,0.9908241828282675,0.018634264046947163,0.006071543321013451,0.20506200194358826,0.006827022414654493,0.015703342854976654,0.887451171875,4,0.044246647506952286,o_proj_absorb,0.05357949808239937,4
4,64,Hadamard-rotated MXFP4 W4A4 linear fake quant plus HLM K4V4,1.830430269241333,0.005149343516677618,6.548397064208984,4,0.002962981816381216,0.01140682864934206,K4V4,64,hadamard_lm,hadamard,model.layers.5.self_attn,5,0.9486045241355896,0.12571489810943604,W4A4,rot_mxfp4,hadamard,attn_rot_mxfp4_w4a4_hlm_k4v4,attn_rot_mxfp4_w4a4_hlm_k4v4,32,64,0.937940776348114,0.15944071114063263,0.937937319278717,0.15943850576877594,0.9933063387870789,0.013530177297070622,0.003657376626506448,0.1546698659658432,0.005149343516677618,0.010019049979746342,0.896484375,4,0.033970173448324203,o_proj_absorb,0.042879778891801834,4
4,64,rotated LM W4A4 plus HLM K4V4 with value rotation absorbed into o_proj,0.8719792366027832,0.0034142732620239258,5.803101062774658,4,0.0018121286993846297,0.010303640738129616,K4V4,64,hadamard_lm,hadamard,model.layers.5.self_attn,5,0.957166314125061,0.09202667325735092,W4A4,rot_lm,hadamard,attn_rot_lm_w4a4_hlm_k4v4,attn_rot_lm_w4a4_hlm_k4v4,32,64,0.9505952000617981,0.11373135447502136,0.9505913853645325,0.11373066157102585,0.9954979221026102,0.009027636415945986,0.002350620925426483,0.10255388915538788,0.0034142732620239258,0.00746315810829401,0.8962646722793579,4,0.022920159623026848,o_proj_absorb,0.032354686409235,4
4,64,rotated LM W3A4 plus HLM K3V4 with value rotation absorbed into o_proj,2.769293785095215,0.013310765847563744,17.919044494628906,3,0.005318889860063791,0.03574937582015991,K3V4,64,hadamard_lm,hadamard,model.layers.5.self_attn,5,0.8879607915878296,0.2808128893375397,W3A4,rot_lm,hadamard,attn_rot_lm_w3a4_hlm_k3v4,attn_rot_lm_w3a4_hlm_k3v4,32,64,0.8698108792304993,0.3459504544734955,0.8698075413703918,0.345948189496994,0.9889430006345113,0.02235064748674631,0.006044596899300814,0.3998129963874817,0.013310765847563744,0.025685010477900505,0.834912121295929,4,0.05568845570087433,o_proj_absorb,0.06467336416244507,3
16,,baseline,0.0,0.0,0.0,16,0.0,0.0,K16V16,,fp16,,model.layers.6.self_attn,6,1.0,0.0,FP16,fp16,,fp16,fp16,,,1.0,0.0,1.0,0.0,1.0,0.0,0.0,0.0,0.0,0.0,1.0,16,0.0,reference,0.0,16
4,64,MXFP4 W4A4 linear fake quant plus HLM K4V4,1.669679045677185,0.006914351135492325,12.567240715026855,4,0.005028602667152882,0.013779704459011555,K4V4,64,hadamard_lm,hadamard,model.layers.6.self_attn,6,0.9411690831184387,0.13839058578014374,W4A4,mxfp4,none,attn_mxfp4_w4a4_hlm_k4v4,attn_mxfp4_w4a4_hlm_k4v4,32,64,0.9391535520553589,0.14876008033752441,0.9391506314277649,0.14876121282577515,0.9899890422821045,0.02020727765435974,0.006339338142424822,0.23992295563220978,0.006914351135492325,0.02073477767407894,0.882153332233429,4,0.04925389215350151,o_proj_absorb,0.05787106975913048,4
4,64,Hadamard-rotated MXFP4 W4A4 linear fake quant plus HLM K4V4,1.6270411014556885,0.004942015744745731,8.327736854553223,4,0.002738561714068055,0.011401969939470291,K4V4,64,hadamard_lm,hadamard,model.layers.6.self_attn,6,0.9458187222480774,0.11172462999820709,W4A4,rot_mxfp4,hadamard,attn_rot_mxfp4_w4a4_hlm_k4v4,attn_rot_mxfp4_w4a4_hlm_k4v4,32,64,0.942791223526001,0.1248326525092125,0.9427890181541443,0.12483210116624832,0.9926942189534506,0.014785066014155746,0.0036458810791373253,0.1714843511581421,0.004942015744745731,0.012952509336173534,0.8931884765625,4,0.037970755249261856,o_proj_absorb,0.04654686152935028,4
4,64,rotated LM W4A4 plus HLM K4V4 with value rotation absorbed into o_proj,1.148833990097046,0.004103808663785458,7.793727397918701,4,0.0018482147715985775,0.010585354641079903,K4V4,64,hadamard_lm,hadamard,model.layers.6.self_attn,6,0.9566277265548706,0.08825293928384781,W4A4,rot_lm,hadamard,attn_rot_lm_w4a4_hlm_k4v4,attn_rot_lm_w4a4_hlm_k4v4,32,64,0.9536789059638977,0.09837307780981064,0.9536757469177246,0.09837406873703003,0.9949976007143656,0.01010240699785451,0.002369863213971257,0.14239917695522308,0.004103808663785458,0.010826067999005318,0.895190417766571,4,0.026089143007993698,o_proj_absorb,0.034870587289333344,4
4,64,rotated LM W3A4 plus HLM K3V4 with value rotation absorbed into o_proj,3.3146777153015137,0.0156930610537529,23.863330841064453,3,0.00537957763299346,0.03570689260959625,K3V4,64,hadamard_lm,hadamard,model.layers.6.self_attn,6,0.8934242725372314,0.2316693365573883,W3A4,rot_lm,hadamard,attn_rot_lm_w3a4_hlm_k3v4,attn_rot_lm_w3a4_hlm_k3v4,32,64,0.8817472457885742,0.28008532524108887,0.881743848323822,0.2800886332988739,0.9878674546877543,0.024786181282252073,0.006231279112398624,0.5445377826690674,0.0156930610537529,0.03729186952114105,0.8290771245956421,4,0.06274768710136414,o_proj_absorb,0.07121028006076813,3
16,,baseline,0.0,0.0,0.0,16,0.0,0.0,K16V16,,fp16,,model.layers.7.self_attn,7,1.0,0.0,FP16,fp16,,fp16,fp16,,,1.0,0.0,1.0,0.0,1.0,0.0,0.0,0.0,0.0,0.0,1.0,16,0.0,reference,0.0,16
4,64,MXFP4 W4A4 linear fake quant plus HLM K4V4,1.169034481048584,0.01238262839615345,9.200217247009277,4,0.006944808177649975,0.015359420329332352,K4V4,64,hadamard_lm,hadamard,model.layers.7.self_attn,7,0.9420341849327087,0.13021788001060486,W4A4,mxfp4,none,attn_mxfp4_w4a4_hlm_k4v4,attn_mxfp4_w4a4_hlm_k4v4,32,64,0.953538179397583,0.10579331964254379,0.9535344839096069,0.10579320788383484,0.9892072677612305,0.021885891755421955,0.008207150734961033,0.16510717570781708,0.01238262839615345,0.024344898760318756,0.857373058795929,4,0.05050571635365486,o_proj_absorb,0.059605564922094345,4
4,64,Hadamard-rotated MXFP4 W4A4 linear fake quant plus HLM K4V4,1.1651889085769653,0.007917833514511585,5.399109840393066,4,0.003358747810125351,0.011833308264613152,K4V4,64,hadamard_lm,hadamard,model.layers.7.self_attn,7,0.9437540769577026,0.11136674880981445,W4A4,rot_mxfp4,hadamard,attn_rot_mxfp4_w4a4_hlm_k4v4,attn_rot_mxfp4_w4a4_hlm_k4v4,32,64,0.9506770968437195,0.10086584091186523,0.9506728649139404,0.10086654871702194,0.9921286304791769,0.015902557255079348,0.004457815084606409,0.1055746078491211,0.007917833514511585,0.012211896479129791,0.8829345703125,4,0.03989110887050629,o_proj_absorb,0.04886215180158615,4
4,64,rotated LM W4A4 plus HLM K4V4 with value rotation absorbed into o_proj,0.6791036128997803,0.006182369776070118,4.814615249633789,4,0.0022995718754827976,0.010821351781487465,K4V4,64,hadamard_lm,hadamard,model.layers.7.self_attn,7,0.9593924283981323,0.08526291698217392,W4A4,rot_lm,hadamard,attn_rot_lm_w4a4_hlm_k4v4,attn_rot_lm_w4a4_hlm_k4v4,32,64,0.9625450372695923,0.08267398178577423,0.9625412225723267,0.08267389982938766,0.9946630994478861,0.010747265148287019,0.0029409320559352636,0.08243432641029358,0.006182369776070118,0.012864584103226662,0.888964831829071,4,0.027001291513442993,o_proj_absorb,0.03621469438076019,4
4,64,rotated LM W3A4 plus HLM K3V4 with value rotation absorbed into o_proj,1.9727227687835693,0.022220203652977943,15.070233345031738,3,0.006089857313781977,0.03591856732964516,K3V4,64,hadamard_lm,hadamard,model.layers.7.self_attn,7,0.8828235864639282,0.2827550768852234,W3A4,rot_lm,hadamard,attn_rot_lm_w3a4_hlm_k3v4,attn_rot_lm_w3a4_hlm_k3v4,32,64,0.8965966701507568,0.28041020035743713,0.8965927362442017,0.2804112136363983,0.9873860875765482,0.02564816176891327,0.007571795489639044,0.2962791919708252,0.022220203652977943,0.05178041011095047,0.811230480670929,4,0.06328283250331879,o_proj_absorb,0.07173848152160645,3
16,,baseline,0.0,0.0,0.0,16,0.0,0.0,K16V16,,fp16,,model.layers.8.self_attn,8,1.0,0.0,FP16,fp16,,fp16,fp16,,,1.0,0.0,1.0,0.0,1.0,0.0,0.0,0.0,0.0,0.0,1.0,16,0.0,reference,0.0,16
4,64,MXFP4 W4A4 linear fake quant plus HLM K4V4,1.7001795768737793,0.006230050232261419,22.158079147338867,4,0.008452779613435268,0.017125971615314484,K4V4,64,hadamard_lm,hadamard,model.layers.8.self_attn,8,0.9221961498260498,0.1569090634584427,W4A4,mxfp4,none,attn_mxfp4_w4a4_hlm_k4v4,attn_mxfp4_w4a4_hlm_k4v4,32,64,0.9297793507575989,0.1513679176568985,0.9297766089439392,0.15136966109275818,0.9862829645474752,0.027629311196506023,0.009950490668416023,0.3913857638835907,0.006230050232261419,0.018940243870019913,0.890942394733429,4,0.06448466330766678,o_proj_absorb,0.07249027490615845,4
4,64,Hadamard-rotated MXFP4 W4A4 linear fake quant plus HLM K4V4,2.3006751537323,0.0042284103110432625,11.70773983001709,4,0.00413147546350956,0.012776799499988556,K4V4,64,hadamard_lm,hadamard,model.layers.8.self_attn,8,0.9389171600341797,0.1262073665857315,W4A4,rot_mxfp4,hadamard,attn_rot_mxfp4_w4a4_hlm_k4v4,attn_rot_mxfp4_w4a4_hlm_k4v4,32,64,0.9471715092658997,0.11462702602148056,0.947169840335846,0.11462636291980743,0.9899954199790955,0.020191027782857418,0.006469140760600567,0.26563823223114014,0.0042284103110432625,0.012723814696073532,0.909716784954071,4,0.04997246712446213,o_proj_absorb,0.058471404016017914,4
4,64,rotated LM W4A4 plus HLM K4V4 with value rotation absorbed into o_proj,1.5361894369125366,0.003131389617919922,10.23026180267334,4,0.0027142802719026804,0.011407410725951195,K4V4,64,hadamard_lm,hadamard,model.layers.8.self_attn,8,0.9547669291496277,0.09227662533521652,W4A4,rot_lm,hadamard,attn_rot_lm_w4a4_hlm_k4v4,attn_rot_lm_w4a4_hlm_k4v4,32,64,0.9606084823608398,0.08613871037960052,0.9606066346168518,0.08613808453083038,0.9929603536923727,0.014222275698557496,0.004311219323426485,0.1967209279537201,0.003131389617919922,0.01118207722902298,0.9079345464706421,4,0.03564132750034332,o_proj_absorb,0.044292137026786804,4
4,64,rotated LM W3A4 plus HLM K3V4 with value rotation absorbed into o_proj,4.53684139251709,0.013870333321392536,35.18446350097656,3,0.007481059059500694,0.03843430429697037,K3V4,64,hadamard_lm,hadamard,model.layers.8.self_attn,8,0.8632041811943054,0.30959752202033997,W3A4,rot_lm,hadamard,attn_rot_lm_w3a4_hlm_k3v4,attn_rot_lm_w3a4_hlm_k3v4,32,64,0.8880618810653687,0.30674630403518677,0.8880605101585388,0.3067464530467987,0.983845849831899,0.03280050835261742,0.010683867149055004,0.871365487575531,0.013870333321392536,0.04259401559829712,0.8480224609375,4,0.08023659884929657,o_proj_absorb,0.08891741931438446,3
16,,baseline,0.0,0.0,0.0,16,0.0,0.0,K16V16,,fp16,,model.layers.9.self_attn,9,1.0,0.0,FP16,fp16,,fp16,fp16,,,1.0,0.0,1.0,0.0,1.0,0.0,0.0,0.0,0.0,0.0,1.0,16,0.0,reference,0.0,16
4,64,MXFP4 W4A4 linear fake quant plus HLM K4V4,1.8547782897949219,0.008078989572823048,10.768921852111816,4,0.005446631461381912,0.013889631256461143,K4V4,64,hadamard_lm,hadamard,model.layers.9.self_attn,9,0.9421844482421875,0.12120389193296432,W4A4,mxfp4,none,attn_mxfp4_w4a4_hlm_k4v4,attn_mxfp4_w4a4_hlm_k4v4,32,64,0.9593534469604492,0.09044444561004639,0.9593514800071716,0.09044500440359116,0.9897609353065491,0.020599661394953728,0.008053330704569817,0.2220175862312317,0.008078989572823048,0.021353015676140785,0.905444324016571,4,0.048299022018909454,o_proj_absorb,0.05732813850045204,4
4,64,Hadamard-rotated MXFP4 W4A4 linear fake quant plus HLM K4V4,1.4284745454788208,0.005332002881914377,7.337254047393799,4,0.002994542708620429,0.011471531353890896,K4V4,64,hadamard_lm,hadamard,model.layers.9.self_attn,9,0.9456016421318054,0.10864417999982834,W4A4,rot_mxfp4,hadamard,attn_rot_mxfp4_w4a4_hlm_k4v4,attn_rot_mxfp4_w4a4_hlm_k4v4,32,64,0.9602953195571899,0.08110915124416351,0.9602936506271362,0.0811089351773262,0.9924928347269694,0.015170267705495158,0.004857557825744152,0.14652803540229797,0.005332002881914377,0.013279655948281288,0.917724609375,4,0.037658702582120895,o_proj_absorb,0.04653514549136162,4
4,64,rotated LM W4A4 plus HLM K4V4 with value rotation absorbed into o_proj,0.9033546447753906,0.004119995050132275,6.430095672607422,4,0.0020332823041826487,0.010531682521104813,K4V4,64,hadamard_lm,hadamard,model.layers.9.self_attn,9,0.9612306356430054,0.07794801890850067,W4A4,rot_lm,hadamard,attn_rot_lm_w4a4_hlm_k4v4,attn_rot_lm_w4a4_hlm_k4v4,32,64,0.9718412756919861,0.058519165962934494,0.9718396067619324,0.05851897597312927,0.9949941635131836,0.010081408312544227,0.0031565139070153236,0.11322101205587387,0.004119995050132275,0.011883532628417015,0.9176025390625,4,0.025054428726434708,o_proj_absorb,0.03370686247944832,4
4,64,rotated LM W3A4 plus HLM K3V4 with value rotation absorbed into o_proj,2.6886792182922363,0.016776474192738533,22.27705192565918,3,0.0054897116497159,0.0351635217666626,K3V4,64,hadamard_lm,hadamard,model.layers.9.self_attn,9,0.8956570029258728,0.2116481512784958,W3A4,rot_lm,hadamard,attn_rot_lm_w3a4_hlm_k3v4,attn_rot_lm_w3a4_hlm_k3v4,32,64,0.9204872250556946,0.17018887400627136,0.9204854965209961,0.17018945515155792,0.988409698009491,0.02353254333138466,0.008146855048835278,0.461031973361969,0.016776474192738533,0.04295618087053299,0.8566650152206421,4,0.0569610632956028,o_proj_absorb,0.0653219223022461,3
16,,baseline,0.0,0.0,0.0,16,0.0,0.0,K16V16,,fp16,,model.layers.10.self_attn,10,1.0,0.0,FP16,fp16,,fp16,fp16,,,1.0,0.0,1.0,0.0,1.0,0.0,0.0,0.0,0.0,0.0,1.0,16,0.0,reference,0.0,16
4,64,MXFP4 W4A4 linear fake quant plus HLM K4V4,1.4273313283920288,0.009029285982251167,11.942574501037598,4,0.005944902542978525,0.014354272745549679,K4V4,64,hadamard_lm,hadamard,model.layers.10.self_attn,10,0.9449458718299866,0.11014344543218613,W4A4,mxfp4,none,attn_mxfp4_w4a4_hlm_k4v4,attn_mxfp4_w4a4_hlm_k4v4,32,64,0.9540554881095886,0.09564300626516342,0.9540519118309021,0.09564258903265,0.9903172453244528,0.01950364156315724,0.007055145222693682,0.2184351533651352,0.009029285982251167,0.023201068863272667,0.901416003704071,4,0.045510876923799515,o_proj_absorb,0.054246410727500916,4
4,64,Hadamard-rotated MXFP4 W4A4 linear fake quant plus HLM K4V4,1.6874130964279175,0.007123168092221022,8.18128490447998,4,0.0034714764915406704,0.011973511427640915,K4V4,64,hadamard_lm,hadamard,model.layers.10.self_attn,10,0.9485498070716858,0.1042674258351326,W4A4,rot_mxfp4,hadamard,attn_rot_mxfp4_w4a4_hlm_k4v4,attn_rot_mxfp4_w4a4_hlm_k4v4,32,64,0.9528534412384033,0.10090392827987671,0.9528494477272034,0.10090435296297073,0.9927363793055216,0.014647336366275946,0.004374492447823286,0.17232263088226318,0.007123168092221022,0.016829190775752068,0.914111316204071,4,0.03609604015946388,o_proj_absorb,0.0451686829328537,4
4,64,rotated LM W4A4 plus HLM K4V4 with value rotation absorbed into o_proj,0.8661074638366699,0.005568730644881725,7.871804237365723,4,0.0022103730589151382,0.010736232623457909,K4V4,64,hadamard_lm,hadamard,model.layers.10.self_attn,10,0.9615110158920288,0.07576709985733032,W4A4,rot_lm,hadamard,attn_rot_lm_w4a4_hlm_k4v4,attn_rot_lm_w4a4_hlm_k4v4,32,64,0.9645248651504517,0.07083232700824738,0.9645212292671204,0.07083193212747574,0.9952122767766317,0.009602329693734646,0.0028599901124835014,0.1347179114818573,0.005568730644881725,0.014651414006948471,0.914721667766571,4,0.023736625909805298,o_proj_absorb,0.032750122249126434,4
4,64,rotated LM W3A4 plus HLM K3V4 with value rotation absorbed into o_proj,2.271615743637085,0.01897369511425495,24.216325759887695,3,0.005655798129737377,0.03584553673863411,K3V4,64,hadamard_lm,hadamard,model.layers.10.self_attn,10,0.8802565932273865,0.23804698884487152,W3A4,rot_lm,hadamard,attn_rot_lm_w3a4_hlm_k3v4,attn_rot_lm_w3a4_hlm_k3v4,32,64,0.8960927128791809,0.23009170591831207,0.8960890769958496,0.23009122908115387,0.9885580738385519,0.023063297383487225,0.0070753153413534164,0.4590088129043579,0.01897369511425495,0.052615173161029816,0.8555663824081421,4,0.05645877867937088,o_proj_absorb,0.06526504456996918,3
16,,baseline,0.0,0.0,0.0,16,0.0,0.0,K16V16,,fp16,,model.layers.11.self_attn,11,1.0,0.0,FP16,fp16,,fp16,fp16,,,1.0,0.0,1.0,0.0,1.0,0.0,0.0,0.0,0.0,0.0,1.0,16,0.0,reference,0.0,16
4,64,MXFP4 W4A4 linear fake quant plus HLM K4V4,1.5782928466796875,0.010673793964087963,15.161623001098633,4,0.007723767776042223,0.01645559072494507,K4V4,64,hadamard_lm,hadamard,model.layers.11.self_attn,11,0.9294813871383667,0.14565332233905792,W4A4,mxfp4,none,attn_mxfp4_w4a4_hlm_k4v4,attn_mxfp4_w4a4_hlm_k4v4,32,64,0.948691189289093,0.10870492458343506,0.9486870765686035,0.10870496183633804,0.9900741577148438,0.01996689864123861,0.009514650329947472,0.27582237124443054,0.010673793964087963,0.028001755475997925,0.890087902545929,4,0.042662277817726135,o_proj_absorb,0.05139628425240517,4
4,64,Hadamard-rotated MXFP4 W4A4 linear fake quant plus HLM K4V4,1.342102289199829,0.007203581277281046,10.112253189086914,4,0.004464456345885992,0.012973204255104065,K4V4,64,hadamard_lm,hadamard,model.layers.11.self_attn,11,0.9388652443885803,0.12472234666347504,W4A4,rot_mxfp4,hadamard,attn_rot_mxfp4_w4a4_hlm_k4v4,attn_rot_mxfp4_w4a4_hlm_k4v4,32,64,0.9565688371658325,0.0919327661395073,0.9565642476081848,0.09193342924118042,0.9928488930066427,0.014422294373313585,0.006077286321669817,0.18614831566810608,0.007203581277281046,0.019549310207366943,0.9023681879043579,4,0.03272514045238495,o_proj_absorb,0.04211464151740074,4
4,64,rotated LM W4A4 plus HLM K4V4 with value rotation absorbed into o_proj,0.7812822461128235,0.004882842302322388,7.464984893798828,4,0.0027949886862188578,0.011501352302730083,K4V4,64,hadamard_lm,hadamard,model.layers.11.self_attn,11,0.9551008343696594,0.0939289927482605,W4A4,rot_lm,hadamard,attn_rot_lm_w4a4_hlm_k4v4,attn_rot_lm_w4a4_hlm_k4v4,32,64,0.9664199352264404,0.07178722321987152,0.9664156436920166,0.07178714871406555,0.995102604230245,0.009836438034350673,0.004038138780742884,0.12617792189121246,0.004882842302322388,0.015325918793678284,0.909960925579071,4,0.02267618663609028,o_proj_absorb,0.031635135412216187,4
4,64,rotated LM W3A4 plus HLM K3V4 with value rotation absorbed into o_proj,2.3039660453796387,0.017916647717356682,24.32281494140625,3,0.006630011834204197,0.03772030770778656,K3V4,64,hadamard_lm,hadamard,model.layers.11.self_attn,11,0.8826907873153687,0.24566319584846497,W3A4,rot_lm,hadamard,attn_rot_lm_w3a4_hlm_k3v4,attn_rot_lm_w3a4_hlm_k3v4,32,64,0.9053360819816589,0.21284925937652588,0.9053323864936829,0.21284888684749603,0.9885099331537882,0.02320519865800937,0.01026073843240738,0.4629855155944824,0.017916647717356682,0.048775799572467804,0.8455566167831421,4,0.052724845707416534,o_proj_absorb,0.061129625886678696,3
16,,baseline,0.0,0.0,0.0,16,0.0,0.0,K16V16,,fp16,,model.layers.12.self_attn,12,1.0,0.0,FP16,fp16,,fp16,fp16,,,1.0,0.0,1.0,0.0,1.0,0.0,0.0,0.0,0.0,0.0,1.0,16,0.0,reference,0.0,16
4,64,MXFP4 W4A4 linear fake quant plus HLM K4V4,0.8422877192497253,0.011404342949390411,11.347384452819824,4,0.00676387082785368,0.015241645276546478,K4V4,64,hadamard_lm,hadamard,model.layers.12.self_attn,12,0.9392515420913696,0.12279841303825378,W4A4,mxfp4,none,attn_mxfp4_w4a4_hlm_k4v4,attn_mxfp4_w4a4_hlm_k4v4,32,64,0.9570186734199524,0.08896572887897491,0.9570136070251465,0.08896579593420029,0.9876015981038412,0.025050893425941467,0.00934941042214632,0.18838801980018616,0.011404342949390411,0.027118107303977013,0.889404296875,4,0.0590393990278244,o_proj_absorb,0.06844440847635269,4
4,64,Hadamard-rotated MXFP4 W4A4 linear fake quant plus HLM K4V4,1.252371072769165,0.00785544328391552,6.736453533172607,4,0.003326397156342864,0.011713515035808086,K4V4,64,hadamard_lm,hadamard,model.layers.12.self_attn,12,0.942018449306488,0.11645295470952988,W4A4,rot_mxfp4,hadamard,attn_rot_mxfp4_w4a4_hlm_k4v4,attn_rot_mxfp4_w4a4_hlm_k4v4,32,64,0.9565040469169617,0.09086260944604874,0.956498920917511,0.09086290746927261,0.9911016821861267,0.01795859766813616,0.005616892594844103,0.12976385653018951,0.00785544328391552,0.021135864779353142,0.9016357660293579,4,0.04493250325322151,o_proj_absorb,0.05385449528694153,4
4,64,rotated LM W4A4 plus HLM K4V4 with value rotation absorbed into o_proj,0.9400595426559448,0.006634026300162077,6.1298747062683105,4,0.0021914297249168158,0.010645963251590729,K4V4,64,hadamard_lm,hadamard,model.layers.12.self_attn,12,0.9568347334861755,0.08854565024375916,W4A4,rot_lm,hadamard,attn_rot_lm_w4a4_hlm_k4v4,attn_rot_lm_w4a4_hlm_k4v4,32,64,0.96665358543396,0.06945456564426422,0.9666481018066406,0.06945527344942093,0.993647038936615,0.01278003677725792,0.0036963021848350763,0.10958729684352875,0.006634026300162077,0.018105484545230865,0.908398449420929,4,0.032452378422021866,o_proj_absorb,0.041403356939554214,4
4,64,rotated LM W3A4 plus HLM K3V4 with value rotation absorbed into o_proj,2.1068456172943115,0.02149711176753044,18.28825569152832,3,0.005818456411361694,0.03554164245724678,K3V4,64,hadamard_lm,hadamard,model.layers.12.self_attn,12,0.8886966705322266,0.2288881540298462,W3A4,rot_lm,hadamard,attn_rot_lm_w3a4_hlm_k3v4,attn_rot_lm_w3a4_hlm_k3v4,32,64,0.9093251824378967,0.19514383375644684,0.9093201160430908,0.19514437019824982,0.985731820265452,0.028924452761809032,0.009207397699356079,0.35511019825935364,0.02149711176753044,0.056135356426239014,0.8503173589706421,4,0.07174750417470932,o_proj_absorb,0.07996025681495667,3
16,,baseline,0.0,0.0,0.0,16,0.0,0.0,K16V16,,fp16,,model.layers.13.self_attn,13,1.0,0.0,FP16,fp16,,fp16,fp16,,,1.0,0.0,1.0,0.0,1.0,0.0,0.0,0.0,0.0,0.0,1.0,16,0.0,reference,0.0,16
4,64,MXFP4 W4A4 linear fake quant plus HLM K4V4,0.5714073181152344,0.011908364482223988,13.790031433105469,4,0.006640899460762739,0.01542149018496275,K4V4,64,hadamard_lm,hadamard,model.layers.13.self_attn,13,0.9442889094352722,0.11007178574800491,W4A4,mxfp4,none,attn_mxfp4_w4a4_hlm_k4v4,attn_mxfp4_w4a4_hlm_k4v4,32,64,0.96307373046875,0.07394800335168839,0.963069498538971,0.07394801825284958,0.9904345472653707,0.01927308350180586,0.008909180760383606,0.220570906996727,0.011908364482223988,0.03642676770687103,0.8871825933456421,4,0.04226917028427124,o_proj_absorb,0.05128163844347,4
4,64,Hadamard-rotated MXFP4 W4A4 linear fake quant plus HLM K4V4,1.2792003154754639,0.009167581796646118,9.23117733001709,4,0.003777900477871299,0.012413233518600464,K4V4,64,hadamard_lm,hadamard,model.layers.13.self_attn,13,0.9466195106506348,0.1058354377746582,W4A4,rot_mxfp4,hadamard,attn_rot_mxfp4_w4a4_hlm_k4v4,attn_rot_mxfp4_w4a4_hlm_k4v4,32,64,0.963339626789093,0.07405095547437668,0.9633352160453796,0.07405079156160355,0.9930377205212911,0.014031481851513187,0.005549420602619648,0.16980516910552979,0.009167581796646118,0.02626783214509487,0.901684582233429,4,0.032767124474048615,o_proj_absorb,0.041714947670698166,4
4,64,rotated LM W4A4 plus HLM K4V4 with value rotation absorbed into o_proj,0.6485456824302673,0.006569289602339268,7.366824150085449,4,0.002457078080624342,0.011080469936132431,K4V4,64,hadamard_lm,hadamard,model.layers.13.self_attn,13,0.9623541235923767,0.0746927559375763,W4A4,rot_lm,hadamard,attn_rot_lm_w4a4_hlm_k4v4,attn_rot_lm_w4a4_hlm_k4v4,32,64,0.9744555950164795,0.05086265504360199,0.9744513034820557,0.05086240544915199,0.9952352245648702,0.009584240537757674,0.003629854181781411,0.1216786801815033,0.006569289602339268,0.0199277363717556,0.9111572504043579,4,0.02266578935086727,o_proj_absorb,0.03155456483364105,4
4,64,rotated LM W3A4 plus HLM K3V4 with value rotation absorbed into o_proj,2.283998489379883,0.026087142527103424,25.707841873168945,3,0.0060727777890861034,0.036844395101070404,K3V4,64,hadamard_lm,hadamard,model.layers.13.self_attn,13,0.8989465236663818,0.20855563879013062,W3A4,rot_lm,hadamard,attn_rot_lm_w3a4_hlm_k3v4,attn_rot_lm_w3a4_hlm_k3v4,32,64,0.9248135089874268,0.1629461944103241,0.9248090386390686,0.1629469245672226,0.9886986017227173,0.022818233041713636,0.009106533601880074,0.4831951856613159,0.026087142527103424,0.07367875427007675,0.842968761920929,4,0.05327538773417473,o_proj_absorb,0.062112145125865936,3
16,,baseline,0.0,0.0,0.0,16,0.0,0.0,K16V16,,fp16,,model.layers.14.self_attn,14,1.0,0.0,FP16,fp16,,fp16,fp16,,,1.0,0.0,1.0,0.0,1.0,0.0,0.0,0.0,0.0,0.0,1.0,16,0.0,reference,0.0,16
4,64,MXFP4 W4A4 linear fake quant plus HLM K4V4,2.2448084354400635,0.013076662085950375,13.799947738647461,4,0.006381646264344454,0.01492384821176529,K4V4,64,hadamard_lm,hadamard,model.layers.14.self_attn,14,0.9401059746742249,0.1188211515545845,W4A4,mxfp4,none,attn_mxfp4_w4a4_hlm_k4v4,attn_mxfp4_w4a4_hlm_k4v4,32,64,0.9552767276763916,0.09310396015644073,0.9552733302116394,0.09310293197631836,0.9904006520907084,0.01944336590046684,0.006999229080975056,0.2943611443042755,0.013076662085950375,0.039757028222084045,0.9003661870956421,4,0.04494922235608101,o_proj_absorb,0.05363645404577255,4
4,64,Hadamard-rotated MXFP4 W4A4 linear fake quant plus HLM K4V4,0.9528191089630127,0.007112837862223387,9.33936595916748,4,0.0035777331795543432,0.012132731266319752,K4V4,64,hadamard_lm,hadamard,model.layers.14.self_attn,14,0.9525235891342163,0.09270402044057846,W4A4,rot_mxfp4,hadamard,attn_rot_mxfp4_w4a4_hlm_k4v4,attn_rot_mxfp4_w4a4_hlm_k4v4,32,64,0.9667777419090271,0.06558077037334442,0.9667738676071167,0.0655810609459877,0.9931053717931112,0.013927614238734046,0.004256494343280792,0.16011296212673187,0.007112837862223387,0.021746542304754257,0.9076904058456421,4,0.033948615193367004,o_proj_absorb,0.04310332611203194,4
4,64,rotated LM W4A4 plus HLM K4V4 with value rotation absorbed into o_proj,0.9362840056419373,0.006344916764646769,8.264283180236816,4,0.002438686788082123,0.011098283343017101,K4V4,64,hadamard_lm,hadamard,model.layers.14.self_attn,14,0.9647356271743774,0.07014719396829605,W4A4,rot_lm,hadamard,attn_rot_lm_w4a4_hlm_k4v4,attn_rot_lm_w4a4_hlm_k4v4,32,64,0.9730534553527832,0.05454229936003685,0.9730496406555176,0.05454254895448685,0.9953384002049764,0.009380872438972196,0.0027929164934903383,0.14282673597335815,0.006344916764646769,0.020988576114177704,0.912109375,4,0.022911014035344124,o_proj_absorb,0.032180823385715485,4
4,64,rotated LM W3A4 plus HLM K3V4 with value rotation absorbed into o_proj,1.885575294494629,0.01996799372136593,25.21183204650879,3,0.006120733451098204,0.03690240904688835,K3V4,64,hadamard_lm,hadamard,model.layers.14.self_attn,14,0.8970003128051758,0.20236937701702118,W3A4,rot_lm,hadamard,attn_rot_lm_w3a4_hlm_k3v4,attn_rot_lm_w3a4_hlm_k3v4,32,64,0.9242172837257385,0.155194491147995,0.9242136478424072,0.1551942080259323,0.9887087941169739,0.022865403443574905,0.007009700406342745,0.44948792457580566,0.01996799372136593,0.06476829946041107,0.853320300579071,4,0.05546577647328377,o_proj_absorb,0.06422926485538483,3
16,,baseline,0.0,0.0,0.0,16,0.0,0.0,K16V16,,fp16,,model.layers.15.self_attn,15,1.0,0.0,FP16,fp16,,fp16,fp16,,,1.0,0.0,1.0,0.0,1.0,0.0,0.0,0.0,0.0,0.0,1.0,16,0.0,reference,0.0,16
4,64,MXFP4 W4A4 linear fake quant plus HLM K4V4,1.1999479532241821,0.007815674878656864,15.949034690856934,4,0.00656890170648694,0.015160794369876385,K4V4,64,hadamard_lm,hadamard,model.layers.15.self_attn,15,0.952106237411499,0.09451822936534882,W4A4,mxfp4,none,attn_mxfp4_w4a4_hlm_k4v4,attn_mxfp4_w4a4_hlm_k4v4,32,64,0.9634357690811157,0.07355740666389465,0.9634335041046143,0.0735568180680275,0.990969697634379,0.01817301893606782,0.008886962197721004,0.2717016935348511,0.007815674878656864,0.023587921634316444,0.8902832269668579,4,0.039063192903995514,o_proj_absorb,0.047574568539857864,4
4,64,Hadamard-rotated MXFP4 W4A4 linear fake quant plus HLM K4V4,1.5018658638000488,0.005871853791177273,10.808547019958496,4,0.003574512666091323,0.012180971913039684,K4V4,64,hadamard_lm,hadamard,model.layers.15.self_attn,15,0.9589835405349731,0.08103407919406891,W4A4,rot_mxfp4,hadamard,attn_rot_mxfp4_w4a4_hlm_k4v4,attn_rot_mxfp4_w4a4_hlm_k4v4,32,64,0.9685581922531128,0.0628928691148758,0.9685555696487427,0.06289298087358475,0.9936544497807821,0.012802649832641086,0.0058895982801914215,0.20412731170654297,0.005871853791177273,0.01839006319642067,0.9007323980331421,4,0.02894383855164051,o_proj_absorb,0.03780011460185051,4
4,64,rotated LM W4A4 plus HLM K4V4 with value rotation absorbed into o_proj,1.1919941902160645,0.004578744061291218,8.766286849975586,4,0.0023012415040284395,0.010862014256417751,K4V4,64,hadamard_lm,hadamard,model.layers.15.self_attn,15,0.9702328443527222,0.05935084447264671,W4A4,rot_lm,hadamard,attn_rot_lm_w4a4_hlm_k4v4,attn_rot_lm_w4a4_hlm_k4v4,32,64,0.9760873317718506,0.048374827951192856,0.9760852456092834,0.04837413504719734,0.9956756234169006,0.00870578883526226,0.0038669495843350887,0.15917403995990753,0.004578744061291218,0.01463589072227478,0.908276379108429,4,0.01994917541742325,o_proj_absorb,0.028954502195119858,4
4,64,rotated LM W3A4 plus HLM K3V4 with value rotation absorbed into o_proj,2.830641269683838,0.015459069050848484,26.381986618041992,3,0.006351093295961618,0.036358896642923355,K3V4,64,hadamard_lm,hadamard,model.layers.15.self_attn,15,0.9120905995368958,0.17028072476387024,W3A4,rot_lm,hadamard,attn_rot_lm_w3a4_hlm_k3v4,attn_rot_lm_w3a4_hlm_k3v4,32,64,0.9273518919944763,0.14582675695419312,0.9273496866226196,0.14582578837871552,0.9898640513420105,0.02065201864267389,0.009771449491381645,0.5374143123626709,0.015459069050848484,0.050072524696588516,0.8460448980331421,4,0.045833513140678406,o_proj_absorb,0.05453815683722496,3
16,,baseline,0.0,0.0,0.0,16,0.0,0.0,K16V16,,fp16,,model.layers.16.self_attn,16,1.0,0.0,FP16,fp16,,fp16,fp16,,,1.0,0.0,1.0,0.0,1.0,0.0,0.0,0.0,0.0,0.0,1.0,16,0.0,reference,0.0,16
4,64,MXFP4 W4A4 linear fake quant plus HLM K4V4,1.6102542877197266,0.01334309857338667,16.629154205322266,4,0.007010713219642639,0.015544665046036243,K4V4,64,hadamard_lm,hadamard,model.layers.16.self_attn,16,0.9424538612365723,0.11552396416664124,W4A4,mxfp4,none,attn_mxfp4_w4a4_hlm_k4v4,attn_mxfp4_w4a4_hlm_k4v4,32,64,0.9582222104072571,0.08479442447423935,0.9582180976867676,0.08479497581720352,0.9891301194826762,0.02191245835274458,0.009469200856983662,0.30034488439559937,0.01334309857338667,0.03250514715909958,0.8879638910293579,4,0.04925746098160744,o_proj_absorb,0.05859614163637161,4
4,64,Hadamard-rotated MXFP4 W4A4 linear fake quant plus HLM K4V4,1.0833632946014404,0.007670902647078037,9.877028465270996,4,0.0039019512478262186,0.012428139336407185,K4V4,64,hadamard_lm,hadamard,model.layers.16.self_attn,16,0.9509376287460327,0.10057906061410904,W4A4,rot_mxfp4,hadamard,attn_rot_mxfp4_w4a4_hlm_k4v4,attn_rot_mxfp4_w4a4_hlm_k4v4,32,64,0.9645876884460449,0.07211434841156006,0.9645839929580688,0.07211413234472275,0.9920454621315002,0.016066769370809197,0.0059079066850245,0.1726672649383545,0.007670902647078037,0.02115583047270775,0.9033447504043579,4,0.038390450179576874,o_proj_absorb,0.047172632068395615,4
4,64,rotated LM W4A4 plus HLM K4V4 with value rotation absorbed into o_proj,0.7005533576011658,0.006192145869135857,8.429632186889648,4,0.0024416884407401085,0.01104013528674841,K4V4,64,hadamard_lm,hadamard,model.layers.16.self_attn,16,0.9614260196685791,0.07695247232913971,W4A4,rot_lm,hadamard,attn_rot_lm_w4a4_hlm_k4v4,attn_rot_lm_w4a4_hlm_k4v4,32,64,0.9715044498443604,0.057170264422893524,0.971500813961029,0.05716998130083084,0.9946609735488892,0.010718426667153835,0.0038443412631750107,0.13938136398792267,0.006192145869135857,0.01862955279648304,0.909228503704071,4,0.025869250297546387,o_proj_absorb,0.03528540953993797,4
4,64,rotated LM W3A4 plus HLM K3V4 with value rotation absorbed into o_proj,2.363816261291504,0.022683588787913322,27.090360641479492,3,0.006320280022919178,0.03732934966683388,K3V4,64,hadamard_lm,hadamard,model.layers.16.self_attn,16,0.9009857177734375,0.21361148357391357,W3A4,rot_lm,hadamard,attn_rot_lm_w3a4_hlm_k3v4,attn_rot_lm_w3a4_hlm_k3v4,32,64,0.9213570356369019,0.17731915414333344,0.9213536381721497,0.17731896042823792,0.9874011675516764,0.025455863835910957,0.00965341180562973,0.5105935335159302,0.022683588787913322,0.06654082238674164,0.8409423828125,4,0.06039389967918396,o_proj_absorb,0.06972292065620422,3
16,,baseline,0.0,0.0,0.0,16,0.0,0.0,K16V16,,fp16,,model.layers.17.self_attn,17,1.0,0.0,FP16,fp16,,fp16,fp16,,,1.0,0.0,1.0,0.0,1.0,0.0,0.0,0.0,0.0,0.0,1.0,16,0.0,reference,0.0,16
4,64,MXFP4 W4A4 linear fake quant plus HLM K4V4,1.7677677869796753,0.011039698496460915,15.909151077270508,4,0.007750715594738722,0.01631123386323452,K4V4,64,hadamard_lm,hadamard,model.layers.17.self_attn,17,0.9158369898796082,0.1736932247877121,W4A4,mxfp4,none,attn_mxfp4_w4a4_hlm_k4v4,attn_mxfp4_w4a4_hlm_k4v4,32,64,0.9297528862953186,0.14864680171012878,0.9297491312026978,0.14864739775657654,0.9872205456097921,0.025953024470557768,0.008403334766626358,0.2974086403846741,0.011039698496460915,0.031189778819680214,0.8863525390625,4,0.06170502305030823,o_proj_absorb,0.07015236467123032,4
4,64,Hadamard-rotated MXFP4 W4A4 linear fake quant plus HLM K4V4,1.646596908569336,0.006918124854564667,9.216638565063477,4,0.0042018280364573,0.012921162880957127,K4V4,64,hadamard_lm,hadamard,model.layers.17.self_attn,17,0.9240286946296692,0.15385711193084717,W4A4,rot_mxfp4,hadamard,attn_rot_mxfp4_w4a4_hlm_k4v4,attn_rot_mxfp4_w4a4_hlm_k4v4,32,64,0.9395438432693481,0.12893931567668915,0.9395403265953064,0.1289394497871399,0.9907928109169006,0.018637970555573702,0.005215666256844997,0.1863737553358078,0.006918124854564667,0.019372111186385155,0.9068359136581421,4,0.04649641737341881,o_proj_absorb,0.05508359521627426,4
4,64,rotated LM W4A4 plus HLM K4V4 with value rotation absorbed into o_proj,1.0047171115875244,0.005253639072179794,8.048632621765137,4,0.002698963275179267,0.011432790197432041,K4V4,64,hadamard_lm,hadamard,model.layers.17.self_attn,17,0.9478919506072998,0.10353118181228638,W4A4,rot_lm,hadamard,attn_rot_lm_w4a4_hlm_k4v4,attn_rot_lm_w4a4_hlm_k4v4,32,64,0.9562899470329285,0.08803422749042511,0.9562858939170837,0.08803525567054749,0.9934443235397339,0.01320060552097857,0.0033611664548516273,0.14153264462947845,0.005253639072179794,0.013310158625245094,0.912304699420929,4,0.033541686832904816,o_proj_absorb,0.04219291731715202,4
4,64,rotated LM W3A4 plus HLM K3V4 with value rotation absorbed into o_proj,2.9757156372070312,0.020870372653007507,27.128875732421875,3,0.006726306863129139,0.0375991053879261,K3V4,64,hadamard_lm,hadamard,model.layers.17.self_attn,17,0.8551235198974609,0.29690390825271606,W3A4,rot_lm,hadamard,attn_rot_lm_w3a4_hlm_k3v4,attn_rot_lm_w3a4_hlm_k3v4,32,64,0.8681451082229614,0.2887010872364044,0.8681432008743286,0.28869855403900146,0.9849443634351095,0.0306026687224706,0.008497665636241436,0.5622462630271912,0.020870372653007507,0.04871946945786476,0.849438488483429,4,0.07658403366804123,o_proj_absorb,0.0853990912437439,3
16,,baseline,0.0,0.0,0.0,16,0.0,0.0,K16V16,,fp16,,model.layers.18.self_attn,18,1.0,0.0,FP16,fp16,,fp16,fp16,,,1.0,0.0,1.0,0.0,1.0,0.0,0.0,0.0,0.0,0.0,1.0,16,0.0,reference,0.0,16
4,64,MXFP4 W4A4 linear fake quant plus HLM K4V4,1.3903383016586304,0.011868743225932121,16.314882278442383,4,0.008739716373383999,0.017329281195998192,K4V4,64,hadamard_lm,hadamard,model.layers.18.self_attn,18,0.9479662179946899,0.1030452623963356,W4A4,mxfp4,none,attn_mxfp4_w4a4_hlm_k4v4,attn_mxfp4_w4a4_hlm_k4v4,32,64,0.9576212763786316,0.08633546531200409,0.957617461681366,0.08633577823638916,0.9889490405718485,0.022422049815456074,0.009945317171514034,0.2851237654685974,0.011868743225932121,0.030666036531329155,0.886645495891571,4,0.048581115901470184,o_proj_absorb,0.0573313944041729,4
4,64,Hadamard-rotated MXFP4 W4A4 linear fake quant plus HLM K4V4,1.5110031366348267,0.008029096759855747,10.061421394348145,4,0.003974589519202709,0.012428387068212032,K4V4,64,hadamard_lm,hadamard,model.layers.18.self_attn,18,0.953312337398529,0.09178290516138077,W4A4,rot_mxfp4,hadamard,attn_rot_mxfp4_w4a4_hlm_k4v4,attn_rot_mxfp4_w4a4_hlm_k4v4,32,64,0.962400496006012,0.07547342777252197,0.9623967409133911,0.07547371834516525,0.9923659563064575,0.015374690604706606,0.005999313667416573,0.19288362562656403,0.008029096759855747,0.020545832812786102,0.904711902141571,4,0.036150168627500534,o_proj_absorb,0.045314859598875046,4
4,64,rotated LM W4A4 plus HLM K4V4 with value rotation absorbed into o_proj,1.1920794248580933,0.005797713063657284,7.492797374725342,4,0.0026456902269273996,0.011184497736394405,K4V4,64,hadamard_lm,hadamard,model.layers.18.self_attn,18,0.9687830209732056,0.06216013804078102,W4A4,rot_lm,hadamard,attn_rot_lm_w4a4_hlm_k4v4,attn_rot_lm_w4a4_hlm_k4v4,32,64,0.9739313721656799,0.05285068228840828,0.9739277958869934,0.052850235253572464,0.9950134555498759,0.010034715058282018,0.003966116812080145,0.13927891850471497,0.005797713063657284,0.016643226146697998,0.9118407964706421,4,0.02349233813583851,o_proj_absorb,0.03238580748438835,4
4,64,rotated LM W3A4 plus HLM K3V4 with value rotation absorbed into o_proj,2.1424055099487305,0.019246986135840416,25.00189971923828,3,0.006417844910174608,0.036995962262153625,K3V4,64,hadamard_lm,hadamard,model.layers.18.self_attn,18,0.9155803918838501,0.16396743059158325,W3A4,rot_lm,hadamard,attn_rot_lm_w3a4_hlm_k3v4,attn_rot_lm_w3a4_hlm_k3v4,32,64,0.9243670105934143,0.14815308153629303,0.9243637919425964,0.14815229177474976,0.9884951512018839,0.02326895932977398,0.009859740734100342,0.4623718857765198,0.019246986135840416,0.05168836563825607,0.8499755859375,4,0.053529292345047,o_proj_absorb,0.061866119503974915,3
16,,baseline,0.0,0.0,0.0,16,0.0,0.0,K16V16,,fp16,,model.layers.19.self_attn,19,1.0,0.0,FP16,fp16,,fp16,fp16,,,1.0,0.0,1.0,0.0,1.0,0.0,0.0,0.0,0.0,0.0,1.0,16,0.0,reference,0.0,16
4,64,MXFP4 W4A4 linear fake quant plus HLM K4V4,1.4511497020721436,0.009987430647015572,15.221135139465332,4,0.008029242977499962,0.016468407586216927,K4V4,64,hadamard_lm,hadamard,model.layers.19.self_attn,19,0.937559187412262,0.12459414452314377,W4A4,mxfp4,none,attn_mxfp4_w4a4_hlm_k4v4,attn_mxfp4_w4a4_hlm_k4v4,32,64,0.9485213160514832,0.10508677363395691,0.9485180377960205,0.10508634895086288,0.9888546069463094,0.022527462802827358,0.008593390695750713,0.27073392271995544,0.009987430647015572,0.02215443179011345,0.8897705078125,4,0.0509597547352314,o_proj_absorb,0.059832341969013214,4
4,64,Hadamard-rotated MXFP4 W4A4 linear fake quant plus HLM K4V4,1.6018681526184082,0.006547881755977869,8.793791770935059,4,0.003708933014422655,0.012217964977025986,K4V4,64,hadamard_lm,hadamard,model.layers.19.self_attn,19,0.941573977470398,0.12814617156982422,W4A4,rot_mxfp4,hadamard,attn_rot_mxfp4_w4a4_hlm_k4v4,attn_rot_mxfp4_w4a4_hlm_k4v4,32,64,0.9492191076278687,0.11475690454244614,0.9492154717445374,0.11475721746683121,0.9922031164169312,0.01572240423411131,0.005058333743363619,0.17749646306037903,0.006547881755977869,0.017206117510795593,0.9089111089706421,4,0.03839994594454765,o_proj_absorb,0.04761071503162384,4
4,64,rotated LM W4A4 plus HLM K4V4 with value rotation absorbed into o_proj,1.004563808441162,0.004768948536366224,7.2643938064575195,4,0.002312206896021962,0.010948791168630123,K4V4,64,hadamard_lm,hadamard,model.layers.19.self_attn,19,0.9583591222763062,0.08292673528194427,W4A4,rot_lm,hadamard,attn_rot_lm_w4a4_hlm_k4v4,attn_rot_lm_w4a4_hlm_k4v4,32,64,0.9636597633361816,0.0731460377573967,0.9636561274528503,0.07314621657133102,0.9948000311851501,0.010451372945681214,0.0032994109205901623,0.12927410006523132,0.004768948536366224,0.012019147165119648,0.9154052734375,4,0.02574250102043152,o_proj_absorb,0.03516565263271332,4
4,64,rotated LM W3A4 plus HLM K3V4 with value rotation absorbed into o_proj,2.9961538314819336,0.018979527056217194,23.950220108032227,3,0.006196868140250444,0.03614124655723572,K3V4,64,hadamard_lm,hadamard,model.layers.19.self_attn,19,0.8915210962295532,0.2432645559310913,W3A4,rot_lm,hadamard,attn_rot_lm_w3a4_hlm_k3v4,attn_rot_lm_w3a4_hlm_k3v4,32,64,0.9069532155990601,0.22944839298725128,0.9069493412971497,0.22944962978363037,0.9873422185579935,0.025642731382201116,0.008331495337188244,0.5144868493080139,0.018979527056217194,0.046250078827142715,0.851733386516571,4,0.06239983066916466,o_proj_absorb,0.0714070200920105,3
16,,baseline,0.0,0.0,0.0,16,0.0,0.0,K16V16,,fp16,,model.layers.20.self_attn,20,1.0,0.0,FP16,fp16,,fp16,fp16,,,1.0,0.0,1.0,0.0,1.0,0.0,0.0,0.0,0.0,0.0,1.0,16,0.0,reference,0.0,16
4,64,MXFP4 W4A4 linear fake quant plus HLM K4V4,2.113662004470825,0.011141922324895859,13.875104904174805,4,0.006898348219692707,0.01543151680380106,K4V4,64,hadamard_lm,hadamard,model.layers.20.self_attn,20,0.9487152099609375,0.10471729189157486,W4A4,mxfp4,none,attn_mxfp4_w4a4_hlm_k4v4,attn_mxfp4_w4a4_hlm_k4v4,32,64,0.9591298699378967,0.08975778520107269,0.9591258764266968,0.08975674957036972,0.9906450907389323,0.01885717020680507,0.007175784558057785,0.28660425543785095,0.011141922324895859,0.02421467751264572,0.8962157964706421,4,0.04249737784266472,o_proj_absorb,0.05111825093626976,4
4,64,Hadamard-rotated MXFP4 W4A4 linear fake quant plus HLM K4V4,1.5578478574752808,0.0070488047786056995,9.177383422851562,4,0.0035957349464297295,0.011994333937764168,K4V4,64,hadamard_lm,hadamard,model.layers.20.self_attn,20,0.9507688283920288,0.09879757463932037,W4A4,rot_mxfp4,hadamard,attn_rot_mxfp4_w4a4_hlm_k4v4,attn_rot_mxfp4_w4a4_hlm_k4v4,32,64,0.9592998027801514,0.08501596748828888,0.9592956304550171,0.08501528203487396,0.9926717877388,0.014850125648081303,0.004398070275783539,0.1813167780637741,0.0070488047786056995,0.017705705016851425,0.9085693359375,4,0.03655657172203064,o_proj_absorb,0.045001786202192307,4
4,64,rotated LM W4A4 plus HLM K4V4 with value rotation absorbed into o_proj,0.6767060160636902,0.0047636451199650764,7.384341239929199,4,0.0022585096303373575,0.010748252272605896,K4V4,64,hadamard_lm,hadamard,model.layers.20.self_attn,20,0.9660953879356384,0.06733200699090958,W4A4,rot_lm,hadamard,attn_rot_lm_w4a4_hlm_k4v4,attn_rot_lm_w4a4_hlm_k4v4,32,64,0.9703938364982605,0.05950400233268738,0.9703891277313232,0.059504441916942596,0.9951332211494446,0.009824736043810844,0.0028424577321857214,0.12253549695014954,0.0047636451199650764,0.013414444401860237,0.9166015386581421,4,0.024373240768909454,o_proj_absorb,0.03312921151518822,4
4,64,rotated LM W3A4 plus HLM K3V4 with value rotation absorbed into o_proj,2.66127872467041,0.019016537815332413,24.22405433654785,3,0.006064776796847582,0.036003656685352325,K3V4,64,hadamard_lm,hadamard,model.layers.20.self_attn,20,0.9080963134765625,0.18430063128471375,W3A4,rot_lm,hadamard,attn_rot_lm_w3a4_hlm_k3v4,attn_rot_lm_w3a4_hlm_k3v4,32,64,0.9214754700660706,0.16757577657699585,0.921471118927002,0.1675756871700287,0.9884500503540039,0.02333273459225893,0.007057508919388056,0.48916342854499817,0.019016537815332413,0.048448171466588974,0.8516601324081421,4,0.05687591806054115,o_proj_absorb,0.06528807431459427,3
16,,baseline,0.0,0.0,0.0,16,0.0,0.0,K16V16,,fp16,,model.layers.21.self_attn,21,1.0,0.0,FP16,fp16,,fp16,fp16,,,1.0,0.0,1.0,0.0,1.0,0.0,0.0,0.0,0.0,0.0,1.0,16,0.0,reference,0.0,16
4,64,MXFP4 W4A4 linear fake quant plus HLM K4V4,1.1356468200683594,0.012284742668271065,10.684463500976562,4,0.0063745807856321335,0.014875687658786774,K4V4,64,hadamard_lm,hadamard,model.layers.21.self_attn,21,0.9753121733665466,0.048796117305755615,W4A4,mxfp4,none,attn_mxfp4_w4a4_hlm_k4v4,attn_mxfp4_w4a4_hlm_k4v4,32,64,0.9664565920829773,0.06749052554368973,0.9664527773857117,0.06749027222394943,0.9903533458709717,0.01943931293984254,0.00666503980755806,0.18709620833396912,0.012284742668271065,0.03175714612007141,0.895800769329071,4,0.04527831822633743,o_proj_absorb,0.054085128009319305,4
4,64,Hadamard-rotated MXFP4 W4A4 linear fake quant plus HLM K4V4,1.0633913278579712,0.009238029830157757,7.873671054840088,4,0.0037592484150081873,0.012452409602701664,K4V4,64,hadamard_lm,hadamard,model.layers.21.self_attn,21,0.977957546710968,0.04380734637379646,W4A4,rot_mxfp4,hadamard,attn_rot_mxfp4_w4a4_hlm_k4v4,attn_rot_mxfp4_w4a4_hlm_k4v4,32,64,0.9701451659202576,0.05914146453142166,0.9701414704322815,0.05914135277271271,0.9921449422836304,0.015853225796793897,0.004382964689284563,0.14069487154483795,0.009238029830157757,0.021134816110134125,0.9111083745956421,4,0.039417464286088943,o_proj_absorb,0.04854245483875275,4
4,64,rotated LM W4A4 plus HLM K4V4 with value rotation absorbed into o_proj,0.9717448949813843,0.008375823497772217,7.219776153564453,4,0.0025176522321999073,0.011125687509775162,K4V4,64,hadamard_lm,hadamard,model.layers.21.self_attn,21,0.984549343585968,0.030731039121747017,W4A4,rot_lm,hadamard,attn_rot_lm_w4a4_hlm_k4v4,attn_rot_lm_w4a4_hlm_k4v4,32,64,0.9762577414512634,0.04699860140681267,0.9762538075447083,0.04699866101145744,0.9947617848714193,0.010586093335102001,0.0028841858729720116,0.1275635063648224,0.008375823497772217,0.020502997562289238,0.9106200933456421,4,0.026356441900134087,o_proj_absorb,0.03541821241378784,4
4,64,rotated LM W3A4 plus HLM K3V4 with value rotation absorbed into o_proj,2.0020699501037598,0.026698505505919456,22.015222549438477,3,0.006521872244775295,0.03683795779943466,K3V4,64,hadamard_lm,hadamard,model.layers.21.self_attn,21,0.9594616889953613,0.07991322875022888,W3A4,rot_lm,hadamard,attn_rot_lm_w3a4_hlm_k3v4,attn_rot_lm_w3a4_hlm_k3v4,32,64,0.9393118023872375,0.11971480399370193,0.9393080472946167,0.1197148859500885,0.9880744020144144,0.02436269757648309,0.007383863441646099,0.40661731362342834,0.026698505505919456,0.06236144155263901,0.8504394292831421,4,0.05918235704302788,o_proj_absorb,0.06825248152017593,3
