bits,compute_interpretation,ip_bias,ip_relative_mse,ip_variance,k_bits,key_relative_mse,key_scale_granularity,kv_quantizer,kv_rotation,layer,layer_index,method,method_key,output_cosine,output_relative_mse,score_mse,score_relative_mse,softmax_kl,topk_overlap,v_bits,value_relative_mse,value_scale_granularity
K16V16,baseline,0.0,0.0,0.0,16,0.0,none,none,none,model.layers.0.self_attn,0,fp16,fp16,1.0000512599945068,0.0,0.0,0.0,0.0,1.0,16,0.0,none
K4V4,uniform fake quant KV baseline,-0.05456080660223961,0.026200002059340477,1.7837244272232056,4,0.02742999605834484,per_token_head_absmax,absmax_per_token_head,none,model.layers.0.self_attn,0,absmax,absmax_k4v4,0.9849516749382019,0.0316324345767498,0.027917208150029182,0.026200002059340477,0.010085389018058777,0.8564453125,4,0.03377990424633026,per_token_head_absmax
K3V4,uniform fake quant with lower key bits,-0.31603312492370605,0.09984426200389862,6.708972930908203,3,0.15649636089801788,per_token_head_absmax,absmax_per_token_head,none,model.layers.0.self_attn,0,absmax,absmax_k3v4,0.9363423585891724,0.12645840644836426,0.10638827830553055,0.09984426200389862,0.04694891721010208,0.721264660358429,4,0.03377990424633026,per_token_head_absmax
K4V3,uniform fake quant with lower value bits,-0.05456080660223961,0.026200002059340477,1.7837244272232056,4,0.02742999605834484,per_token_head_absmax,absmax_per_token_head,none,model.layers.0.self_attn,0,absmax,absmax_k4v3,0.9683095812797546,0.0687989592552185,0.027917208150029182,0.026200002059340477,0.010085389018058777,0.8564453125,3,0.10463521629571915,per_token_head_absmax
K4V4,rotated non-uniform KV fake quant,-0.020861294120550156,0.005957655608654022,0.40584537386894226,4,0.008479686453938484,per_token_head_rms,gaussian_lloyd_max,headwise_hadamard,model.layers.0.self_attn,0,hadamard_lm,hadamard_lm_k4v4,0.9949222803115845,0.010396807454526424,0.00634813355281949,0.005957655608654022,0.002657733391970396,0.9021240472793579,4,0.008357872255146503,per_token_head_rms
K3V4,rotated non-uniform key bit reduction,-0.03679591417312622,0.0238613560795784,1.6258642673492432,3,0.03072323091328144,per_token_head_rms,gaussian_lloyd_max,headwise_hadamard,model.layers.0.self_attn,0,hadamard_lm,hadamard_lm_k3v4,0.9814376831054688,0.037287306040525436,0.02542528323829174,0.0238613560795784,0.013828047551214695,0.8160400390625,4,0.008357872255146503,per_token_head_rms
K4V3,rotated non-uniform value bit reduction,-0.020861294120550156,0.005957655608654022,0.40584537386894226,4,0.008479686453938484,per_token_head_rms,gaussian_lloyd_max,headwise_hadamard,model.layers.0.self_attn,0,hadamard_lm,hadamard_lm_k4v3,0.9898593425750732,0.02051129750907421,0.00634813355281949,0.005957655608654022,0.002657733391970396,0.9021240472793579,3,0.03034866787493229,per_token_head_rms
K3V3,aggressive rotated non-uniform KV fake quant,-0.03679591417312622,0.0238613560795784,1.6258642673492432,3,0.03072323091328144,per_token_head_rms,gaussian_lloyd_max,headwise_hadamard,model.layers.0.self_attn,0,hadamard_lm,hadamard_lm_k3v3,0.977612316608429,0.04464763402938843,0.02542528323829174,0.0238613560795784,0.013828047551214695,0.8160400390625,3,0.03034866787493229,per_token_head_rms
K2V4,key 2-bit failure boundary,-0.1005273088812828,0.08482984453439713,5.774840831756592,2,0.1040322482585907,per_token_head_rms,gaussian_lloyd_max,headwise_hadamard,model.layers.0.self_attn,0,hadamard_lm,hadamard_lm_k2v4,0.9587542414665222,0.08478787541389465,0.09038978070020676,0.08482984453439713,0.03921893984079361,0.6978515386581421,4,0.008357872255146503,per_token_head_rms
K16V16,baseline,0.0,0.0,0.0,16,0.0,none,none,none,model.layers.1.self_attn,1,fp16,fp16,1.0000079870224,0.0,0.0,0.0,0.0,1.0,16,0.0,none
K4V4,uniform fake quant KV baseline,0.0019188392907381058,0.005068114027380943,3.1718108654022217,4,0.013263832777738571,per_token_head_absmax,absmax_per_token_head,none,model.layers.1.self_attn,1,absmax,absmax_k4v4,0.973589301109314,0.05345781520009041,0.04955960065126419,0.005068114027380943,0.017616266384720802,0.8631591796875,4,0.028501423075795174,per_token_head_absmax
K3V4,uniform fake quant with lower key bits,-1.165030598640442,0.02550395205616951,14.604025840759277,3,0.07355265319347382,per_token_head_absmax,absmax_per_token_head,none,model.layers.1.self_attn,1,absmax,absmax_k3v4,0.9295079112052917,0.14166389405727386,0.24939566850662231,0.02550395205616951,0.08566950261592865,0.7280517816543579,4,0.028501423075795174,per_token_head_absmax
K4V3,uniform fake quant with lower value bits,0.0019188392907381058,0.005068114027380943,3.1718108654022217,4,0.013263832777738571,per_token_head_absmax,absmax_per_token_head,none,model.layers.1.self_attn,1,absmax,absmax_k4v3,0.938277542591095,0.13008978962898254,0.04955960065126419,0.005068114027380943,0.017616266384720802,0.8631591796875,3,0.11503229290246964,per_token_head_absmax
K4V4,rotated non-uniform KV fake quant,0.12957754731178284,0.003679439425468445,2.2859396934509277,4,0.009767267853021622,per_token_head_rms,gaussian_lloyd_max,headwise_hadamard,model.layers.1.self_attn,1,hadamard_lm,hadamard_lm_k4v4,0.9856017231941223,0.02862023375928402,0.03598015755414963,0.003679439425468445,0.013118136674165726,0.8810790777206421,4,0.008711626753211021,per_token_head_rms
K3V4,rotated non-uniform key bit reduction,0.35604995489120483,0.01364000141620636,8.409649848937988,3,0.03545171022415161,per_token_head_rms,gaussian_lloyd_max,headwise_hadamard,model.layers.1.self_attn,1,hadamard_lm,hadamard_lm_k3v4,0.959017276763916,0.08049499988555908,0.13338157534599304,0.01364000141620636,0.04553644359111786,0.7948974370956421,4,0.008711626753211021,per_token_head_rms
K4V3,rotated non-uniform value bit reduction,0.12957754731178284,0.003679439425468445,2.2859396934509277,4,0.009767267853021622,per_token_head_rms,gaussian_lloyd_max,headwise_hadamard,model.layers.1.self_attn,1,hadamard_lm,hadamard_lm_k4v3,0.975524365901947,0.04840924218297005,0.03598015755414963,0.003679439425468445,0.013118136674165726,0.8810790777206421,3,0.031618207693099976,per_token_head_rms
K3V3,aggressive rotated non-uniform KV fake quant,0.35604995489120483,0.01364000141620636,8.409649848937988,3,0.03545171022415161,per_token_head_rms,gaussian_lloyd_max,headwise_hadamard,model.layers.1.self_attn,1,hadamard_lm,hadamard_lm_k3v3,0.9498951435089111,0.09794481843709946,0.13338157534599304,0.01364000141620636,0.04553644359111786,0.7948974370956421,3,0.031618207693099976,per_token_head_rms
K2V4,key 2-bit failure boundary,1.6925675868988037,0.052609775215387344,30.06036949157715,2,0.12096286565065384,per_token_head_rms,gaussian_lloyd_max,headwise_hadamard,model.layers.1.self_attn,1,hadamard_lm,hadamard_lm_k2v4,0.8702309727668762,0.2485329806804657,0.5144555568695068,0.052609775215387344,0.15184569358825684,0.6523193120956421,4,0.008711626753211021,per_token_head_rms
K16V16,baseline,0.0,0.0,0.0,16,0.0,none,none,none,model.layers.2.self_attn,2,fp16,fp16,1.000016212463379,0.0,0.0,0.0,0.0,1.0,16,0.0,none
K4V4,uniform fake quant KV baseline,0.05263721942901611,0.00794311985373497,2.29917311668396,4,0.012791777029633522,per_token_head_absmax,absmax_per_token_head,none,model.layers.2.self_attn,2,absmax,absmax_k4v4,0.9788241386413574,0.04420028626918793,0.0359678715467453,0.00794311985373497,0.014375104568898678,0.890185534954071,4,0.01598414219915867,per_token_head_absmax
K3V4,uniform fake quant with lower key bits,0.018835842609405518,0.04296537861227989,12.45116138458252,3,0.0691090002655983,per_token_head_absmax,absmax_per_token_head,none,model.layers.2.self_attn,2,absmax,absmax_k3v4,0.9257588982582092,0.17334526777267456,0.19455495476722717,0.04296537861227989,0.07620055973529816,0.7701660394668579,4,0.01598414219915867,per_token_head_absmax
K4V3,uniform fake quant with lower value bits,0.05263721942901611,0.00794311985373497,2.29917311668396,4,0.012791777029633522,per_token_head_absmax,absmax_per_token_head,none,model.layers.2.self_attn,2,absmax,absmax_k4v3,0.9464054107666016,0.11483348160982132,0.0359678715467453,0.00794311985373497,0.014375104568898678,0.890185534954071,3,0.08582795411348343,per_token_head_absmax
K4V4,rotated non-uniform KV fake quant,0.1313173472881317,0.006491165142506361,1.8639181852340698,4,0.009276194497942924,per_token_head_rms,gaussian_lloyd_max,headwise_hadamard,model.layers.2.self_attn,2,hadamard_lm,hadamard_lm_k4v4,0.9869197607040405,0.026096254587173462,0.029393162578344345,0.006491165142506361,0.00923340767621994,0.911669909954071,4,0.009183427318930626,per_token_head_rms
K3V4,rotated non-uniform key bit reduction,0.4943963885307312,0.025004079565405846,7.001842021942139,3,0.034325532615184784,per_token_head_rms,gaussian_lloyd_max,headwise_hadamard,model.layers.2.self_attn,2,hadamard_lm,hadamard_lm_k3v4,0.9624251127243042,0.07387560606002808,0.11322296410799026,0.025004079565405846,0.03449491411447525,0.8399658203125,4,0.009183427318930626,per_token_head_rms
K4V3,rotated non-uniform value bit reduction,0.1313173472881317,0.006491165142506361,1.8639181852340698,4,0.009276194497942924,per_token_head_rms,gaussian_lloyd_max,headwise_hadamard,model.layers.2.self_attn,2,hadamard_lm,hadamard_lm_k4v3,0.9760569930076599,0.04745086282491684,0.029393162578344345,0.006491165142506361,0.00923340767621994,0.911669909954071,3,0.032764583826065063,per_token_head_rms
K3V3,aggressive rotated non-uniform KV fake quant,0.4943963885307312,0.025004079565405846,7.001842021942139,3,0.034325532615184784,per_token_head_rms,gaussian_lloyd_max,headwise_hadamard,model.layers.2.self_attn,2,hadamard_lm,hadamard_lm_k3v3,0.95302814245224,0.09183574467897415,0.11322296410799026,0.025004079565405846,0.03449491411447525,0.8399658203125,3,0.032764583826065063,per_token_head_rms
K2V4,key 2-bit failure boundary,1.47189462184906,0.08462981134653091,22.359542846679688,2,0.1166444644331932,per_token_head_rms,gaussian_lloyd_max,headwise_hadamard,model.layers.2.self_attn,2,hadamard_lm,hadamard_lm_k2v4,0.8884657621383667,0.2203024923801422,0.38321900367736816,0.08462981134653091,0.11539281904697418,0.734423816204071,4,0.009183427318930626,per_token_head_rms
K16V16,baseline,0.0,0.0,0.0,16,0.0,none,none,none,model.layers.3.self_attn,3,fp16,fp16,1.0000132322311401,0.0,0.0,0.0,0.0,1.0,16,0.0,none
K4V4,uniform fake quant KV baseline,-0.09491217136383057,0.005765759851783514,11.018759727478027,4,0.032047025859355927,per_token_head_absmax,absmax_per_token_head,none,model.layers.3.self_attn,3,absmax,absmax_k4v4,0.9627953171730042,0.07944467663764954,0.17230886220932007,0.005765759851783514,0.08014166355133057,0.7444092035293579,4,0.014687660150229931,per_token_head_absmax
K3V4,uniform fake quant with lower key bits,0.5114865899085999,0.0344046875834465,65.54183197021484,3,0.17331403493881226,per_token_head_absmax,absmax_per_token_head,none,model.layers.3.self_attn,3,absmax,absmax_k3v4,0.8086994290351868,0.5060185194015503,1.0281789302825928,0.0344046875834465,0.3931214213371277,0.5179198980331421,4,0.014687660150229931,per_token_head_absmax
K4V3,uniform fake quant with lower value bits,-0.09491217136383057,0.005765759851783514,11.018759727478027,4,0.032047025859355927,per_token_head_absmax,absmax_per_token_head,none,model.layers.3.self_attn,3,absmax,absmax_k4v3,0.9456010460853577,0.12328512221574783,0.17230886220932007,0.005765759851783514,0.08014166355133057,0.7444092035293579,3,0.0810149759054184,per_token_head_absmax
K4V4,rotated non-uniform KV fake quant,0.3264750838279724,0.001998565625399351,3.7159314155578613,4,0.008848507888615131,per_token_head_rms,gaussian_lloyd_max,headwise_hadamard,model.layers.3.self_attn,3,hadamard_lm,hadamard_lm_k4v4,0.9881208539009094,0.024001292884349823,0.059726834297180176,0.001998565625399351,0.025858771055936813,0.8419433832168579,4,0.009014054201543331,per_token_head_rms
K3V4,rotated non-uniform key bit reduction,1.0277941226959229,0.007446159143000841,13.185388565063477,3,0.03214266151189804,per_token_head_rms,gaussian_lloyd_max,headwise_hadamard,model.layers.3.self_attn,3,hadamard_lm,hadamard_lm_k3v4,0.9619776606559753,0.07713914662599564,0.22252734005451202,0.007446159143000841,0.09011958539485931,0.716259777545929,4,0.009014054201543331,per_token_head_rms
K4V3,rotated non-uniform value bit reduction,0.3264750838279724,0.001998565625399351,3.7159314155578613,4,0.008848507888615131,per_token_head_rms,gaussian_lloyd_max,headwise_hadamard,model.layers.3.self_attn,3,hadamard_lm,hadamard_lm_k4v3,0.9814929962158203,0.036767277866601944,0.059726834297180176,0.001998565625399351,0.025858771055936813,0.8419433832168579,3,0.03238797187805176,per_token_head_rms
K3V3,aggressive rotated non-uniform KV fake quant,1.0277941226959229,0.007446159143000841,13.185388565063477,3,0.03214266151189804,per_token_head_rms,gaussian_lloyd_max,headwise_hadamard,model.layers.3.self_attn,3,hadamard_lm,hadamard_lm_k3v3,0.9551830291748047,0.089512400329113,0.22252734005451202,0.007446159143000841,0.09011958539485931,0.716259777545929,3,0.03238797187805176,per_token_head_rms
K2V4,key 2-bit failure boundary,4.878676414489746,0.031656838953495026,36.7463493347168,2,0.10805816203355789,per_token_head_rms,gaussian_lloyd_max,headwise_hadamard,model.layers.3.self_attn,3,hadamard_lm,hadamard_lm_k2v4,0.8971232175827026,0.20741496980190277,0.9460598230361938,0.031656838953495026,0.25151312351226807,0.5458984375,4,0.009014054201543331,per_token_head_rms
K16V16,baseline,0.0,0.0,0.0,16,0.0,none,none,none,model.layers.4.self_attn,4,fp16,fp16,1.0000067949295044,0.0,0.0,0.0,0.0,1.0,16,0.0,none
K4V4,uniform fake quant KV baseline,0.27529287338256836,0.007663580123335123,32.218345642089844,4,0.03912712261080742,per_token_head_absmax,absmax_per_token_head,none,model.layers.4.self_attn,4,absmax,absmax_k4v4,0.9561846256256104,0.09127064049243927,0.5045958161354065,0.007663580123335123,0.2196514904499054,0.716967761516571,4,0.01676548831164837,per_token_head_absmax
K3V4,uniform fake quant with lower key bits,2.431777000427246,0.02802002802491188,112.16214752197266,3,0.1908869594335556,per_token_head_absmax,absmax_per_token_head,none,model.layers.4.self_attn,4,absmax,absmax_k3v4,0.8938573598861694,0.2289765477180481,1.8449325561523438,0.02802002802491188,0.6559591293334961,0.5459228754043579,4,0.01676548831164837,per_token_head_absmax
K4V3,uniform fake quant with lower value bits,0.27529287338256836,0.007663580123335123,32.218345642089844,4,0.03912712261080742,per_token_head_absmax,absmax_per_token_head,none,model.layers.4.self_attn,4,absmax,absmax_k4v3,0.9441797137260437,0.11943227797746658,0.5045958161354065,0.007663580123335123,0.2196514904499054,0.716967761516571,3,0.0930359959602356,per_token_head_absmax
K4V4,rotated non-uniform KV fake quant,0.39048343896865845,0.0017397418851032853,7.178750514984131,4,0.00880257599055767,per_token_head_rms,gaussian_lloyd_max,headwise_hadamard,model.layers.4.self_attn,4,hadamard_lm,hadamard_lm_k4v4,0.9897481799125671,0.020423540845513344,0.11455044150352478,0.0017397418851032853,0.04576979577541351,0.8575683832168579,4,0.009286091662943363,per_token_head_rms
K3V4,rotated non-uniform key bit reduction,1.0082709789276123,0.007368853781372309,30.035551071166992,3,0.031858544796705246,per_token_head_rms,gaussian_lloyd_max,headwise_hadamard,model.layers.4.self_attn,4,hadamard_lm,hadamard_lm_k3v4,0.9703860878944397,0.059103723615407944,0.4851900339126587,0.007368853781372309,0.1753406673669815,0.73388671875,4,0.009286091662943363,per_token_head_rms
K4V3,rotated non-uniform value bit reduction,0.39048343896865845,0.0017397418851032853,7.178750514984131,4,0.00880257599055767,per_token_head_rms,gaussian_lloyd_max,headwise_hadamard,model.layers.4.self_attn,4,hadamard_lm,hadamard_lm_k4v3,0.9856723546981812,0.02856689691543579,0.11455044150352478,0.0017397418851032853,0.04576979577541351,0.8575683832168579,3,0.033761512488126755,per_token_head_rms
K3V3,aggressive rotated non-uniform KV fake quant,1.0082709789276123,0.007368853781372309,30.035551071166992,3,0.031858544796705246,per_token_head_rms,gaussian_lloyd_max,headwise_hadamard,model.layers.4.self_attn,4,hadamard_lm,hadamard_lm_k3v3,0.9664556980133057,0.06617780029773712,0.4851900339126587,0.007368853781372309,0.1753406673669815,0.73388671875,3,0.033761512488126755,per_token_head_rms
K2V4,key 2-bit failure boundary,4.744683265686035,0.026366863399744034,88.59727478027344,2,0.10702714323997498,per_token_head_rms,gaussian_lloyd_max,headwise_hadamard,model.layers.4.self_attn,4,hadamard_lm,hadamard_lm_k2v4,0.9130880832672119,0.1785547435283661,1.736082673072815,0.026366863399744034,0.5329262018203735,0.5731201171875,4,0.009286091662943363,per_token_head_rms
K16V16,baseline,0.0,0.0,0.0,16,0.0,none,none,none,model.layers.5.self_attn,5,fp16,fp16,1.00001060962677,0.0,0.0,0.0,0.0,1.0,16,0.0,none
K4V4,uniform fake quant KV baseline,0.42461350560188293,0.00859365426003933,35.92073440551758,4,0.043879758566617966,per_token_head_absmax,absmax_per_token_head,none,model.layers.5.self_attn,5,absmax,absmax_k4v4,0.9715673923492432,0.057282157242298126,0.5640786290168762,0.00859365426003933,0.2415168583393097,0.659375011920929,4,0.016407892107963562,per_token_head_absmax
K3V4,uniform fake quant with lower key bits,-0.6518080234527588,0.03904949128627777,163.61790466308594,3,0.20366206765174866,per_token_head_absmax,absmax_per_token_head,none,model.layers.5.self_attn,5,absmax,absmax_k3v4,0.9086258411407471,0.20354299247264862,2.5631682872772217,0.03904949128627777,0.7569433450698853,0.47358399629592896,4,0.016407892107963562,per_token_head_absmax
K4V3,uniform fake quant with lower value bits,0.42461350560188293,0.00859365426003933,35.92073440551758,4,0.043879758566617966,per_token_head_absmax,absmax_per_token_head,none,model.layers.5.self_attn,5,absmax,absmax_k4v3,0.9638913869857788,0.07304719090461731,0.5640786290168762,0.00859365426003933,0.2415168583393097,0.659375011920929,3,0.08232659846544266,per_token_head_absmax
K4V4,rotated non-uniform KV fake quant,0.28688153624534607,0.0017943556886166334,7.455597400665283,4,0.00853888038545847,per_token_head_rms,gaussian_lloyd_max,headwise_hadamard,model.layers.5.self_attn,5,hadamard_lm,hadamard_lm_k4v4,0.9936861991882324,0.012661253102123737,0.11777965724468231,0.0017943556886166334,0.04919055476784706,0.8219970464706421,4,0.009073921479284763,per_token_head_rms
K3V4,rotated non-uniform key bit reduction,0.8612872362136841,0.006363299209624529,25.989728927612305,3,0.03026793897151947,per_token_head_rms,gaussian_lloyd_max,headwise_hadamard,model.layers.5.self_attn,5,hadamard_lm,hadamard_lm_k3v4,0.9760158658027649,0.04768868535757065,0.41768041253089905,0.006363299209624529,0.1851758360862732,0.68359375,4,0.009073921479284763,per_token_head_rms
K4V3,rotated non-uniform value bit reduction,0.28688153624534607,0.0017943556886166334,7.455597400665283,4,0.00853888038545847,per_token_head_rms,gaussian_lloyd_max,headwise_hadamard,model.layers.5.self_attn,5,hadamard_lm,hadamard_lm_k4v3,0.9908743500709534,0.01820795051753521,0.11777965724468231,0.0017943556886166334,0.04919055476784706,0.8219970464706421,3,0.032834939658641815,per_token_head_rms
K3V3,aggressive rotated non-uniform KV fake quant,0.8612872362136841,0.006363299209624529,25.989728927612305,3,0.03026793897151947,per_token_head_rms,gaussian_lloyd_max,headwise_hadamard,model.layers.5.self_attn,5,hadamard_lm,hadamard_lm_k3v3,0.9740797877311707,0.051194366067647934,0.41768041253089905,0.006363299209624529,0.1851758360862732,0.68359375,3,0.032834939658641815,per_token_head_rms
K2V4,key 2-bit failure boundary,4.509396553039551,0.025015804916620255,84.75408172607422,2,0.10253220051527023,per_token_head_rms,gaussian_lloyd_max,headwise_hadamard,model.layers.5.self_attn,5,hadamard_lm,hadamard_lm_k2v4,0.9333528876304626,0.13037621974945068,1.6420116424560547,0.025015804916620255,0.49293339252471924,0.538818359375,4,0.009073921479284763,per_token_head_rms
K16V16,baseline,0.0,0.0,0.0,16,0.0,none,none,none,model.layers.6.self_attn,6,fp16,fp16,1.0000077486038208,0.0,0.0,0.0,0.0,1.0,16,0.0,none
K4V4,uniform fake quant KV baseline,0.21352967619895935,0.007822387851774693,28.07929039001465,4,0.03957348316907883,per_token_head_absmax,absmax_per_token_head,none,model.layers.6.self_attn,6,absmax,absmax_k4v4,0.9835677146911621,0.034465983510017395,0.43945130705833435,0.007822387851774693,0.19563086330890656,0.690112292766571,4,0.02066905051469803,per_token_head_absmax
K3V4,uniform fake quant with lower key bits,3.0867176055908203,0.035539817065000534,118.25325775146484,3,0.18647298216819763,per_token_head_absmax,absmax_per_token_head,none,model.layers.6.self_attn,6,absmax,absmax_k3v4,0.9529643058776855,0.09668032824993134,1.9965795278549194,0.035539817065000534,0.6262630224227905,0.4959960877895355,4,0.02066905051469803,per_token_head_absmax
K4V3,uniform fake quant with lower value bits,0.21352967619895935,0.007822387851774693,28.07929039001465,4,0.03957348316907883,per_token_head_absmax,absmax_per_token_head,none,model.layers.6.self_attn,6,absmax,absmax_k4v3,0.9728312492370605,0.05707820877432823,0.43945130705833435,0.007822387851774693,0.19563086330890656,0.690112292766571,3,0.11176005005836487,per_token_head_absmax
K4V4,rotated non-uniform KV fake quant,0.1936408281326294,0.001711582182906568,6.116384983062744,4,0.008691812865436077,per_token_head_rms,gaussian_lloyd_max,headwise_hadamard,model.layers.6.self_attn,6,hadamard_lm,hadamard_lm_k4v4,0.9961714148521423,0.007657184265553951,0.09615439921617508,0.001711582182906568,0.03806164488196373,0.8516601324081421,4,0.008990591391921043,per_token_head_rms
K3V4,rotated non-uniform key bit reduction,0.9154723286628723,0.006610747892409563,22.930421829223633,3,0.03084670752286911,per_token_head_rms,gaussian_lloyd_max,headwise_hadamard,model.layers.6.self_attn,6,hadamard_lm,hadamard_lm_k3v4,0.9901281595230103,0.01969679817557335,0.3713829815387726,0.006610747892409563,0.1535240113735199,0.7131592035293579,4,0.008990591391921043,per_token_head_rms
K4V3,rotated non-uniform value bit reduction,0.1936408281326294,0.001711582182906568,6.116384983062744,4,0.008691812865436077,per_token_head_rms,gaussian_lloyd_max,headwise_hadamard,model.layers.6.self_attn,6,hadamard_lm,hadamard_lm_k4v3,0.9938413500785828,0.01260615885257721,0.09615439921617508,0.001711582182906568,0.03806164488196373,0.8516601324081421,3,0.032973699271678925,per_token_head_rms
K3V3,aggressive rotated non-uniform KV fake quant,0.9154723286628723,0.006610747892409563,22.930421829223633,3,0.03084670752286911,per_token_head_rms,gaussian_lloyd_max,headwise_hadamard,model.layers.6.self_attn,6,hadamard_lm,hadamard_lm_k3v3,0.9877171516418457,0.024546852335333824,0.3713829815387726,0.006610747892409563,0.1535240113735199,0.7131592035293579,3,0.032973699271678925,per_token_head_rms
K2V4,key 2-bit failure boundary,3.8096508979797363,0.024607669562101364,73.96182250976562,2,0.10423606634140015,per_token_head_rms,gaussian_lloyd_max,headwise_hadamard,model.layers.6.self_attn,6,hadamard_lm,hadamard_lm_k2v4,0.9504358172416687,0.10175300389528275,1.3824260234832764,0.024607669562101364,0.44418251514434814,0.5724853277206421,4,0.008990591391921043,per_token_head_rms
K16V16,baseline,0.0,0.0,0.0,16,0.0,none,none,none,model.layers.7.self_attn,7,fp16,fp16,1.0000159740447998,0.0,0.0,0.0,0.0,1.0,16,0.0,none
K4V4,uniform fake quant KV baseline,-0.426669180393219,0.015490683726966381,32.0139274597168,4,0.047105055302381516,per_token_head_absmax,absmax_per_token_head,none,model.layers.7.self_attn,7,absmax,absmax_k4v4,0.9897087216377258,0.020920077338814735,0.5030620694160461,0.015490683726966381,0.21342849731445312,0.6119140386581421,4,0.012588816694915295,per_token_head_absmax
K3V4,uniform fake quant with lower key bits,-0.8754966855049133,0.06640602648258209,137.2523651123047,3,0.21067211031913757,per_token_head_absmax,absmax_per_token_head,none,model.layers.7.self_attn,7,absmax,absmax_k3v4,0.958361029624939,0.08713380247354507,2.1565446853637695,0.06640602648258209,0.7354087829589844,0.3611816465854645,4,0.012588816694915295,per_token_head_absmax
K4V3,uniform fake quant with lower value bits,-0.426669180393219,0.015490683726966381,32.0139274597168,4,0.047105055302381516,per_token_head_absmax,absmax_per_token_head,none,model.layers.7.self_attn,7,absmax,absmax_k4v3,0.9870837926864624,0.026515154168009758,0.5030620694160461,0.015490683726966381,0.21342849731445312,0.6119140386581421,3,0.06772346794605255,per_token_head_absmax
K4V4,rotated non-uniform KV fake quant,0.3492918014526367,0.002875327132642269,5.854099750518799,4,0.008662283420562744,per_token_head_rms,gaussian_lloyd_max,headwise_hadamard,model.layers.7.self_attn,7,hadamard_lm,hadamard_lm_k4v4,0.9977273941040039,0.004573976621031761,0.09337663650512695,0.002875327132642269,0.04313311353325844,0.7926269769668579,4,0.009156397543847561,per_token_head_rms
K3V4,rotated non-uniform key bit reduction,0.7298303246498108,0.011792214587330818,23.97638702392578,3,0.030995836481451988,per_token_head_rms,gaussian_lloyd_max,headwise_hadamard,model.layers.7.self_attn,7,hadamard_lm,hadamard_lm_k3v4,0.9923407435417175,0.01528588030487299,0.3829537630081177,0.011792214587330818,0.1707136482000351,0.608325183391571,4,0.009156397543847561,per_token_head_rms
K4V3,rotated non-uniform value bit reduction,0.3492918014526367,0.002875327132642269,5.854099750518799,4,0.008662283420562744,per_token_head_rms,gaussian_lloyd_max,headwise_hadamard,model.layers.7.self_attn,7,hadamard_lm,hadamard_lm_k4v3,0.9965474605560303,0.007212867494672537,0.09337663650512695,0.002875327132642269,0.04313311353325844,0.7926269769668579,3,0.032689694315195084,per_token_head_rms
K3V3,aggressive rotated non-uniform KV fake quant,0.7298303246498108,0.011792214587330818,23.97638702392578,3,0.030995836481451988,per_token_head_rms,gaussian_lloyd_max,headwise_hadamard,model.layers.7.self_attn,7,hadamard_lm,hadamard_lm_k3v3,0.9907646775245667,0.018532205373048782,0.3829537630081177,0.011792214587330818,0.1707136482000351,0.608325183391571,3,0.032689694315195084,per_token_head_rms
K2V4,key 2-bit failure boundary,4.277005672454834,0.0394318550825119,63.66273498535156,2,0.10231012850999832,per_token_head_rms,gaussian_lloyd_max,headwise_hadamard,model.layers.7.self_attn,7,hadamard_lm,hadamard_lm_k2v4,0.9725868105888367,0.05481121316552162,1.2805548906326294,0.0394318550825119,0.4416634738445282,0.44794923067092896,4,0.009156397543847561,per_token_head_rms
K16V16,baseline,0.0,0.0,0.0,16,0.0,none,none,none,model.layers.8.self_attn,8,fp16,fp16,1.0000094175338745,0.0,0.0,0.0,0.0,1.0,16,0.0,none
K4V4,uniform fake quant KV baseline,0.7423834204673767,0.007193931378424168,39.718929290771484,4,0.04037730023264885,per_token_head_absmax,absmax_per_token_head,none,model.layers.8.self_attn,8,absmax,absmax_k4v4,0.9777438044548035,0.057010095566511154,0.6292197108268738,0.007193931378424168,0.1257821023464203,0.6953369379043579,4,0.02255784347653389,per_token_head_absmax
K3V4,uniform fake quant with lower key bits,-0.4828369617462158,0.030502410605549812,170.5126953125,3,0.16782480478286743,per_token_head_absmax,absmax_per_token_head,none,model.layers.8.self_attn,8,absmax,absmax_k3v4,0.9183540940284729,0.27921155095100403,2.6679039001464844,0.030502410605549812,0.5075452327728271,0.543017566204071,4,0.02255784347653389,per_token_head_absmax
K4V3,uniform fake quant with lower value bits,0.7423834204673767,0.007193931378424168,39.718929290771484,4,0.04037730023264885,per_token_head_absmax,absmax_per_token_head,none,model.layers.8.self_attn,8,absmax,absmax_k4v3,0.9607129693031311,0.09436573088169098,0.6292197108268738,0.007193931378424168,0.1257821023464203,0.6953369379043579,3,0.12158796936273575,per_token_head_absmax
K4V4,rotated non-uniform KV fake quant,0.1930328905582428,0.0015895444666966796,8.860662460327148,4,0.008657466620206833,per_token_head_rms,gaussian_lloyd_max,headwise_hadamard,model.layers.8.self_attn,8,hadamard_lm,hadamard_lm_k4v4,0.9959954619407654,0.00803624838590622,0.13903005421161652,0.0015895444666966796,0.023371923714876175,0.8349853754043579,4,0.008918622508645058,per_token_head_rms
K3V4,rotated non-uniform key bit reduction,1.1997909545898438,0.005952715873718262,31.88250732421875,3,0.030992159619927406,per_token_head_rms,gaussian_lloyd_max,headwise_hadamard,model.layers.8.self_attn,8,hadamard_lm,hadamard_lm_k3v4,0.9863367676734924,0.030887022614479065,0.5206563472747803,0.005952715873718262,0.09045912325382233,0.71240234375,4,0.008918622508645058,per_token_head_rms
K4V3,rotated non-uniform value bit reduction,0.1930328905582428,0.0015895444666966796,8.860662460327148,4,0.008657466620206833,per_token_head_rms,gaussian_lloyd_max,headwise_hadamard,model.layers.8.self_attn,8,hadamard_lm,hadamard_lm_k4v3,0.9925526976585388,0.014886397868394852,0.13903005421161652,0.0015895444666966796,0.023371923714876175,0.8349853754043579,3,0.03251127898693085,per_token_head_rms
K3V3,aggressive rotated non-uniform KV fake quant,1.1997909545898438,0.005952715873718262,31.88250732421875,3,0.030992159619927406,per_token_head_rms,gaussian_lloyd_max,headwise_hadamard,model.layers.8.self_attn,8,hadamard_lm,hadamard_lm_k3v3,0.9827114343643188,0.036780573427677155,0.5206563472747803,0.005952715873718262,0.09045912325382233,0.71240234375,3,0.03251127898693085,per_token_head_rms
K2V4,key 2-bit failure boundary,6.28749418258667,0.027174269780516624,112.58305358886719,2,0.10569337010383606,per_token_head_rms,gaussian_lloyd_max,headwise_hadamard,model.layers.8.self_attn,8,hadamard_lm,hadamard_lm_k2v4,0.9488291144371033,0.17602945864200592,2.3768069744110107,0.027174269780516624,0.3404906988143921,0.5523926019668579,4,0.008918622508645058,per_token_head_rms
K16V16,baseline,0.0,0.0,0.0,16,0.0,none,none,none,model.layers.9.self_attn,9,fp16,fp16,1.00001060962677,0.0,0.0,0.0,0.0,1.0,16,0.0,none
K4V4,uniform fake quant KV baseline,0.7065812349319458,0.01274843979626894,49.934242248535156,4,0.049404796212911606,per_token_head_absmax,absmax_per_token_head,none,model.layers.9.self_attn,9,absmax,absmax_k4v4,0.9690341353416443,0.06902569532394409,0.7880233526229858,0.01274843979626894,0.22628048062324524,0.66064453125,4,0.015887081623077393,per_token_head_absmax
K3V4,uniform fake quant with lower key bits,0.8520834445953369,0.06209545210003853,244.9268035888672,3,0.23234033584594727,per_token_head_absmax,absmax_per_token_head,none,model.layers.9.self_attn,9,absmax,absmax_k3v4,0.9221391677856445,0.2708453834056854,3.8383257389068604,0.06209545210003853,0.7562534213066101,0.5136963129043579,4,0.015887081623077393,per_token_head_absmax
K4V3,uniform fake quant with lower value bits,0.7065812349319458,0.01274843979626894,49.934242248535156,4,0.049404796212911606,per_token_head_absmax,absmax_per_token_head,none,model.layers.9.self_attn,9,absmax,absmax_k4v3,0.9589018821716309,0.09117154031991959,0.7880233526229858,0.01274843979626894,0.22628048062324524,0.66064453125,3,0.08443843573331833,per_token_head_absmax
K4V4,rotated non-uniform KV fake quant,0.4709327220916748,0.00236127688549459,9.119556427001953,4,0.008697094395756721,per_token_head_rms,gaussian_lloyd_max,headwise_hadamard,model.layers.9.self_attn,9,hadamard_lm,hadamard_lm_k4v4,0.9952137470245361,0.00985143892467022,0.14595834910869598,0.00236127688549459,0.04135594516992569,0.815722644329071,4,0.008952801115810871,per_token_head_rms
K3V4,rotated non-uniform key bit reduction,1.1646288633346558,0.008875024504959583,33.753700256347656,3,0.0309543926268816,per_token_head_rms,gaussian_lloyd_max,headwise_hadamard,model.layers.9.self_attn,9,hadamard_lm,hadamard_lm_k3v4,0.9848318696022034,0.03373204916715622,0.5485947132110596,0.008875024504959583,0.14969715476036072,0.7024170160293579,4,0.008952801115810871,per_token_head_rms
K4V3,rotated non-uniform value bit reduction,0.4709327220916748,0.00236127688549459,9.119556427001953,4,0.008697094395756721,per_token_head_rms,gaussian_lloyd_max,headwise_hadamard,model.layers.9.self_attn,9,hadamard_lm,hadamard_lm_k4v3,0.9926977157592773,0.014573137275874615,0.14595834910869598,0.00236127688549459,0.04135594516992569,0.815722644329071,3,0.032768454402685165,per_token_head_rms
K3V3,aggressive rotated non-uniform KV fake quant,1.1646288633346558,0.008875024504959583,33.753700256347656,3,0.0309543926268816,per_token_head_rms,gaussian_lloyd_max,headwise_hadamard,model.layers.9.self_attn,9,hadamard_lm,hadamard_lm_k3v3,0.9819978475570679,0.037808191031217575,0.5485947132110596,0.008875024504959583,0.14969715476036072,0.7024170160293579,3,0.032768454402685165,per_token_head_rms
K2V4,key 2-bit failure boundary,5.418448448181152,0.033145785331726074,101.76687622070312,2,0.10276713967323303,per_token_head_rms,gaussian_lloyd_max,headwise_hadamard,model.layers.9.self_attn,9,hadamard_lm,hadamard_lm_k2v4,0.9555498957633972,0.12902416288852692,2.0488510131835938,0.033145785331726074,0.5129650831222534,0.5303955078125,4,0.008952801115810871,per_token_head_rms
K16V16,baseline,0.0,0.0,0.0,16,0.0,none,none,none,model.layers.10.self_attn,10,fp16,fp16,1.0000079870224,0.0,0.0,0.0,0.0,1.0,16,0.0,none
K4V4,uniform fake quant KV baseline,0.2908394932746887,0.010193388909101486,43.96071243286133,4,0.04001013934612274,per_token_head_absmax,absmax_per_token_head,none,model.layers.10.self_attn,10,absmax,absmax_k4v4,0.9743486046791077,0.06411826610565186,0.6882078051567078,0.010193388909101486,0.20261754095554352,0.686328113079071,4,0.014118035323917866,per_token_head_absmax
K3V4,uniform fake quant with lower key bits,-2.7565436363220215,0.05997501686215401,251.5515594482422,3,0.1961102932691574,per_token_head_absmax,absmax_per_token_head,none,model.layers.10.self_attn,10,absmax,absmax_k3v4,0.8830959796905518,0.3081147372722626,4.049220085144043,0.05997501686215401,0.8380828499794006,0.5307861566543579,4,0.014118035323917866,per_token_head_absmax
K4V3,uniform fake quant with lower value bits,0.2908394932746887,0.010193388909101486,43.96071243286133,4,0.04001013934612274,per_token_head_absmax,absmax_per_token_head,none,model.layers.10.self_attn,10,absmax,absmax_k4v3,0.9675730466842651,0.08161722123622894,0.6882078051567078,0.010193388909101486,0.20261754095554352,0.686328113079071,3,0.07677872478961945,per_token_head_absmax
K4V4,rotated non-uniform KV fake quant,0.28031644225120544,0.002457283204421401,10.539262771606445,4,0.008730186149477959,per_token_head_rms,gaussian_lloyd_max,headwise_hadamard,model.layers.10.self_attn,10,hadamard_lm,hadamard_lm_k4v4,0.9912881255149841,0.017731966450810432,0.16590376198291779,0.002457283204421401,0.04849288985133171,0.81787109375,4,0.008979899808764458,per_token_head_rms
K3V4,rotated non-uniform key bit reduction,0.7736204862594604,0.009421843104064465,40.11298751831055,3,0.031080439686775208,per_token_head_rms,gaussian_lloyd_max,headwise_hadamard,model.layers.10.self_attn,10,hadamard_lm,hadamard_lm_k3v4,0.9760163426399231,0.05221298709511757,0.6361168026924133,0.009421843104064465,0.17747020721435547,0.6857665777206421,4,0.008979899808764458,per_token_head_rms
K4V3,rotated non-uniform value bit reduction,0.28031644225120544,0.002457283204421401,10.539262771606445,4,0.008730186149477959,per_token_head_rms,gaussian_lloyd_max,headwise_hadamard,model.layers.10.self_attn,10,hadamard_lm,hadamard_lm_k4v3,0.9869298934936523,0.025982972234487534,0.16590376198291779,0.002457283204421401,0.04849288985133171,0.81787109375,3,0.03273303434252739,per_token_head_rms
K3V3,aggressive rotated non-uniform KV fake quant,0.7736204862594604,0.009421843104064465,40.11298751831055,3,0.031080439686775208,per_token_head_rms,gaussian_lloyd_max,headwise_hadamard,model.layers.10.self_attn,10,hadamard_lm,hadamard_lm_k3v3,0.9720057249069214,0.05769960582256317,0.6361168026924133,0.009421843104064465,0.17747020721435547,0.6857665777206421,3,0.03273303434252739,per_token_head_rms
K2V4,key 2-bit failure boundary,3.6880197525024414,0.03292911872267723,128.6841583251953,2,0.1041349470615387,per_token_head_rms,gaussian_lloyd_max,headwise_hadamard,model.layers.10.self_attn,10,hadamard_lm,hadamard_lm_k2v4,0.9359538555145264,0.15077677369117737,2.2232131958007812,0.03292911872267723,0.5221378803253174,0.5122314691543579,4,0.008979899808764458,per_token_head_rms
K16V16,baseline,0.0,0.0,0.0,16,0.0,none,none,none,model.layers.11.self_attn,11,fp16,fp16,1.0000102519989014,0.0,0.0,0.0,0.0,1.0,16,0.0,none
K4V4,uniform fake quant KV baseline,-0.15420660376548767,0.010117623023688793,23.56024742126465,4,0.031060058623552322,per_token_head_absmax,absmax_per_token_head,none,model.layers.11.self_attn,11,absmax,absmax_k4v4,0.9907352924346924,0.01871395856142044,0.36850041151046753,0.010117623023688793,0.1314481943845749,0.679614245891571,4,0.013938795775175095,per_token_head_absmax
K3V4,uniform fake quant with lower key bits,-0.7526954412460327,0.04518852382898331,104.7672119140625,3,0.14198808372020721,per_token_head_absmax,absmax_per_token_head,none,model.layers.11.self_attn,11,absmax,absmax_k3v4,0.9751453399658203,0.05258017033338547,1.645840048789978,0.04518852382898331,0.4672047793865204,0.501782238483429,4,0.013938795775175095,per_token_head_absmax
K4V3,uniform fake quant with lower value bits,-0.15420660376548767,0.010117623023688793,23.56024742126465,4,0.031060058623552322,per_token_head_absmax,absmax_per_token_head,none,model.layers.11.self_attn,11,absmax,absmax_k4v3,0.9855900406837463,0.02918362058699131,0.36850041151046753,0.010117623023688793,0.1314481943845749,0.679614245891571,3,0.07553327828645706,per_token_head_absmax
K4V4,rotated non-uniform KV fake quant,0.1345544308423996,0.002698595402762294,6.272280216217041,4,0.008814556524157524,per_token_head_rms,gaussian_lloyd_max,headwise_hadamard,model.layers.11.self_attn,11,hadamard_lm,hadamard_lm_k4v4,0.9984128475189209,0.0032321366015821695,0.09828726202249527,0.002698595402762294,0.03072257526218891,0.8143066167831421,4,0.008939369581639767,per_token_head_rms
K3V4,rotated non-uniform key bit reduction,0.5222584009170532,0.01004835870116949,23.14982032775879,3,0.03156128153204918,per_token_head_rms,gaussian_lloyd_max,headwise_hadamard,model.layers.11.self_attn,11,hadamard_lm,hadamard_lm_k3v4,0.993383526802063,0.01392826996743679,0.3659777045249939,0.01004835870116949,0.12740559875965118,0.6802978515625,4,0.008939369581639767,per_token_head_rms
K4V3,rotated non-uniform value bit reduction,0.1345544308423996,0.002698595402762294,6.272280216217041,4,0.008814556524157524,per_token_head_rms,gaussian_lloyd_max,headwise_hadamard,model.layers.11.self_attn,11,hadamard_lm,hadamard_lm_k4v3,0.9970044493675232,0.0063905734568834305,0.09828726202249527,0.002698595402762294,0.03072257526218891,0.8143066167831421,3,0.03229016438126564,per_token_head_rms
K3V3,aggressive rotated non-uniform KV fake quant,0.5222584009170532,0.01004835870116949,23.14982032775879,3,0.03156128153204918,per_token_head_rms,gaussian_lloyd_max,headwise_hadamard,model.layers.11.self_attn,11,hadamard_lm,hadamard_lm_k3v3,0.991645872592926,0.016844982281327248,0.3659777045249939,0.01004835870116949,0.12740559875965118,0.6802978515625,3,0.03229016438126564,per_token_head_rms
K2V4,key 2-bit failure boundary,3.0865325927734375,0.03774470090866089,78.45565032958984,2,0.1065918430685997,per_token_head_rms,gaussian_lloyd_max,headwise_hadamard,model.layers.11.self_attn,11,hadamard_lm,hadamard_lm_k2v4,0.9777824282646179,0.05424974486231804,1.3747239112854004,0.03774470090866089,0.4114706814289093,0.511401355266571,4,0.008939369581639767,per_token_head_rms
K16V16,baseline,0.0,0.0,0.0,16,0.0,none,none,none,model.layers.12.self_attn,12,fp16,fp16,1.000005841255188,0.0,0.0,0.0,0.0,1.0,16,0.0,none
K4V4,uniform fake quant KV baseline,-0.6939178109169006,0.01678232103586197,42.85887145996094,4,0.04341105371713638,per_token_head_absmax,absmax_per_token_head,none,model.layers.12.self_attn,12,absmax,absmax_k4v4,0.9894103407859802,0.021186470985412598,0.6771936416625977,0.01678232103586197,0.21082736551761627,0.6151123046875,4,0.013180175796151161,per_token_head_absmax
K3V4,uniform fake quant with lower key bits,4.567977428436279,0.06043672561645508,135.21160888671875,3,0.20920856297016144,per_token_head_absmax,absmax_per_token_head,none,model.layers.12.self_attn,12,absmax,absmax_k3v4,0.9525099396705627,0.11487216502428055,2.4387190341949463,0.06043672561645508,0.7487147450447083,0.4343505799770355,4,0.013180175796151161,per_token_head_absmax
K4V3,uniform fake quant with lower value bits,-0.6939178109169006,0.01678232103586197,42.85887145996094,4,0.04341105371713638,per_token_head_absmax,absmax_per_token_head,none,model.layers.12.self_attn,12,absmax,absmax_k4v3,0.985791802406311,0.028596743941307068,0.6771936416625977,0.01678232103586197,0.21082736551761627,0.6151123046875,3,0.07253486663103104,per_token_head_absmax
K4V4,rotated non-uniform KV fake quant,0.2635018527507782,0.0031154253520071507,7.976161956787109,4,0.008678499609231949,per_token_head_rms,gaussian_lloyd_max,headwise_hadamard,model.layers.12.self_attn,12,hadamard_lm,hadamard_lm_k4v4,0.9980708360671997,0.003957838285714388,0.12571242451667786,0.0031154253520071507,0.043964933604002,0.7730712890625,4,0.008771350607275963,per_token_head_rms
K3V4,rotated non-uniform key bit reduction,0.9077521562576294,0.011520486325025558,28.927675247192383,3,0.03111995756626129,per_token_head_rms,gaussian_lloyd_max,headwise_hadamard,model.layers.12.self_attn,12,hadamard_lm,hadamard_lm_k3v4,0.9946739673614502,0.011330462992191315,0.4648701548576355,0.011520486325025558,0.1433982104063034,0.6541748046875,4,0.008771350607275963,per_token_head_rms
K4V3,rotated non-uniform value bit reduction,0.2635018527507782,0.0031154253520071507,7.976161956787109,4,0.008678499609231949,per_token_head_rms,gaussian_lloyd_max,headwise_hadamard,model.layers.12.self_attn,12,hadamard_lm,hadamard_lm_k4v3,0.9963585138320923,0.008067099377512932,0.12571242451667786,0.0031154253520071507,0.043964933604002,0.7730712890625,3,0.03219584748148918,per_token_head_rms
K3V3,aggressive rotated non-uniform KV fake quant,0.9077521562576294,0.011520486325025558,28.927675247192383,3,0.03111995756626129,per_token_head_rms,gaussian_lloyd_max,headwise_hadamard,model.layers.12.self_attn,12,hadamard_lm,hadamard_lm_k3v3,0.9927617907524109,0.014471585862338543,0.4648701548576355,0.011520486325025558,0.1433982104063034,0.6541748046875,3,0.03219584748148918,per_token_head_rms
K2V4,key 2-bit failure boundary,5.162072658538818,0.04781297966837883,96.83015441894531,2,0.1081046536564827,per_token_head_rms,gaussian_lloyd_max,headwise_hadamard,model.layers.12.self_attn,12,hadamard_lm,hadamard_lm_k2v4,0.9687324166297913,0.09992613643407822,1.929330587387085,0.04781297966837883,0.5468888282775879,0.4677978456020355,4,0.008771350607275963,per_token_head_rms
K16V16,baseline,0.0,0.0,0.0,16,0.0,none,none,none,model.layers.13.self_attn,13,fp16,fp16,1.000010371208191,0.0,0.0,0.0,0.0,1.0,16,0.0,none
K4V4,uniform fake quant KV baseline,-0.4916404187679291,0.01570511795580387,32.342041015625,4,0.043101560324430466,per_token_head_absmax,absmax_per_token_head,none,model.layers.13.self_attn,13,absmax,absmax_k4v4,0.9913949370384216,0.01740906573832035,0.5091211199760437,0.01570511795580387,0.17635343968868256,0.599365234375,4,0.01415414921939373,per_token_head_absmax
K3V4,uniform fake quant with lower key bits,4.517348289489746,0.07577308267354965,136.80162048339844,3,0.19794048368930817,per_token_head_absmax,absmax_per_token_head,none,model.layers.13.self_attn,13,absmax,absmax_k3v4,0.9669964909553528,0.08392258733510971,2.456376075744629,0.07577308267354965,0.6075025200843811,0.393310546875,4,0.01415414921939373,per_token_head_absmax
K4V3,uniform fake quant with lower value bits,-0.4916404187679291,0.01570511795580387,32.342041015625,4,0.043101560324430466,per_token_head_absmax,absmax_per_token_head,none,model.layers.13.self_attn,13,absmax,absmax_k4v3,0.9862978458404541,0.02802456170320511,0.5091211199760437,0.01570511795580387,0.17635343968868256,0.599365234375,3,0.07739955186843872,per_token_head_absmax
K4V4,rotated non-uniform KV fake quant,0.3774893283843994,0.0035667093470692635,7.257431983947754,4,0.0087088318541646,per_token_head_rms,gaussian_lloyd_max,headwise_hadamard,model.layers.13.self_attn,13,hadamard_lm,hadamard_lm_k4v4,0.9972653985023499,0.005501950159668922,0.11562390625476837,0.0035667093470692635,0.040154021233320236,0.779370129108429,4,0.008975849486887455,per_token_head_rms
K3V4,rotated non-uniform key bit reduction,1.2723733186721802,0.012452232651412487,24.215988159179688,3,0.030949879437685013,per_token_head_rms,gaussian_lloyd_max,headwise_hadamard,model.layers.13.self_attn,13,hadamard_lm,hadamard_lm_k3v4,0.9920606017112732,0.01654689386487007,0.40367063879966736,0.012452232651412487,0.13781696557998657,0.6208740472793579,4,0.008975849486887455,per_token_head_rms
K4V3,rotated non-uniform value bit reduction,0.3774893283843994,0.0035667093470692635,7.257431983947754,4,0.0087088318541646,per_token_head_rms,gaussian_lloyd_max,headwise_hadamard,model.layers.13.self_attn,13,hadamard_lm,hadamard_lm_k4v3,0.9954257011413574,0.009359641000628471,0.11562390625476837,0.0035667093470692635,0.040154021233320236,0.779370129108429,3,0.03204328566789627,per_token_head_rms
K3V3,aggressive rotated non-uniform KV fake quant,1.2723733186721802,0.012452232651412487,24.215988159179688,3,0.030949879437685013,per_token_head_rms,gaussian_lloyd_max,headwise_hadamard,model.layers.13.self_attn,13,hadamard_lm,hadamard_lm_k3v3,0.9899590015411377,0.020083898678421974,0.40367063879966736,0.012452232651412487,0.13781696557998657,0.6208740472793579,3,0.03204328566789627,per_token_head_rms
K2V4,key 2-bit failure boundary,3.747123956680298,0.050384003669023514,90.49186706542969,2,0.10589549690485,per_token_head_rms,gaussian_lloyd_max,headwise_hadamard,model.layers.13.self_attn,13,hadamard_lm,hadamard_lm_k2v4,0.9686816334724426,0.07438937574625015,1.6333249807357788,0.050384003669023514,0.5184439420700073,0.44086915254592896,4,0.008975849486887455,per_token_head_rms
K16V16,baseline,0.0,0.0,0.0,16,0.0,none,none,none,model.layers.14.self_attn,14,fp16,fp16,1.0000054836273193,0.0,0.0,0.0,0.0,1.0,16,0.0,none
K4V4,uniform fake quant KV baseline,0.2472529411315918,0.01735658571124077,53.93830490112305,4,0.034897442907094955,per_token_head_absmax,absmax_per_token_head,none,model.layers.14.self_attn,14,absmax,absmax_k4v4,0.9711692333221436,0.06070583686232567,0.8437412977218628,0.01735658571124077,0.2585373520851135,0.6456543207168579,4,0.016526000574231148,per_token_head_absmax
K3V4,uniform fake quant with lower key bits,0.7936705350875854,0.0664205402135849,206.01625061035156,3,0.15682557225227356,per_token_head_absmax,absmax_per_token_head,none,model.layers.14.self_attn,14,absmax,absmax_k3v4,0.9042166471481323,0.2179998904466629,3.228846549987793,0.0664205402135849,0.8690731525421143,0.4552978575229645,4,0.016526000574231148,per_token_head_absmax
K4V3,uniform fake quant with lower value bits,0.2472529411315918,0.01735658571124077,53.93830490112305,4,0.034897442907094955,per_token_head_absmax,absmax_per_token_head,none,model.layers.14.self_attn,14,absmax,absmax_k4v3,0.9613794684410095,0.08394811302423477,0.8437412977218628,0.01735658571124077,0.2585373520851135,0.6456543207168579,3,0.09165555238723755,per_token_head_absmax
K4V4,rotated non-uniform KV fake quant,0.2585887610912323,0.003915071487426758,12.11362075805664,4,0.008675672113895416,per_token_head_rms,gaussian_lloyd_max,headwise_hadamard,model.layers.14.self_attn,14,hadamard_lm,hadamard_lm_k4v4,0.9915502667427063,0.01704668626189232,0.19032013416290283,0.003915071487426758,0.04779365286231041,0.785400390625,4,0.009327494539320469,per_token_head_rms
K3V4,rotated non-uniform key bit reduction,1.4044438600540161,0.01443469524383545,42.93645477294922,3,0.03111724555492401,per_token_head_rms,gaussian_lloyd_max,headwise_hadamard,model.layers.14.self_attn,14,hadamard_lm,hadamard_lm_k3v4,0.9776737093925476,0.04677635803818703,0.7017018795013428,0.01443469524383545,0.17482635378837585,0.6571044921875,4,0.009327494539320469,per_token_head_rms
K4V3,rotated non-uniform value bit reduction,0.2585887610912323,0.003915071487426758,12.11362075805664,4,0.008675672113895416,per_token_head_rms,gaussian_lloyd_max,headwise_hadamard,model.layers.14.self_attn,14,hadamard_lm,hadamard_lm_k4v3,0.9868226051330566,0.026191862300038338,0.19032013416290283,0.003915071487426758,0.04779365286231041,0.785400390625,3,0.03457938879728317,per_token_head_rms
K3V3,aggressive rotated non-uniform KV fake quant,1.4044438600540161,0.01443469524383545,42.93645477294922,3,0.03111724555492401,per_token_head_rms,gaussian_lloyd_max,headwise_hadamard,model.layers.14.self_attn,14,hadamard_lm,hadamard_lm_k3v3,0.9739181995391846,0.05248108506202698,0.7017018795013428,0.01443469524383545,0.17482635378837585,0.6571044921875,3,0.03457938879728317,per_token_head_rms
K2V4,key 2-bit failure boundary,5.2288947105407715,0.051228828728199005,132.04071044921875,2,0.1072126030921936,per_token_head_rms,gaussian_lloyd_max,headwise_hadamard,model.layers.14.self_attn,14,hadamard_lm,hadamard_lm_k2v4,0.9336767792701721,0.15427516400814056,2.490344524383545,0.051228828728199005,0.5880613923072815,0.501220703125,4,0.009327494539320469,per_token_head_rms
K16V16,baseline,0.0,0.0,0.0,16,0.0,none,none,none,model.layers.15.self_attn,15,fp16,fp16,1.0000109672546387,0.0,0.0,0.0,0.0,1.0,16,0.0,none
K4V4,uniform fake quant KV baseline,-0.8688058853149414,0.011762088164687157,50.292720794677734,4,0.038611508905887604,per_token_head_absmax,absmax_per_token_head,none,model.layers.15.self_attn,15,absmax,absmax_k4v4,0.9722382426261902,0.06194553151726723,0.7976178526878357,0.011762088164687157,0.2307252585887909,0.696533203125,4,0.011703652329742908,per_token_head_absmax
K3V4,uniform fake quant with lower key bits,-0.6118115782737732,0.05180993303656578,224.48114013671875,3,0.18682236969470978,per_token_head_absmax,absmax_per_token_head,none,model.layers.15.self_attn,15,absmax,absmax_k3v4,0.8865315318107605,0.2542004883289337,3.51336669921875,0.05180993303656578,0.7510783672332764,0.4625000059604645,4,0.011703652329742908,per_token_head_absmax
K4V3,uniform fake quant with lower value bits,-0.8688058853149414,0.011762088164687157,50.292720794677734,4,0.038611508905887604,per_token_head_absmax,absmax_per_token_head,none,model.layers.15.self_attn,15,absmax,absmax_k4v3,0.9641974568367004,0.08145153522491455,0.7976178526878357,0.011762088164687157,0.2307252585887909,0.696533203125,3,0.06286568194627762,per_token_head_absmax
K4V4,rotated non-uniform KV fake quant,0.3911190629005432,0.002604743931442499,11.151632308959961,4,0.008605017326772213,per_token_head_rms,gaussian_lloyd_max,headwise_hadamard,model.layers.15.self_attn,15,hadamard_lm,hadamard_lm_k4v4,0.9924591183662415,0.015096836723387241,0.17663447558879852,0.002604743931442499,0.04936971887946129,0.795581042766571,4,0.009151710197329521,per_token_head_rms
K3V4,rotated non-uniform key bit reduction,1.29245924949646,0.009720569476485252,40.516883850097656,3,0.030379099771380424,per_token_head_rms,gaussian_lloyd_max,headwise_hadamard,model.layers.15.self_attn,15,hadamard_lm,hadamard_lm_k3v4,0.9664740562438965,0.07319692522287369,0.6591771245002747,0.009720569476485252,0.1919400542974472,0.671191394329071,4,0.009151710197329521,per_token_head_rms
K4V3,rotated non-uniform value bit reduction,0.3911190629005432,0.002604743931442499,11.151632308959961,4,0.008605017326772213,per_token_head_rms,gaussian_lloyd_max,headwise_hadamard,model.layers.15.self_attn,15,hadamard_lm,hadamard_lm_k4v3,0.9888581037521362,0.02222120203077793,0.17663447558879852,0.002604743931442499,0.04936971887946129,0.795581042766571,3,0.033385757356882095,per_token_head_rms
K3V3,aggressive rotated non-uniform KV fake quant,1.29245924949646,0.009720569476485252,40.516883850097656,3,0.030379099771380424,per_token_head_rms,gaussian_lloyd_max,headwise_hadamard,model.layers.15.self_attn,15,hadamard_lm,hadamard_lm_k3v3,0.9619941115379333,0.08003012835979462,0.6591771245002747,0.009720569476485252,0.1919400542974472,0.671191394329071,3,0.033385757356882095,per_token_head_rms
K2V4,key 2-bit failure boundary,3.980032444000244,0.03605014830827713,140.6172332763672,2,0.1024755910038948,per_token_head_rms,gaussian_lloyd_max,headwise_hadamard,model.layers.15.self_attn,15,hadamard_lm,hadamard_lm_k2v4,0.9124471545219421,0.1910448521375656,2.4446544647216797,0.03605014830827713,0.5986188650131226,0.500170886516571,4,0.009151710197329521,per_token_head_rms
K16V16,baseline,0.0,0.0,0.0,16,0.0,none,none,none,model.layers.16.self_attn,16,fp16,fp16,1.0000039339065552,0.0,0.0,0.0,0.0,1.0,16,0.0,none
K4V4,uniform fake quant KV baseline,0.32800793647766113,0.016507767140865326,57.656578063964844,4,0.03435731306672096,per_token_head_absmax,absmax_per_token_head,none,model.layers.16.self_attn,16,absmax,absmax_k4v4,0.975296676158905,0.05520271509885788,0.9025651216506958,0.016507767140865326,0.3137151300907135,0.660205066204071,4,0.01553491409868002,per_token_head_absmax
K3V4,uniform fake quant with lower key bits,1.4604910612106323,0.055638473480939865,192.55775451660156,3,0.16266213357448578,per_token_head_absmax,absmax_per_token_head,none,model.layers.16.self_attn,16,absmax,absmax_k3v4,0.9528848528862,0.09903451800346375,3.042043447494507,0.055638473480939865,0.7835441827774048,0.4449706971645355,4,0.01553491409868002,per_token_head_absmax
K4V3,uniform fake quant with lower value bits,0.32800793647766113,0.016507767140865326,57.656578063964844,4,0.03435731306672096,per_token_head_absmax,absmax_per_token_head,none,model.layers.16.self_attn,16,absmax,absmax_k4v3,0.9674773216247559,0.07365089654922485,0.9025651216506958,0.016507767140865326,0.3137151300907135,0.660205066204071,3,0.08382786810398102,per_token_head_absmax
K4V4,rotated non-uniform KV fake quant,0.20671752095222473,0.003979033324867487,13.880746841430664,4,0.009004330262541771,per_token_head_rms,gaussian_lloyd_max,headwise_hadamard,model.layers.16.self_attn,16,hadamard_lm,hadamard_lm_k4v4,0.9957002401351929,0.008642098866403103,0.21755434572696686,0.003979033324867487,0.0681154876947403,0.792236328125,4,0.00891602411866188,per_token_head_rms
K3V4,rotated non-uniform key bit reduction,0.6730210185050964,0.01407887414097786,48.81200408935547,3,0.03267483413219452,per_token_head_rms,gaussian_lloyd_max,headwise_hadamard,model.layers.16.self_attn,16,hadamard_lm,hadamard_lm_k3v4,0.9868773221969604,0.027094954624772072,0.7697649598121643,0.01407887414097786,0.23477822542190552,0.6537841558456421,4,0.00891602411866188,per_token_head_rms
K4V3,rotated non-uniform value bit reduction,0.20671752095222473,0.003979033324867487,13.880746841430664,4,0.009004330262541771,per_token_head_rms,gaussian_lloyd_max,headwise_hadamard,model.layers.16.self_attn,16,hadamard_lm,hadamard_lm_k4v3,0.99222332239151,0.01553836464881897,0.21755434572696686,0.003979033324867487,0.0681154876947403,0.792236328125,3,0.032022710889577866,per_token_head_rms
K3V3,aggressive rotated non-uniform KV fake quant,0.6730210185050964,0.01407887414097786,48.81200408935547,3,0.03267483413219452,per_token_head_rms,gaussian_lloyd_max,headwise_hadamard,model.layers.16.self_attn,16,hadamard_lm,hadamard_lm_k3v3,0.9830833077430725,0.03391796723008156,0.7697649598121643,0.01407887414097786,0.23477822542190552,0.6537841558456421,3,0.032022710889577866,per_token_head_rms
K2V4,key 2-bit failure boundary,2.1526143550872803,0.04388611391186714,148.9330291748047,2,0.11336266249418259,per_token_head_rms,gaussian_lloyd_max,headwise_hadamard,model.layers.16.self_attn,16,hadamard_lm,hadamard_lm_k2v4,0.9531922340393066,0.10358767956495285,2.3994810581207275,0.04388611391186714,0.6678699254989624,0.5175536870956421,4,0.00891602411866188,per_token_head_rms
K16V16,baseline,0.0,0.0,0.0,16,0.0,none,none,none,model.layers.17.self_attn,17,fp16,fp16,1.0000109672546387,0.0,0.0,0.0,0.0,1.0,16,0.0,none
K4V4,uniform fake quant KV baseline,1.0530281066894531,0.01334958802908659,74.75370025634766,4,0.03895927220582962,per_token_head_absmax,absmax_per_token_head,none,model.layers.17.self_attn,17,absmax,absmax_k4v4,0.9700873494148254,0.06149635836482048,1.1853526830673218,0.01334958802908659,0.23983706533908844,0.6303466558456421,4,0.01530916802585125,per_token_head_absmax
K3V4,uniform fake quant with lower key bits,3.4562301635742188,0.06856594979763031,377.69866943359375,3,0.18513500690460205,per_token_head_absmax,absmax_per_token_head,none,model.layers.17.self_attn,17,absmax,absmax_k3v4,0.8868840932846069,0.290557324886322,6.08819055557251,0.06856594979763031,1.0468688011169434,0.45036619901657104,4,0.01530916802585125,per_token_head_absmax
K4V3,uniform fake quant with lower value bits,1.0530281066894531,0.01334958802908659,74.75370025634766,4,0.03895927220582962,per_token_head_absmax,absmax_per_token_head,none,model.layers.17.self_attn,17,absmax,absmax_k4v3,0.9555652141571045,0.09585721045732498,1.1853526830673218,0.01334958802908659,0.23983706533908844,0.6303466558456421,3,0.08523892611265182,per_token_head_absmax
K4V4,rotated non-uniform KV fake quant,0.5585976243019104,0.003011532826349139,16.801803588867188,4,0.008608235977590084,per_token_head_rms,gaussian_lloyd_max,headwise_hadamard,model.layers.17.self_attn,17,hadamard_lm,hadamard_lm_k4v4,0.9899341464042664,0.020583296194672585,0.26740366220474243,0.003011532826349139,0.0697803869843483,0.791186511516571,4,0.009194482117891312,per_token_head_rms
K3V4,rotated non-uniform key bit reduction,0.9545431137084961,0.009917124174535275,55.44553756713867,3,0.03115314058959484,per_token_head_rms,gaussian_lloyd_max,headwise_hadamard,model.layers.17.self_attn,17,hadamard_lm,hadamard_lm_k3v4,0.9738473892211914,0.054786793887615204,0.8805732727050781,0.009917124174535275,0.22589653730392456,0.6436523199081421,4,0.009194482117891312,per_token_head_rms
K4V3,rotated non-uniform value bit reduction,0.5585976243019104,0.003011532826349139,16.801803588867188,4,0.008608235977590084,per_token_head_rms,gaussian_lloyd_max,headwise_hadamard,model.layers.17.self_attn,17,hadamard_lm,hadamard_lm_k4v3,0.9849188923835754,0.030163709074258804,0.26740366220474243,0.003011532826349139,0.0697803869843483,0.791186511516571,3,0.033739086240530014,per_token_head_rms
K3V3,aggressive rotated non-uniform KV fake quant,0.9545431137084961,0.009917124174535275,55.44553756713867,3,0.03115314058959484,per_token_head_rms,gaussian_lloyd_max,headwise_hadamard,model.layers.17.self_attn,17,hadamard_lm,hadamard_lm_k3v3,0.9677678942680359,0.06609412282705307,0.8805732727050781,0.009917124174535275,0.22589653730392456,0.6436523199081421,3,0.033739086240530014,per_token_head_rms
K2V4,key 2-bit failure boundary,5.243588447570801,0.038342077285051346,190.393798828125,2,0.1043877974152565,per_token_head_rms,gaussian_lloyd_max,headwise_hadamard,model.layers.17.self_attn,17,hadamard_lm,hadamard_lm_k2v4,0.9528540968894958,0.09672097861766815,3.4045159816741943,0.038342077285051346,0.5048410892486572,0.4944824278354645,4,0.009194482117891312,per_token_head_rms
K16V16,baseline,0.0,0.0,0.0,16,0.0,none,none,none,model.layers.18.self_attn,18,fp16,fp16,1.0000150203704834,0.0,0.0,0.0,0.0,1.0,16,0.0,none
K4V4,uniform fake quant KV baseline,-1.3033337593078613,0.01654243841767311,87.55975341796875,4,0.034889090806245804,per_token_head_absmax,absmax_per_token_head,none,model.layers.18.self_attn,18,absmax,absmax_k4v4,0.9673481583595276,0.06822417676448822,1.3946629762649536,0.01654243841767311,0.22552509605884552,0.6318114995956421,4,0.01150877308100462,per_token_head_absmax
K3V4,uniform fake quant with lower key bits,7.719311714172363,0.06831583380699158,309.0256042480469,3,0.1720995306968689,per_token_head_absmax,absmax_per_token_head,none,model.layers.18.self_attn,18,absmax,absmax_k3v4,0.8448840975761414,0.3964199125766754,5.759583473205566,0.06831583380699158,1.107677698135376,0.4372802674770355,4,0.01150877308100462,per_token_head_absmax
K4V3,uniform fake quant with lower value bits,-1.3033337593078613,0.01654243841767311,87.55975341796875,4,0.034889090806245804,per_token_head_absmax,absmax_per_token_head,none,model.layers.18.self_attn,18,absmax,absmax_k4v3,0.9494733214378357,0.1107775866985321,1.3946629762649536,0.01654243841767311,0.22552509605884552,0.6318114995956421,3,0.06367870420217514,per_token_head_absmax
K4V4,rotated non-uniform KV fake quant,0.3139546513557434,0.0040373364463448524,21.68578338623047,4,0.00872898194938898,per_token_head_rms,gaussian_lloyd_max,headwise_hadamard,model.layers.18.self_attn,18,hadamard_lm,hadamard_lm_k4v4,0.9906225800514221,0.018773328512907028,0.3403804898262024,0.0040373364463448524,0.05281444266438484,0.766308605670929,4,0.009237411431968212,per_token_head_rms
K3V4,rotated non-uniform key bit reduction,1.4996905326843262,0.014083335176110268,73.74071502685547,3,0.032243452966213226,per_token_head_rms,gaussian_lloyd_max,headwise_hadamard,model.layers.18.self_attn,18,hadamard_lm,hadamard_lm_k3v4,0.9739000201225281,0.05260958895087242,1.1873403787612915,0.014083335176110268,0.17904487252235413,0.607958972454071,4,0.009237411431968212,per_token_head_rms
K4V3,rotated non-uniform value bit reduction,0.3139546513557434,0.0040373364463448524,21.68578338623047,4,0.00872898194938898,per_token_head_rms,gaussian_lloyd_max,headwise_hadamard,model.layers.18.self_attn,18,hadamard_lm,hadamard_lm_k4v3,0.9836124777793884,0.03275783732533455,0.3403804898262024,0.0040373364463448524,0.05281444266438484,0.766308605670929,3,0.03353286162018776,per_token_head_rms
K3V3,aggressive rotated non-uniform KV fake quant,1.4996905326843262,0.014083335176110268,73.74071502685547,3,0.032243452966213226,per_token_head_rms,gaussian_lloyd_max,headwise_hadamard,model.layers.18.self_attn,18,hadamard_lm,hadamard_lm_k3v3,0.9669795632362366,0.06501955538988113,1.1873403787612915,0.014083335176110268,0.17904487252235413,0.607958972454071,3,0.03353286162018776,per_token_head_rms
K2V4,key 2-bit failure boundary,7.074785232543945,0.052234526723623276,231.79049682617188,2,0.11064152419567108,per_token_head_rms,gaussian_lloyd_max,headwise_hadamard,model.layers.18.self_attn,18,hadamard_lm,hadamard_lm_k2v4,0.9113243222236633,0.1947813183069229,4.4037981033325195,0.052234526723623276,0.4872336685657501,0.4616943299770355,4,0.009237411431968212,per_token_head_rms
K16V16,baseline,0.0,0.0,0.0,16,0.0,none,none,none,model.layers.19.self_attn,19,fp16,fp16,1.0000053644180298,0.0,0.0,0.0,0.0,1.0,16,0.0,none
K4V4,uniform fake quant KV baseline,0.8376521468162537,0.01690654829144478,128.20681762695312,4,0.04436268284916878,per_token_head_absmax,absmax_per_token_head,none,model.layers.19.self_attn,19,absmax,absmax_k4v4,0.9321529865264893,0.15991844236850739,2.014194965362549,0.01690654829144478,0.44291001558303833,0.6506592035293579,4,0.014974838122725487,per_token_head_absmax
K3V4,uniform fake quant with lower key bits,-6.064129829406738,0.08842653781175613,637.4580688476562,3,0.21997083723545074,per_token_head_absmax,absmax_per_token_head,none,model.layers.19.self_attn,19,absmax,absmax_k3v4,0.8115606307983398,0.47093459963798523,10.534870147705078,0.08842653781175613,1.3100792169570923,0.4356933534145355,4,0.014974838122725487,per_token_head_absmax
K4V3,uniform fake quant with lower value bits,0.8376521468162537,0.01690654829144478,128.20681762695312,4,0.04436268284916878,per_token_head_absmax,absmax_per_token_head,none,model.layers.19.self_attn,19,absmax,absmax_k4v3,0.9175595641136169,0.20117925107479095,2.014194965362549,0.01690654829144478,0.44291001558303833,0.6506592035293579,3,0.08239038288593292,per_token_head_absmax
K4V4,rotated non-uniform KV fake quant,0.6633285880088806,0.0032980856485664845,24.70712661743164,4,0.008413429372012615,per_token_head_rms,gaussian_lloyd_max,headwise_hadamard,model.layers.19.self_attn,19,hadamard_lm,hadamard_lm_k4v4,0.9877889156341553,0.02487378939986229,0.3929239511489868,0.0032980856485664845,0.08514641970396042,0.7832275629043579,4,0.00911930575966835,per_token_head_rms
K3V4,rotated non-uniform key bit reduction,1.3078266382217407,0.011362853460013866,84.9286880493164,3,0.03018484078347683,per_token_head_rms,gaussian_lloyd_max,headwise_hadamard,model.layers.19.self_attn,19,hadamard_lm,hadamard_lm_k3v4,0.956504225730896,0.09655440598726273,1.3537360429763794,0.011362853460013866,0.2566564977169037,0.6676025390625,4,0.00911930575966835,per_token_head_rms
K4V3,rotated non-uniform value bit reduction,0.6633285880088806,0.0032980856485664845,24.70712661743164,4,0.008413429372012615,per_token_head_rms,gaussian_lloyd_max,headwise_hadamard,model.layers.19.self_attn,19,hadamard_lm,hadamard_lm_k4v3,0.9815915822982788,0.03665021434426308,0.3929239511489868,0.0032980856485664845,0.08514641970396042,0.7832275629043579,3,0.03358861804008484,per_token_head_rms
K3V3,aggressive rotated non-uniform KV fake quant,1.3078266382217407,0.011362853460013866,84.9286880493164,3,0.03018484078347683,per_token_head_rms,gaussian_lloyd_max,headwise_hadamard,model.layers.19.self_attn,19,hadamard_lm,hadamard_lm_k3v3,0.9514100551605225,0.10414408892393112,1.3537360429763794,0.011362853460013866,0.2566564977169037,0.6676025390625,3,0.03358861804008484,per_token_head_rms
K2V4,key 2-bit failure boundary,6.561498641967773,0.037096939980983734,239.80224609375,2,0.09882263839244843,per_token_head_rms,gaussian_lloyd_max,headwise_hadamard,model.layers.19.self_attn,19,hadamard_lm,hadamard_lm_k2v4,0.7994326949119568,0.5369137525558472,4.419617176055908,0.037096939980983734,1.0401742458343506,0.5020996332168579,4,0.00911930575966835,per_token_head_rms
K16V16,baseline,0.0,0.0,0.0,16,0.0,none,none,none,model.layers.20.self_attn,20,fp16,fp16,1.0000076293945312,0.0,0.0,0.0,0.0,1.0,16,0.0,none
K4V4,uniform fake quant KV baseline,0.8655233383178711,0.013013473711907864,180.09024047851562,4,0.04593389108777046,per_token_head_absmax,absmax_per_token_head,none,model.layers.20.self_attn,20,absmax,absmax_k4v4,0.9422371983528137,0.12253420054912567,2.825615406036377,0.013013473711907864,0.6497958302497864,0.63623046875,4,0.014430916868150234,per_token_head_absmax
K3V4,uniform fake quant with lower key bits,-0.468647837638855,0.07405456900596619,1028.8663330078125,3,0.20226836204528809,per_token_head_absmax,absmax_per_token_head,none,model.layers.20.self_attn,20,absmax,absmax_k3v4,0.8732836246490479,0.284635066986084,16.0794677734375,0.07405456900596619,2.631944417953491,0.4210205078125,4,0.014430916868150234,per_token_head_absmax
K4V3,uniform fake quant with lower value bits,0.8655233383178711,0.013013473711907864,180.09024047851562,4,0.04593389108777046,per_token_head_absmax,absmax_per_token_head,none,model.layers.20.self_attn,20,absmax,absmax_k4v3,0.9256575703620911,0.16360075771808624,2.825615406036377,0.013013473711907864,0.6497958302497864,0.63623046875,3,0.07825271785259247,per_token_head_absmax
K4V4,rotated non-uniform KV fake quant,0.03051723539829254,0.002871992764994502,39.909202575683594,4,0.00877099484205246,per_token_head_rms,gaussian_lloyd_max,headwise_hadamard,model.layers.20.self_attn,20,hadamard_lm,hadamard_lm_k4v4,0.9880751371383667,0.023923801258206367,0.6235957741737366,0.002871992764994502,0.15537235140800476,0.8031005859375,4,0.009110135026276112,per_token_head_rms
K3V4,rotated non-uniform key bit reduction,2.22871994972229,0.010082907974720001,135.1481170654297,3,0.03190028667449951,per_token_head_rms,gaussian_lloyd_max,headwise_hadamard,model.layers.20.self_attn,20,hadamard_lm,hadamard_lm_k3v4,0.9609686732292175,0.0795043408870697,2.1893017292022705,0.010082907974720001,0.5204858779907227,0.675463855266571,4,0.009110135026276112,per_token_head_rms
K4V3,rotated non-uniform value bit reduction,0.03051723539829254,0.002871992764994502,39.909202575683594,4,0.00877099484205246,per_token_head_rms,gaussian_lloyd_max,headwise_hadamard,model.layers.20.self_attn,20,hadamard_lm,hadamard_lm_k4v3,0.9831567406654358,0.033431485295295715,0.6235957741737366,0.002871992764994502,0.15537235140800476,0.8031005859375,3,0.03291229158639908,per_token_head_rms
K3V3,aggressive rotated non-uniform KV fake quant,2.22871994972229,0.010082907974720001,135.1481170654297,3,0.03190028667449951,per_token_head_rms,gaussian_lloyd_max,headwise_hadamard,model.layers.20.self_attn,20,hadamard_lm,hadamard_lm_k3v3,0.9562109708786011,0.08740611374378204,2.1893017292022705,0.010082907974720001,0.5204858779907227,0.675463855266571,3,0.03291229158639908,per_token_head_rms
K2V4,key 2-bit failure boundary,5.2146196365356445,0.03357068449258804,439.31671142578125,2,0.10786464065313339,per_token_head_rms,gaussian_lloyd_max,headwise_hadamard,model.layers.20.self_attn,20,hadamard_lm,hadamard_lm_k2v4,0.8858333230018616,0.2479558289051056,7.289202690124512,0.03357068449258804,1.4388015270233154,0.5051513910293579,4,0.009110135026276112,per_token_head_rms
K16V16,baseline,0.0,0.0,0.0,16,0.0,none,none,none,model.layers.21.self_attn,21,fp16,fp16,1.0000150203704834,0.0,0.0,0.0,0.0,1.0,16,0.0,none
K4V4,uniform fake quant KV baseline,0.8204563856124878,0.016085052862763405,170.2336883544922,4,0.04866478219628334,per_token_head_absmax,absmax_per_token_head,none,model.layers.21.self_attn,21,absmax,absmax_k4v4,0.9330013394355774,0.14716917276382446,2.670419216156006,0.016085052862763405,0.8113402128219604,0.6241210699081421,4,0.021118294447660446,per_token_head_absmax
K3V4,uniform fake quant with lower key bits,-12.768852233886719,0.09389527887105942,834.6121215820312,3,0.22705262899398804,per_token_head_absmax,absmax_per_token_head,none,model.layers.21.self_attn,21,absmax,absmax_k3v4,0.8980303406715393,0.23332899808883667,15.588370323181152,0.09389527887105942,2.0266635417938232,0.4688720703125,4,0.021118294447660446,per_token_head_absmax
K4V3,uniform fake quant with lower value bits,0.8204563856124878,0.016085052862763405,170.2336883544922,4,0.04866478219628334,per_token_head_absmax,absmax_per_token_head,none,model.layers.21.self_attn,21,absmax,absmax_k4v3,0.9211233258247375,0.1761779636144638,2.670419216156006,0.016085052862763405,0.8113402128219604,0.6241210699081421,3,0.11357398331165314,per_token_head_absmax
K4V4,rotated non-uniform KV fake quant,0.5313714742660522,0.002670149551704526,28.0885066986084,4,0.008654859848320484,per_token_head_rms,gaussian_lloyd_max,headwise_hadamard,model.layers.21.self_attn,21,hadamard_lm,hadamard_lm_k4v4,0.9876552820205688,0.025001201778650284,0.4432947039604187,0.002670149551704526,0.1616208404302597,0.789111316204071,4,0.009041087701916695,per_token_head_rms
K3V4,rotated non-uniform key bit reduction,1.6959842443466187,0.010300738736987114,106.57099914550781,3,0.03121194988489151,per_token_head_rms,gaussian_lloyd_max,headwise_hadamard,model.layers.21.self_attn,21,hadamard_lm,hadamard_lm_k3v4,0.9644489884376526,0.07381534576416016,1.7101150751113892,0.010300738736987114,0.5569236278533936,0.6458495855331421,4,0.009041087701916695,per_token_head_rms
K4V3,rotated non-uniform value bit reduction,0.5313714742660522,0.002670149551704526,28.0885066986084,4,0.008654859848320484,per_token_head_rms,gaussian_lloyd_max,headwise_hadamard,model.layers.21.self_attn,21,hadamard_lm,hadamard_lm_k4v3,0.9842389822006226,0.03142651543021202,0.4432947039604187,0.002670149551704526,0.1616208404302597,0.789111316204071,3,0.032157957553863525,per_token_head_rms
K3V3,aggressive rotated non-uniform KV fake quant,1.6959842443466187,0.010300738736987114,106.57099914550781,3,0.03121194988489151,per_token_head_rms,gaussian_lloyd_max,headwise_hadamard,model.layers.21.self_attn,21,hadamard_lm,hadamard_lm_k3v3,0.9614561200141907,0.07815387845039368,1.7101150751113892,0.010300738736987114,0.5569236278533936,0.6458495855331421,3,0.032157957553863525,per_token_head_rms
K2V4,key 2-bit failure boundary,4.9984660148620605,0.03640385717153549,361.8134460449219,2,0.10289237648248672,per_token_head_rms,gaussian_lloyd_max,headwise_hadamard,model.layers.21.self_attn,21,hadamard_lm,hadamard_lm_k2v4,0.9109582304954529,0.19204603135585785,6.043720245361328,0.03640385717153549,1.7914259433746338,0.493408203125,4,0.009041087701916695,per_token_head_rms
