projection,method,bits,relative_mse_mean,relative_mse_median,relative_mse_min,relative_mse_max,cosine_mean,cosine_median,cosine_min,cosine_max,sqnr_db_mean,sqnr_db_median,sqnr_db_min,sqnr_db_max,relative_mse_p90,cosine_p90,sqnr_db_p90
down_proj,direct_absmax,2,0.5936501595106992,0.5928718745708466,0.5901505351066589,0.6004288196563721,0.7354072278196161,0.7360514104366302,0.7264465689659119,0.7389594912528992,2.264735211025585,2.2703927755355835,2.2153847217559814,2.290372371673584,0.5974493026733398,0.7381845951080322,2.2819549083709716
down_proj,direct_absmax,3,0.07967982847582206,0.07948732376098624,0.0772543251514434,0.0852128341794014,0.9636333313855258,0.9637610912322998,0.961104929447174,0.9647159576416016,10.987886385484176,10.997053146362305,10.694950103759766,11.120772361755373,0.08146710097789764,0.9645972907543183,11.099641227722168
down_proj,direct_absmax,4,0.01480824521488759,0.014802250545471851,0.0142491180449724,0.0160395298153162,0.9926324947313829,0.9925724565982819,0.9920836091041564,0.9934723973274232,18.29683321172541,18.296722412109375,17.948083877563477,18.462120056152344,0.015196233149617839,0.9930584788322447,18.438423538208006
down_proj,hadamard_absmax,2,0.5872259925712239,0.5871741771697998,0.5865051746368408,0.5879771709442139,0.7443686859174208,0.7444530725479126,0.7434863448143005,0.7450465559959412,2.311948375268416,2.3123303651809692,2.3063950538635254,2.317281723022461,0.5878281354904175,0.7447385787963867,2.3162487745285034
down_proj,hadamard_absmax,3,0.07479133456945415,0.0748094469308853,0.0745609030127525,0.0749392285943031,0.9670082086866553,0.9670127630233765,0.9667704105377196,0.9672445058822632,11.261490735140713,11.260436058044434,11.252907752990724,11.27488899230957,0.0749241814017295,0.9671055138111114,11.269071769714357
down_proj,hadamard_absmax,4,0.013726612426001865,0.013732302468270001,0.0136902090162038,0.0137531301006674,0.9956553334539587,0.9956697225570679,0.9954351782798768,0.9958227872848512,18.624369274486195,18.62256622314453,18.615985870361328,18.63589859008789,0.013743886351585301,0.9957606375217438,18.629751205444332
down_proj,hadamard_lm,2,0.11590959165583953,0.11591256782412525,0.1157387271523475,0.1160373762249946,0.9426498846574263,0.9426765441894531,0.9424096941947936,0.9428143501281738,9.358807130293412,9.358694553375244,9.354021072387695,9.36521339416504,0.11600349321961399,0.9427558064460756,9.3617449760437
down_proj,hadamard_lm,3,0.03395348431711842,0.0339549500495195,0.0339089818298816,0.0339878909289836,0.9853274442932822,0.9853353500366211,0.9850345849990844,0.9854980111122132,14.691157471049916,14.69096851348877,14.68675708770752,14.69685173034668,0.03398448117077349,0.985444748401642,14.695349311828613
down_proj,hadamard_lm,4,0.009326603009619459,0.00932864611968395,0.0093054613098502,0.0093416264280676,0.997789591550827,0.9977964162826538,0.9975215792655944,0.9979596734046936,20.302767233415082,20.30181312561035,20.295774459838867,20.3126220703125,0.00933499541133639,0.9978959381580352,20.307681274414062
down_proj,mxfp4,4,0.013924318069422736,0.013886057306081001,0.0137287816032767,0.0144318034872412,0.9986804615367543,0.9989505112171172,0.9971739649772644,0.9995295405387878,18.562509189952504,18.574210166931152,18.40679359436035,18.623680114746097,0.01405140124261375,0.999294126033783,18.607284164428712
down_proj,randhadamard_lm,2,0.1158807545223019,0.1158720999956131,0.1157480999827385,0.1159814149141311,0.9426681318066337,0.9426791369915009,0.9424347281455994,0.9428392052650452,9.359887513247402,9.360211372375488,9.35611629486084,9.364861488342283,0.11596759930253026,0.9427734076976776,9.36235933303833
down_proj,randhadamard_lm,3,0.03394634039564561,0.03394142724573605,0.0339181199669837,0.0339766032993793,0.9853317900137468,0.9853326082229614,0.9850614666938782,0.9854751229286194,14.692070960998535,14.69269847869873,14.68820095062256,14.695682525634766,0.03397488892078399,0.9854465186595918,14.695432472229005
down_proj,randhadamard_lm,4,0.009323923340575213,0.009322287049144451,0.0093163512647151,0.0093320645391941,0.9977911195971749,0.9977934956550598,0.997533917427063,0.9979508519172668,20.304014032537285,20.30477523803711,20.30022430419922,20.307540893554688,0.00933090690523385,0.9978966236114502,20.307280349731446
down_proj,randortho_lm,2,0.11600276048887856,0.11599242314696304,0.1158756390213966,0.1161331906914711,0.9426053410226648,0.9426321387290955,0.9423831701278688,0.942736268043518,9.355317115783691,9.355703353881836,9.350436210632324,9.360078811645508,0.11607329919934273,0.94271542429924,9.357572174072265
down_proj,randortho_lm,3,0.033978912640701596,0.03397553041577335,0.0339277200400829,0.0340128280222415,0.9853121042251587,0.9853253066539764,0.985053300857544,0.985471487045288,14.687906048514627,14.688337802886963,14.683571815490724,14.694453239440918,0.034006175771355604,0.9854286134243012,14.691674423217773
down_proj,randortho_lm,4,0.009329355829818628,0.00933031039312475,0.0093113230541348,0.009344732388854,0.9977887381206859,0.9977982938289642,0.9975273609161376,0.9979520440101624,20.301485321738504,20.301039695739746,20.29433250427246,20.309886932373047,0.00934065412729975,0.9979008436203004,20.306565284729004
gate_proj,direct_absmax,2,0.5935570516369559,0.5923105776309967,0.5895141959190369,0.6044450998306274,0.7359938296404752,0.7371319234371185,0.724079966545105,0.7401307821273804,2.2654412442987617,2.2745050191879272,2.1864311695098877,2.2950572967529297,0.5970142543315887,0.7385849714279175,2.2864797592163084
gate_proj,direct_absmax,3,0.07914950664747841,0.0785998851060867,0.0765024200081825,0.0879916101694107,0.9639592251994393,0.9642194211483002,0.9599217772483826,0.9650297164916992,11.017331556840377,11.04578447341919,10.555587768554688,11.163249015808104,0.08097710087895393,0.9647870898246766,11.123696994781495
gate_proj,direct_absmax,4,0.014627900736575723,0.0145135936327278,0.0140865612775087,0.0163304340094327,0.9936027039181102,0.9937690496444702,0.9922562837600708,0.9939562678337096,18.350219119678844,18.382250785827637,17.870023727416992,18.51194953918457,0.01502938577905288,0.9939100861549377,18.476064109802245
gate_proj,hadamard_absmax,2,0.5873729884624481,0.5873575508594513,0.5867589116096497,0.5879806280136108,0.7439297789877112,0.7439068257808685,0.7435766458511353,0.7447466254234314,2.3108609372919258,2.3109744787216187,2.306370258331299,2.3154029846191406,0.5877018392086029,0.7442609548568726,2.314204454421997
gate_proj,hadamard_absmax,3,0.07482050697911866,0.0748216621577739,0.074592538177967,0.0749213993549346,0.9671930426901038,0.96724933385849,0.9667912125587464,0.9673880934715272,11.259795622392135,11.259726524353027,11.25394058227539,11.273046493530272,0.07488227039575573,0.9673791706562043,11.263772010803223
gate_proj,hadamard_absmax,4,0.013731893829323981,0.0137323499657213,0.013698480091989,0.0137568656355142,0.995788877660578,0.9958738684654236,0.9953742027282716,0.9960129261016846,18.62269791689786,18.62255096435547,18.614805221557617,18.633275985717773,0.01374998856335875,0.9959519565105438,18.628982353210453
gate_proj,hadamard_lm,2,0.11592424965717572,0.11593704298138616,0.1157626211643219,0.116019032895565,0.9426689337600361,0.942709356546402,0.9423917531967164,0.9428831934928894,9.358257640491832,9.35777759552002,9.354707717895508,9.364316940307615,0.11598908081650726,0.9428359687328338,9.361853122711182
gate_proj,hadamard_lm,3,0.033958026631311894,0.0339570268988609,0.0339103564620018,0.033999428153038,0.9854219447482716,0.9854990839958192,0.985048234462738,0.985640823841095,14.690576206554066,14.690703392028809,14.685283660888672,14.69667625427246,0.03397817164659492,0.9855792164802551,14.693957805633543
gate_proj,hadamard_lm,4,0.009325785731727392,0.009326241910457549,0.0093101952224969,0.009339808486402,0.9979089308868755,0.9979791641235352,0.9975146055221558,0.9981344938278198,20.303147142583672,20.30293369293213,20.296621322631836,20.31041145324707,0.009336072485893939,0.9980735659599304,20.30777931213379
gate_proj,mxfp4,4,0.014019591522149015,0.014014135114848551,0.0139484489336609,0.0141216041520237,0.9995326562361284,0.9998291730880738,0.99731707572937,1.0015201568603516,18.532671841708098,18.534337043762207,18.50115966796875,18.55474090576172,0.014083500113338171,1.0007089376449585,18.552568817138674
gate_proj,randhadamard_lm,2,0.11591927233067421,0.1159245558083057,0.1157959178090095,0.1160052716732025,0.9426763138987801,0.9427350759506226,0.9424006938934326,0.9428552985191344,9.358443867076527,9.358245849609375,9.355222702026367,9.363067626953123,0.11598159894347189,0.9428434371948242,9.360992050170898
gate_proj,randhadamard_lm,3,0.03395394862375472,0.033956600353121744,0.0338881835341453,0.0339872762560844,0.9854262633757158,0.9854923188686371,0.9850502014160156,0.985649049282074,14.691098299893467,14.690757751464844,14.68683624267578,14.699517250061035,0.03398082591593261,0.9856023967266083,14.693516159057616
gate_proj,randhadamard_lm,4,0.009325181176377914,0.00932648032903665,0.0093046808615326,0.0093408236280083,0.9979111443866383,0.9979906380176544,0.997524917125702,0.9981294870376588,20.303429343483664,20.302823066711426,20.29615020751953,20.312986373901367,0.00933384625241159,0.9980830430984499,20.307272911071777
gate_proj,randortho_lm,2,0.11601256274364205,0.11600282415747634,0.1158910319209098,0.1161224618554115,0.9426204535094175,0.9426693320274353,0.9423404335975648,0.9428483247756958,9.354950601404363,9.355314254760742,9.350837707519531,9.359501838684082,0.11609840467572209,0.9427671670913697,9.358508110046385
gate_proj,randortho_lm,3,0.033983884379267644,0.03398530744016165,0.0339361540973186,0.0340398624539375,0.9854083603078668,0.9854827523231506,0.9850261807441713,0.985641062259674,14.687270771373402,14.687088012695312,14.68012237548828,14.693373680114746,0.03400916941463939,0.98558109998703,14.690684700012207
gate_proj,randortho_lm,4,0.0093322279863059,0.00933177210390565,0.0093140332028269,0.0093546900898218,0.9979052950035442,0.9979735314846039,0.9975212216377258,0.9981244206428528,20.300148357044566,20.300357818603516,20.28970718383789,20.308624267578125,0.009342374000698251,0.9980855762958527,20.30438575744629
k_proj,direct_absmax,2,0.6057363707910884,0.6084846258163452,0.4891491234302521,0.6403207778930664,0.717229734767567,0.7199279069900513,0.6759243011474609,0.7444613575935364,2.182112281972712,2.1575056314468384,1.936024188995361,3.1055874824523926,0.6195372581481934,0.7279628813266754,2.208446192741394
k_proj,direct_absmax,3,0.0938751026988029,0.0882979519665241,0.0812385380268096,0.1619063019752502,0.9559124139222231,0.958587259054184,0.9213821291923524,0.9618235230445862,10.335233363238247,10.540494918823242,7.907362461090088,10.90237808227539,0.10672991275787348,0.9613723993301392,10.847010231018066
k_proj,direct_absmax,4,0.01813112000342115,0.016273175366222803,0.0149527378380298,0.04566590487957,0.9910590567372062,0.9919612109661102,0.977644383907318,0.9926058053970336,17.572756333784625,17.88529682159424,13.40407943725586,18.25279426574707,0.019812291115522313,0.9925236284732818,18.203342056274415
k_proj,hadamard_absmax,2,0.5844169936396859,0.585574597120285,0.5507210493087769,0.5896201729774475,0.7445285564119165,0.7434777915477753,0.7405131459236145,0.7740116715431213,2.3331425840204414,2.324177622795105,2.294276475906372,2.5906834602355957,0.588025027513504,0.7445592880249023,2.3372052907943726
k_proj,hadamard_absmax,3,0.0740176208994605,0.07445429265499115,0.0638497471809387,0.0753662884235382,0.965046451850371,0.9648764431476592,0.964412808418274,0.9696502089500428,11.308866890993984,11.281102180480957,11.228228569030762,11.948408126831056,0.07511043995618817,0.965026217699051,11.304025268554687
k_proj,hadamard_absmax,4,0.013574431819671886,0.013651683460921,0.0117123872041702,0.0138245895504951,0.9932966096834703,0.9932537972927094,0.993161916732788,0.9942547082901,18.674985885620117,18.64813804626465,18.593477249145508,19.313547134399418,0.0137509065680205,0.9932992458343506,18.67567024230957
k_proj,hadamard_lm,2,0.11529224095019423,0.1156777031719684,0.1089411675930023,0.1163945496082305,0.9406070140275088,0.9403881728649139,0.940004289150238,0.9441781640052797,9.382353262467818,9.367504119873047,9.340673446655272,9.628079414367676,0.1159451238811016,0.940717387199402,9.390136528015137
k_proj,hadamard_lm,3,0.033749274062839375,0.033847352489829,0.0316463410854339,0.0340658873319625,0.9829940254038031,0.9829377830028534,0.982820987701416,0.9841456413269044,14.717813578518955,14.704752445220947,14.676801681518556,14.99676513671875,0.03403493538498875,0.9830340504646302,14.729410743713379
k_proj,hadamard_lm,4,0.0092708166180686,0.009296012576669399,0.0087738716974854,0.0093819899484515,0.9953658607873049,0.9953525960445404,0.9952982068061828,0.995668649673462,20.32917057384144,20.317031860351562,20.277050018310547,20.568086624145508,0.00934217348694792,0.9953925907611847,20.341263580322266
k_proj,mxfp4,4,0.014720719857987981,0.01419947855174535,0.0137709090486168,0.023545317351818,0.992635496638038,0.992893636226654,0.988242506980896,0.9931010603904724,18.350641163912687,18.47728157043457,16.280954360961914,18.610374450683594,0.015028564725071122,0.9930230915546417,18.558970260620118
k_proj,randhadamard_lm,2,0.11529230665076859,0.11571622267365456,0.1086137741804122,0.1163869574666023,0.9406064206903632,0.940371185541153,0.9400074481964112,0.9443395733833312,9.38238473372026,9.366058349609375,9.340956687927246,9.64115047454834,0.11601642593741412,0.9407379806041718,9.39218349456787
k_proj,randhadamard_lm,3,0.0337643469260497,0.03386024385690685,0.0316370911896228,0.0341202057898044,0.9829871356487274,0.9829338490962982,0.9827925562858582,0.9841474890708924,14.715878053144975,14.703099250793457,14.669883728027344,14.998034477233888,0.03402567878365509,0.9830431342124938,14.723554229736326
k_proj,randhadamard_lm,4,0.009271486027335523,0.009292310569435299,0.008808416314423,0.0093968790024518,0.9953657822175459,0.9953538477420806,0.9952926635742188,0.9956554174423218,20.328814073042437,20.318763732910156,20.270164489746097,20.551021575927734,0.009328442160040069,0.9953816175460817,20.34735908508301
k_proj,randortho_lm,2,0.11589110304008826,0.1159165017306804,0.11542759090662,0.1164383441209793,0.9402804862369191,0.9402602016925812,0.9399911761283876,0.9405624866485596,9.35951042175293,9.35854721069336,9.33903980255127,9.376903533935549,0.11620711609721182,0.9404571771621705,9.371918201446535
k_proj,randortho_lm,3,0.03393130360001862,0.033921474590897546,0.0336822345852851,0.0341374948620796,0.9828996387394991,0.9828979969024658,0.9827865362167358,0.9830549955368042,14.694019967859441,14.695252895355225,14.667683601379396,14.725991249084473,0.03410880230367175,0.9829677820205688,14.711522102355955
k_proj,randortho_lm,4,0.009315494363280817,0.009324308019131401,0.0092232190072536,0.0093750618398189,0.9953429129990664,0.9953359067440033,0.9953036308288574,0.9954214692115784,20.3079682263461,20.303833961486816,20.280258178710938,20.351173400878903,0.00934366276487707,0.995363175868988,20.32456874847412
o_proj,direct_absmax,2,0.5963863296942278,0.5969910621643066,0.5911087393760681,0.6010189652442932,0.7315296043049205,0.7314934134483337,0.7238430976867676,0.7363146543502808,2.2447608059102837,2.2403221130371094,2.211118221282959,2.2833266258239746,0.59908367395401,0.735137140750885,2.272196912765503
o_proj,direct_absmax,3,0.08115578815340992,0.0803775601089,0.0781345069408416,0.0962790697813034,0.9620848108421672,0.9624672532081604,0.9551518559455872,0.9634711742401124,10.910809820348566,10.948652267456055,10.164681434631348,11.071571350097656,0.08290011361241338,0.9632329046726226,11.048546791076662
o_proj,direct_absmax,4,0.015021992254663536,0.01480730948969715,0.0143776107579469,0.0189045686274766,0.9928697591478174,0.992968887090683,0.9911077618598938,0.9931679368019104,18.239703958684746,18.295251846313477,17.234333038330078,18.423133850097656,0.01534478263929477,0.9931287705898284,18.401738548278807
o_proj,hadamard_absmax,2,0.5927106142044067,0.5924656093120575,0.5868023633956909,0.5964723229408264,0.7360870350490917,0.736962616443634,0.7303622364997864,0.7391196489334106,2.271602077917619,2.2733689546585083,2.2440969944000244,2.3150813579559326,0.5950923323631286,0.7386569440364837,2.2862408638000487
o_proj,hadamard_absmax,3,0.07809920744462441,0.0777151137590408,0.0760081857442855,0.083176277577877,0.9637466994198886,0.9640243053436279,0.9614421129226683,0.9646682739257812,11.074689258228648,11.094945907592773,10.800004959106444,11.191396713256836,0.08083074539899826,0.9644830405712128,11.168619155883789
o_proj,hadamard_absmax,4,0.014336011584170794,0.01426033396273845,0.0139510305598378,0.0153526375070214,0.9934767430478876,0.9935328960418701,0.9929542541503906,0.9937712550163268,18.436967329545453,18.458703994750977,18.13817024230957,18.553937911987305,0.01484535047784441,0.9936579525470733,18.529650688171387
o_proj,hadamard_lm,2,0.11925061656670133,0.11882860958576195,0.1168381497263908,0.1254999488592147,0.9390277320688422,0.9392562806606294,0.9357033371925354,0.9402933716773988,9.236050865866922,9.250792503356934,9.013565063476562,9.324152946472168,0.12229069694876668,0.9400410056114196,9.304880523681641
o_proj,hadamard_lm,3,0.03519012609666039,0.03501562215387815,0.0343098230659961,0.0374893434345722,0.9828088744120165,0.9829248487949371,0.9816026091575624,0.9832404851913452,14.536847721446644,14.557382106781006,14.260921478271484,14.645814895629885,0.036331159994006094,0.9831806659698487,14.623172760009766
o_proj,hadamard_lm,4,0.00969512244178485,0.0096269608475267,0.009422805160284,0.0104353986680507,0.9957054203206842,0.9957664906978607,0.9952866435050964,0.9958881139755248,20.13589416850697,20.16510772705078,19.81490898132324,20.258197784423828,0.01006505675613875,0.9958445489406587,20.23488159179687
o_proj,mxfp4,4,0.013714436441659882,0.01362806279212235,0.0134468199685215,0.0150855323299765,0.9938980964097109,0.9936547577381134,0.9935407042503356,0.9947570562362672,18.62937814539129,18.655659675598145,18.214393615722656,18.713804244995117,0.01385688800364729,0.9947097301483155,18.697854804992676
o_proj,randhadamard_lm,2,0.11582277918403795,0.11588224023580546,0.1149536520242691,0.1160094365477562,0.9408510300246152,0.9408106803894043,0.940737783908844,0.941519558429718,9.362067612734707,9.359830856323242,9.355067253112791,9.39477252960205,0.11597130149602886,0.940928602218628,9.365484714508055
o_proj,randhadamard_lm,3,0.03392732007936994,0.0339340735226869,0.0336888395249843,0.0340055376291275,0.9834508055990393,0.9834342002868652,0.9833831191062928,0.983828067779541,14.694511717016047,14.693640232086182,14.684503555297852,14.725139617919922,0.033987224474549285,0.9834887266159058,14.698357391357423
o_proj,randhadamard_lm,4,0.009316043166274322,0.0093162721022963,0.0092546269297599,0.0093521894887089,0.9958955997770483,0.9958782196044922,0.9958286881446838,0.996196448802948,20.30769443511963,20.307579040527344,20.29086685180664,20.336410522460938,0.00933450786396857,0.9959280073642732,20.31518096923828
o_proj,randortho_lm,2,0.11601915549148209,0.11601325497031209,0.1156971007585525,0.1167071759700775,0.940744012594223,0.9407382607460022,0.9405756592750548,0.9409337043762208,9.354708064686168,9.354924201965332,9.329024314880373,9.366775512695312,0.11609427034854887,0.9408288478851319,9.35987138748169
o_proj,randortho_lm,3,0.033987954428250096,0.03398801200091835,0.0338805131614208,0.0341981016099453,0.9834200089628046,0.983417809009552,0.9833449125289916,0.9835625290870668,14.68675674091686,14.686742305755615,14.65998077392578,14.700499534606934,0.03402456864714614,0.9834785044193268,14.693083190917969
o_proj,randortho_lm,4,0.00933863256465301,0.0093378350138664,0.0093070017173886,0.0093719251453876,0.9958850578828291,0.9958773553371429,0.9958102703094482,0.9961410760879515,20.29717289317738,20.297537803649902,20.28171157836914,20.311901092529297,0.009356452524661971,0.9959167301654814,20.304795837402345
q_proj,direct_absmax,2,0.599687931212512,0.6018244624137878,0.5442025661468506,0.6186701655387878,0.7248492457649924,0.7259668111801147,0.700117290019989,0.7333016395568848,2.2218522266908125,2.2053020000457764,2.0854084491729736,2.6423940658569336,0.6082565546035766,0.7306271135807038,2.2438869714736938
q_proj,direct_absmax,3,0.08895163576711304,0.08482573181390755,0.0806415826082229,0.1540387719869613,0.9584869390184229,0.9604481160640717,0.9269120693206788,0.9623755812644958,10.554283792322332,10.71473217010498,8.123699188232422,10.934410095214844,0.09427156895399093,0.9619707047939302,10.887768745422363
q_proj,direct_absmax,4,0.016971611079167177,0.0156484059989452,0.0148759633302688,0.0385730937123298,0.9919853752309625,0.9925987422466278,0.9814692735671996,0.9930541515350342,17.809115756641734,18.05530071258545,14.137155532836914,18.275148391723633,0.017762023955583482,0.9929205894470216,18.22946834564209
q_proj,hadamard_absmax,2,0.5856792520393025,0.5869733393192291,0.559753954410553,0.5879325866699219,0.7437290359627117,0.7426691949367523,0.7419446706771851,0.764651894569397,2.3236126574602993,2.3138163089752197,2.306724548339844,2.5200283527374268,0.5877826988697052,0.7437623381614685,2.3216944217681883
q_proj,hadamard_absmax,3,0.07431960376826195,0.07467828691005704,0.0676293820142746,0.0749265551567077,0.9655697074803439,0.9654184579849243,0.9652861952781676,0.9687803983688354,11.289869785308838,11.268056392669678,11.253642082214355,11.698646545410156,0.07484822496771809,0.9656208157539368,11.292222023010254
q_proj,hadamard_absmax,4,0.013641285837035238,0.013708110898733101,0.0123777640983462,0.0137497875839471,0.9939478635787964,0.9939121007919312,0.9937852621078492,0.9947838187217712,18.652402791109953,18.630224227905273,18.617040634155273,19.073577880859375,0.01373534267768254,0.9940172135829926,18.655463027954102
q_proj,hadamard_lm,2,0.11547746746377507,0.11579479277133935,0.1098703891038894,0.1159781813621521,0.9411374736915935,0.9409745037555695,0.9408445954322816,0.9442326426506042,9.375283674760299,9.363109588623047,9.356237411499023,9.591193199157717,0.11590810343623159,0.9412257552146912,9.3769549369812
q_proj,hadamard_lm,3,0.0338316644457253,0.03390400856733315,0.0323857776820659,0.0339654274284839,0.9836236807433042,0.9835860133171082,0.983426570892334,0.984550416469574,14.706966400146484,14.697488784790039,14.68962860107422,14.896455764770508,0.03395145609974853,0.9837045133113862,14.713012313842773
q_proj,hadamard_lm,4,0.009294277057051614,0.009309801273047851,0.0089598894119262,0.0093463649973273,0.9960371635176919,0.9960273504257202,0.9958987236022948,0.9964129328727722,20.31798960945823,20.310595512390137,20.29357147216797,20.476972579956055,0.00932979807257643,0.9961026787757874,20.327914810180665
q_proj,mxfp4,4,0.014445519625124546,0.01407518517225975,0.0138233546167612,0.0210092738270759,0.9938336610794067,0.9939771592617035,0.991227924823761,0.9942450523376464,18.420398885553535,18.515460968017578,16.775890350341797,18.5938663482666,0.01444435557350513,0.9941715717315674,18.574587249755858
q_proj,randhadamard_lm,2,0.11553088440136472,0.11575706303119654,0.1103738024830818,0.1159982904791832,0.9411098496480421,0.9409679174423218,0.9408149123191832,0.943954348564148,9.37323609265414,9.364524841308594,9.355484008789062,9.57133960723877,0.11599115654826163,0.9410768389701843,9.374556255340575
q_proj,randhadamard_lm,3,0.03384086303412911,0.0339064728468656,0.0324805937707424,0.0340082161128521,0.9836192374879663,0.9835859835147858,0.98343688249588,0.9845008254051208,14.705765160647305,14.697174072265625,14.684161186218262,14.883760452270508,0.033988333120942085,0.9837064683437347,14.707158470153809
q_proj,randhadamard_lm,4,0.009299979629841677,0.0093095265328884,0.0089776292443275,0.009356933645904,0.9960348524830558,0.9960305988788605,0.9958911538124084,0.996412456035614,20.315318367697976,20.310723304748535,20.288665771484375,20.4683837890625,0.009343953337520331,0.9961078047752381,20.31821002960205
q_proj,randortho_lm,2,0.11607854068279262,0.11608609184622759,0.1157719567418098,0.1166648045182228,0.9408120106567036,0.9408193528652191,0.940545618534088,0.94107323884964,9.352485700087113,9.352198123931885,9.330601692199709,9.363966941833496,0.11622134149074546,0.9409374952316284,9.35789794921875
q_proj,randortho_lm,3,0.03400708531791508,0.03400248475372785,0.0338964499533176,0.0342050716280937,0.983532805334438,0.9835415482521057,0.983383297920227,0.9836814999580384,14.684314597736705,14.684893608093262,14.65909481048584,14.698457717895508,0.034074521809816315,0.9835982084274291,14.694064712524414
q_proj,randortho_lm,4,0.009338666642592664,0.009337977506220299,0.0093035940080881,0.0093921991065144,0.9960139366713437,0.9960144758224487,0.9958838224411012,0.996190309524536,20.297161709178578,20.29747200012207,20.272327423095703,20.313491821289062,0.00936166150495404,0.9960841238498687,20.30917682647705
up_proj,direct_absmax,2,0.592201826247302,0.5920222103595734,0.589834988117218,0.5952137112617493,0.7371975346045061,0.7371498644351959,0.7341246604919434,0.7395908236503601,2.2753188501704824,2.276619791984558,2.2532706260681152,2.292694568634033,0.5945489883422852,0.7393142700195312,2.289549779891968
up_proj,direct_absmax,3,0.07840486141768364,0.07825999706983561,0.0766574889421463,0.080665998160839,0.9642219651829113,0.964318186044693,0.963185966014862,0.9649271368980408,11.057041991840709,11.064603328704834,10.93309497833252,11.15445327758789,0.07998214066028593,0.9648440062999726,11.13748550415039
up_proj,direct_absmax,4,0.01447136657820501,0.014448619447648449,0.0140789048746228,0.0149438790977001,0.9928742620078,0.9926774203777313,0.9923766851425172,0.9939900636672974,18.395508245988324,18.401737213134766,18.2553653717041,18.514310836791992,0.01477439384907483,0.9936431407928465,18.4927490234375
up_proj,hadamard_absmax,2,0.5873844813216816,0.5873345136642456,0.5868058204650879,0.5882793068885803,0.7442099424925718,0.7443435490131378,0.7432563304901123,0.7447256445884705,2.310776038603349,2.311144709587097,2.304164409637451,2.3150558471679688,0.5876774787902832,0.7445198059082031,2.313295841217041
up_proj,hadamard_absmax,3,0.0748312923718582,0.0748246386647224,0.0747518837451934,0.0749777853488922,0.9669770327481356,0.9669673442840576,0.9668424129486084,0.9672178626060486,11.259169015017422,11.2595534324646,11.250673294067385,11.263779640197754,0.07489942610263824,0.9670910477638246,11.262856197357179
up_proj,hadamard_absmax,4,0.013734371189705304,0.0137312347069382,0.0137172006070613,0.0137598095461726,0.9956215918064117,0.9956380128860474,0.995409607887268,0.9957629442214966,18.621913996609774,18.622904777526855,18.61387634277344,18.627344131469727,0.01374853216111652,0.99571293592453,18.626238059997558
up_proj,hadamard_lm,2,0.11592472615567116,0.1159204021096229,0.1158281192183494,0.1160421893000602,0.9426052543249998,0.942636102437973,0.9423574209213256,0.9427224397659302,9.358239564028652,9.35840129852295,9.353840827941896,9.361860275268556,0.11596970781683918,0.942700183391571,9.359816455841067
up_proj,hadamard_lm,3,0.03395454704084175,0.0339534543454647,0.0339213088154792,0.0339988134801387,0.9852872626347975,0.985309898853302,0.9850484728813172,0.9854264855384828,14.691021182320334,14.691160202026367,14.685362815856934,14.695273399353027,0.03397282436490057,0.9853809118270873,14.693688011169433
up_proj,hadamard_lm,4,0.009325233923101915,0.0093267383053898,0.0093125915154814,0.0093355737626552,0.99775491790338,0.9977755844593048,0.9975098371505736,0.997901201248169,20.303403507579457,20.302701950073242,20.29859161376953,20.309295654296875,0.00933061419054859,0.9978410363197328,20.30738067626953
up_proj,mxfp4,4,0.013885846784846308,0.0138403768651187,0.0137234656140208,0.0140825230628252,0.998543384400281,0.9987418949604034,0.9972374439239502,0.9993700981140136,18.574407057328656,18.588521003723145,18.513195037841797,18.62536239624023,0.01403505038470029,0.9990894556045533,18.6115140914917
up_proj,randhadamard_lm,2,0.11596930975263765,0.11597386002540586,0.1158366426825523,0.1160756200551986,0.9425818865949457,0.9426025748252869,0.9423947930336,0.942709982395172,9.356569810347123,9.356398582458496,9.35258960723877,9.361539840698242,0.11605336740612977,0.9426905512809752,9.359505748748779
up_proj,randhadamard_lm,3,0.03396947444839907,0.0339648108929395,0.033922404050827,0.0340152718126773,0.9852781404148448,0.9853047132492065,0.9850524067878724,0.9854148626327516,14.689112576571377,14.689708232879639,14.683260917663574,14.695134162902832,0.03399756252765651,0.9853653490543365,14.69130029678345
up_proj,randhadamard_lm,4,0.009329132143069345,0.0093291765078902,0.0093159778043627,0.009340981952846,0.9977533952756361,0.9977750480175018,0.9975151419639589,0.997889757156372,20.301588925448332,20.301566123962402,20.29607582092285,20.307714462280273,0.009338467475026811,0.9978446364402771,20.305362129211424
up_proj,randortho_lm,2,0.11604282361539923,0.1160366274416446,0.1159492284059524,0.1162801533937454,0.9425407729365609,0.9425561428070068,0.9423500895500184,0.9426624178886414,9.35381811315363,9.35404920578003,9.34494400024414,9.35732078552246,0.11609347090125081,0.9426435768604278,9.357142639160156
up_proj,randortho_lm,3,0.03399020010097456,0.0339900348335504,0.0339411385357379,0.0340895727276802,0.9852682731368325,0.9852890372276306,0.9850637316703796,0.9853914380073548,14.686464786529541,14.68648386001587,14.673785209655762,14.69273567199707,0.034012272208929,0.9853687226772307,14.691893005371094
up_proj,randortho_lm,4,0.009334622458978085,0.0093326205387711,0.0093190381303429,0.0093649644404649,0.9977484535087239,0.997772604227066,0.9975208640098572,0.997883141040802,20.299034985628996,20.29996395111084,20.28493881225586,20.30628967285156,0.00934614278376098,0.997834438085556,20.30298271179199
v_proj,direct_absmax,2,0.5978788327087056,0.5940808653831482,0.5851289629936218,0.6201913952827454,0.7288200557231903,0.7339203953742981,0.696800708770752,0.7384563088417053,2.2343942902304907,2.2615445852279663,2.074742555618286,2.327484130859375,0.6126312494277955,0.7371253132820129,2.288095259666443
v_proj,direct_absmax,3,0.08392172205177216,0.07993099838495249,0.0775519236922264,0.1156248301267623,0.9605357321825895,0.9623891711235046,0.9460739493370056,0.9634138345718384,10.783722400665283,10.972851753234863,9.369488716125488,11.104074478149414,0.09591740146279329,0.9633012175559998,11.091329002380371
v_proj,direct_absmax,4,0.01564438078044485,0.014815224800258799,0.0143435569480061,0.0225056894123554,0.992272517897866,0.992667019367218,0.988933265209198,0.9928970336914062,18.08435205979781,18.29292583465576,16.47707748413086,18.43343162536621,0.01785784922540184,0.9928733825683593,18.414653396606447
v_proj,hadamard_absmax,2,0.586634633215991,0.586502879858017,0.5836509466171265,0.5896060466766357,0.7424863333051855,0.7424007952213287,0.7399385571479797,0.7454361915588379,2.316342093727805,2.317298650741577,2.2943809032440186,2.338468313217163,0.5890505492687226,0.7444091856479644,2.3324339151382447
v_proj,hadamard_absmax,3,0.07463367215611713,0.0747449956834316,0.0738545954227447,0.07523113489151,0.9647466188127344,0.9647316336631774,0.9644826650619508,0.9650566577911376,11.270712679082697,11.264179229736328,11.236023902893066,11.316224098205566,0.07507410943508147,0.9650114953517913,11.301955032348634
v_proj,hadamard_absmax,4,0.013698134782978037,0.0136989816091954,0.0135495960712432,0.0138448039069771,0.9932330846786499,0.9932249486446381,0.9931490421295166,0.9933054447174072,18.63344704021107,18.633116722106934,18.58713150024414,18.680736541748047,0.01379527179524302,0.993279731273651,18.659900856018066
v_proj,hadamard_lm,2,0.11579712886701926,0.1158683821558952,0.1149499788880348,0.116385281085968,0.9403281970457598,0.9402890205383301,0.9400171637535096,0.9407814145088196,9.363050374117764,9.360352039337158,9.341019630432127,9.39491081237793,0.11622691303491592,0.9407133758068085,9.390176296234129
v_proj,hadamard_lm,3,0.033906428482044774,0.03391549922525875,0.0336589328944683,0.03411765396595,0.9829104922034524,0.9829033017158508,0.9827921390533448,0.983032524585724,14.697212132540615,14.69601821899414,14.670208930969238,14.728996276855469,0.03407367691397666,0.9830110788345338,14.721410083770753
v_proj,hadamard_lm,4,0.009310123764655755,0.00930707249790425,0.0092615447938442,0.0093596950173377,0.9953433627432043,0.9953437149524689,0.9953100681304932,0.9953703284263612,20.31046572598544,20.311867713928223,20.287382125854492,20.333166122436523,0.009351363033056179,0.9953629493713378,20.326922607421874
v_proj,mxfp4,4,0.014162491160360198,0.0140146217308938,0.0137541936710476,0.0158518496900796,0.9929101954806935,0.9929799139499664,0.9920715093612672,0.9931153059005736,18.49077103354714,18.534186363220215,17.99920082092285,18.61564826965332,0.014664417784661021,0.9930859625339509,18.598436737060545
v_proj,randhadamard_lm,2,0.11574733291159972,0.11577057093381879,0.1151224449276924,0.1163354963064193,0.9403543661941182,0.940335601568222,0.9400407671928406,0.9406880140304564,9.364905574105002,9.364018440246582,9.342878341674805,9.388400077819824,0.11609864532947534,0.9405725657939912,9.379365921020508
v_proj,randhadamard_lm,3,0.03392973389815195,0.03394858166575425,0.0336550064384937,0.0342661961913108,0.9828983409838243,0.9828810095787048,0.9827278852462769,0.9830441474914552,14.694234631278299,14.691784381866455,14.651341438293455,14.729503631591797,0.03404321037232868,0.9830018341541291,14.717946434020996
v_proj,randhadamard_lm,4,0.009315259500660637,0.0093088578432798,0.0092367716133594,0.0093985954299569,0.9953411519527435,0.9953371286392212,0.9953009486198424,0.9953823089599608,20.30808960307728,20.311036109924316,20.269371032714844,20.344799041748047,0.00936179934069513,0.9953734993934632,20.328916358947755
v_proj,randortho_lm,2,0.1160642149096185,0.1160923317074775,0.1154515892267227,0.1165348440408706,0.9401864924214103,0.9401746392250062,0.9399392008781432,0.9405060410499572,9.35302582654086,9.351964473724365,9.335442543029783,9.37600040435791,0.1163065642118454,0.9403158843517303,9.36251916885376
v_proj,randortho_lm,3,0.03401865522292523,0.03402944840490815,0.0338703915476799,0.0341082066297531,0.9828525483608246,0.9828507900238036,0.9828007221221924,0.982927143573761,14.682836359197443,14.681451320648193,14.671411514282228,14.701797485351562,0.03409872762858859,0.9829103469848632,14.695435428619383
v_proj,randortho_lm,4,0.009337281765924204,0.009333620779216251,0.0092909736558794,0.0094018913805484,0.9953298460353505,0.9953323900699615,0.9952872395515442,0.9953664541244508,20.29781861738725,20.299497604370117,20.26784896850586,20.31938743591309,0.00938044032081958,0.9953498661518096,20.316542816162105
