base_k_bits,bits,compute_interpretation,ip_bias,ip_relative_mse,ip_variance,k_bits,key_relative_mse,key_scale_granularity,kv_quantizer,kv_rotation,layer,layer_index,method,method_key,output_cosine,output_relative_mse,projection_dim,qjl_seed,residual_bits,score_mse,score_relative_mse,softmax_kl,topk_overlap,v_bits,value_relative_mse,value_scale_granularity
3,K3,pure Hadamard-LM key reconstruction,-0.03679592162370682,0.0238613560795784,1.6258641481399536,3,0.03072323091328144,per_token_head_rms,gaussian_lloyd_max,headwise_hadamard,model.layers.0.self_attn,0,hadamard_lm_k3,hadamard_lm_k3,0.9814378023147583,0.037287287414073944,64,0,0,0.02542528323829174,0.0238613560795784,0.01382804661989212,0.8160400390625,4,0.008357872255146503,per_token_head_rms
2,K2,aggressive pure Hadamard-LM key reconstruction,-0.10052735358476639,0.08482985943555832,5.774840831756592,2,0.1040322482585907,per_token_head_rms,gaussian_lloyd_max,headwise_hadamard,model.layers.0.self_attn,0,hadamard_lm_k2,hadamard_lm_k2,0.9587542414665222,0.08478789031505585,64,0,0,0.09038979560136795,0.08482985943555832,0.03921894729137421,0.6978515386581421,4,0.008357872255146503,per_token_head_rms
2,K2+QJL,Hadamard-LM key plus QJL residual correction,0.42980656027793884,0.13189257681369781,8.80964183807373,2,0.1040322482585907,per_token_head_rms,gaussian_lloyd_max+qjl,headwise_hadamard,model.layers.0.self_attn,0,hadamard_lm_k2_qjl,hadamard_lm_k2_qjl,0.9512776136398315,0.10103080421686172,64,0,1,0.1405371129512787,0.13189257681369781,0.057874467223882675,0.6643310785293579,4,0.008357872255146503,per_token_head_rms
3,K3+QJL,stronger Hadamard-LM key plus QJL residual correction,0.10780923068523407,0.039471130818128586,2.6800990104675293,3,0.03072323091328144,per_token_head_rms,gaussian_lloyd_max+qjl,headwise_hadamard,model.layers.0.self_attn,0,hadamard_lm_k3_qjl,hadamard_lm_k3_qjl,0.9739778637886047,0.056583549827337265,64,0,1,0.042058154940605164,0.039471130818128586,0.019855737686157227,0.7947753667831421,4,0.008357872255146503,per_token_head_rms
3,K3,pure Hadamard-LM key reconstruction,0.35604992508888245,0.01364000141620636,8.409649848937988,3,0.03545171022415161,per_token_head_rms,gaussian_lloyd_max,headwise_hadamard,model.layers.1.self_attn,1,hadamard_lm_k3,hadamard_lm_k3,0.959017276763916,0.08049499988555908,64,1,0,0.13338157534599304,0.01364000141620636,0.045536451041698456,0.7948974370956421,4,0.008711626753211021,per_token_head_rms
2,K2,aggressive pure Hadamard-LM key reconstruction,1.6925677061080933,0.052609775215387344,30.06036949157715,2,0.12096286565065384,per_token_head_rms,gaussian_lloyd_max,headwise_hadamard,model.layers.1.self_attn,1,hadamard_lm_k2,hadamard_lm_k2,0.8702309727668762,0.2485329657793045,64,1,0,0.5144555568695068,0.052609775215387344,0.15184567868709564,0.6523193120956421,4,0.008711626753211021,per_token_head_rms
2,K2+QJL,Hadamard-LM key plus QJL residual correction,-0.3312419652938843,0.07621708512306213,47.58976745605469,2,0.12096286565065384,per_token_head_rms,gaussian_lloyd_max+qjl,headwise_hadamard,model.layers.1.self_attn,1,hadamard_lm_k2_qjl,hadamard_lm_k2_qjl,0.8281008005142212,0.36443793773651123,64,1,1,0.745304524898529,0.07621708512306213,0.2448914349079132,0.5914551019668579,4,0.008711626753211021,per_token_head_rms
3,K3+QJL,stronger Hadamard-LM key plus QJL residual correction,-0.06919027864933014,0.023115791380405426,14.461935043334961,3,0.03545171022415161,per_token_head_rms,gaussian_lloyd_max+qjl,headwise_hadamard,model.layers.1.self_attn,1,hadamard_lm_k3_qjl,hadamard_lm_k3_qjl,0.9380898475646973,0.12591227889060974,64,1,1,0.22604253888130188,0.023115791380405426,0.08241155743598938,0.7265625,4,0.008711626753211021,per_token_head_rms
3,K3,pure Hadamard-LM key reconstruction,0.4943963885307312,0.025004079565405846,7.001842021942139,3,0.034325532615184784,per_token_head_rms,gaussian_lloyd_max,headwise_hadamard,model.layers.2.self_attn,2,hadamard_lm_k3,hadamard_lm_k3,0.962425172328949,0.07387560606002808,64,2,0,0.11322296410799026,0.025004079565405846,0.03449491411447525,0.8399658203125,4,0.009183427318930626,per_token_head_rms
2,K2,aggressive pure Hadamard-LM key reconstruction,1.47189462184906,0.08462981134653091,22.359542846679688,2,0.1166444644331932,per_token_head_rms,gaussian_lloyd_max,headwise_hadamard,model.layers.2.self_attn,2,hadamard_lm_k2,hadamard_lm_k2,0.8884656429290771,0.2203025221824646,64,2,0,0.38321900367736816,0.08462981134653091,0.11539281904697418,0.734423816204071,4,0.009183427318930626,per_token_head_rms
2,K2+QJL,Hadamard-LM key plus QJL residual correction,0.7649836540222168,0.11306273192167282,32.18077850341797,2,0.1166444644331932,per_token_head_rms,gaussian_lloyd_max+qjl,headwise_hadamard,model.layers.2.self_attn,2,hadamard_lm_k2_qjl,hadamard_lm_k2_qjl,0.8577861785888672,0.3285011649131775,64,2,1,0.5119683742523193,0.11306273192167282,0.16947761178016663,0.674145519733429,4,0.009183427318930626,per_token_head_rms
3,K3+QJL,stronger Hadamard-LM key plus QJL residual correction,0.24384024739265442,0.03324699029326439,9.57563591003418,3,0.034325532615184784,per_token_head_rms,gaussian_lloyd_max+qjl,headwise_hadamard,model.layers.2.self_attn,2,hadamard_lm_k3_qjl,hadamard_lm_k3_qjl,0.9466075301170349,0.11230611801147461,64,2,1,0.15054833889007568,0.03324699029326439,0.05104704946279526,0.807788074016571,4,0.009183427318930626,per_token_head_rms
3,K3,pure Hadamard-LM key reconstruction,1.027794361114502,0.007446158677339554,13.18538761138916,3,0.03214266151189804,per_token_head_rms,gaussian_lloyd_max,headwise_hadamard,model.layers.3.self_attn,3,hadamard_lm_k3,hadamard_lm_k3,0.9619776606559753,0.07713913917541504,64,3,0,0.22252732515335083,0.007446158677339554,0.09011958539485931,0.716259777545929,4,0.009014054201543331,per_token_head_rms
2,K2,aggressive pure Hadamard-LM key reconstruction,4.878676414489746,0.031656838953495026,36.74634552001953,2,0.10805816203355789,per_token_head_rms,gaussian_lloyd_max,headwise_hadamard,model.layers.3.self_attn,3,hadamard_lm_k2,hadamard_lm_k2,0.8971232175827026,0.20741496980190277,64,3,0,0.9460598230361938,0.031656838953495026,0.25151312351226807,0.5458984375,4,0.009014054201543331,per_token_head_rms
2,K2+QJL,Hadamard-LM key plus QJL residual correction,1.4939504861831665,0.03326661139726639,61.39484786987305,2,0.10805816203355789,per_token_head_rms,gaussian_lloyd_max+qjl,headwise_hadamard,model.layers.3.self_attn,3,hadamard_lm_k2_qjl,hadamard_lm_k2_qjl,0.8352315425872803,0.406026154756546,64,3,1,0.994167685508728,0.03326661139726639,0.4086483418941498,0.514404296875,4,0.009014054201543331,per_token_head_rms
3,K3+QJL,stronger Hadamard-LM key plus QJL residual correction,0.4918409585952759,0.009463589638471603,17.858442306518555,3,0.03214266151189804,per_token_head_rms,gaussian_lloyd_max+qjl,headwise_hadamard,model.layers.3.self_attn,3,hadamard_lm_k3_qjl,hadamard_lm_k3_qjl,0.9459871053695679,0.11886081099510193,64,3,1,0.2828179597854614,0.009463589638471603,0.12956026196479797,0.6727294921875,4,0.009014054201543331,per_token_head_rms
3,K3,pure Hadamard-LM key reconstruction,1.0082714557647705,0.007368854247033596,30.035552978515625,3,0.031858544796705246,per_token_head_rms,gaussian_lloyd_max,headwise_hadamard,model.layers.4.self_attn,4,hadamard_lm_k3,hadamard_lm_k3,0.9703860878944397,0.05910372734069824,64,4,0,0.4851900637149811,0.007368854247033596,0.1753406673669815,0.73388671875,4,0.009286091662943363,per_token_head_rms
2,K2,aggressive pure Hadamard-LM key reconstruction,4.744683265686035,0.026366865262389183,88.59727478027344,2,0.10702714323997498,per_token_head_rms,gaussian_lloyd_max,headwise_hadamard,model.layers.4.self_attn,4,hadamard_lm_k2,hadamard_lm_k2,0.9130880832672119,0.1785547435283661,64,4,0,1.7360827922821045,0.026366865262389183,0.5329262018203735,0.5731201171875,4,0.009286091662943363,per_token_head_rms
2,K2+QJL,Hadamard-LM key plus QJL residual correction,0.15593388676643372,0.027894407510757446,117.52200317382812,2,0.10702714323997498,per_token_head_rms,gaussian_lloyd_max+qjl,headwise_hadamard,model.layers.4.self_attn,4,hadamard_lm_k2_qjl,hadamard_lm_k2_qjl,0.8673169016838074,0.28562599420547485,64,4,1,1.8366613388061523,0.027894407510757446,0.7005666494369507,0.539501965045929,4,0.009286091662943363,per_token_head_rms
3,K3+QJL,stronger Hadamard-LM key plus QJL residual correction,0.25358718633651733,0.009056768380105495,38.10068893432617,3,0.031858544796705246,per_token_head_rms,gaussian_lloyd_max+qjl,headwise_hadamard,model.layers.4.self_attn,4,hadamard_lm_k3_qjl,hadamard_lm_k3_qjl,0.9592220783233643,0.08452168852090836,64,4,1,0.5963280200958252,0.009056768380105495,0.23732022941112518,0.7046142816543579,4,0.009286091662943363,per_token_head_rms
3,K3,pure Hadamard-LM key reconstruction,0.8612873554229736,0.006363299675285816,25.989730834960938,3,0.03026793897151947,per_token_head_rms,gaussian_lloyd_max,headwise_hadamard,model.layers.5.self_attn,5,hadamard_lm_k3,hadamard_lm_k3,0.9760158658027649,0.04768868908286095,64,5,0,0.41768044233322144,0.006363299675285816,0.18517586588859558,0.68359375,4,0.009073921479284763,per_token_head_rms
2,K2,aggressive pure Hadamard-LM key reconstruction,4.509397029876709,0.025015803053975105,84.75408172607422,2,0.10253220051527023,per_token_head_rms,gaussian_lloyd_max,headwise_hadamard,model.layers.5.self_attn,5,hadamard_lm_k2,hadamard_lm_k2,0.9333529472351074,0.13037621974945068,64,5,0,1.6420115232467651,0.025015803053975105,0.4929333031177521,0.538818359375,4,0.009073921479284763,per_token_head_rms
2,K2+QJL,Hadamard-LM key plus QJL residual correction,0.0177781879901886,0.0313376858830452,131.64599609375,2,0.10253220051527023,per_token_head_rms,gaussian_lloyd_max+qjl,headwise_hadamard,model.layers.5.self_attn,5,hadamard_lm_k2_qjl,hadamard_lm_k2_qjl,0.9047170877456665,0.19768933951854706,64,5,1,2.056973457336426,0.0313376858830452,0.8632776141166687,0.4710937440395355,4,0.009073921479284763,per_token_head_rms
3,K3+QJL,stronger Hadamard-LM key plus QJL residual correction,0.0668836459517479,0.008589169941842556,36.07771682739258,3,0.03026793897151947,per_token_head_rms,gaussian_lloyd_max+qjl,headwise_hadamard,model.layers.5.self_attn,5,hadamard_lm_k3_qjl,hadamard_lm_k3_qjl,0.964048445224762,0.07380940765142441,64,5,1,0.5637842416763306,0.008589169941842556,0.2868112027645111,0.640820324420929,4,0.009073921479284763,per_token_head_rms
3,K3,pure Hadamard-LM key reconstruction,0.9154727458953857,0.00661074835807085,22.930423736572266,3,0.03084670752286911,per_token_head_rms,gaussian_lloyd_max,headwise_hadamard,model.layers.6.self_attn,6,hadamard_lm_k3,hadamard_lm_k3,0.9901281595230103,0.0196967963129282,64,6,0,0.37138301134109497,0.00661074835807085,0.1535240113735199,0.7131592035293579,4,0.008990591391921043,per_token_head_rms
2,K2,aggressive pure Hadamard-LM key reconstruction,3.8096508979797363,0.024607669562101364,73.96182250976562,2,0.10423606634140015,per_token_head_rms,gaussian_lloyd_max,headwise_hadamard,model.layers.6.self_attn,6,hadamard_lm_k2,hadamard_lm_k2,0.9504358172416687,0.10175300389528275,64,6,0,1.3824260234832764,0.024607669562101364,0.44418251514434814,0.5724853277206421,4,0.008990591391921043,per_token_head_rms
2,K2+QJL,Hadamard-LM key plus QJL residual correction,0.7462493181228638,0.02988407202064991,106.88933563232422,2,0.10423606634140015,per_token_head_rms,gaussian_lloyd_max+qjl,headwise_hadamard,model.layers.6.self_attn,6,hadamard_lm_k2_qjl,hadamard_lm_k2_qjl,0.9613669514656067,0.07998549193143845,64,6,1,1.678847312927246,0.02988407202064991,0.6337288022041321,0.524365246295929,4,0.008990591391921043,per_token_head_rms
3,K3+QJL,stronger Hadamard-LM key plus QJL residual correction,0.023924395442008972,0.009039733558893204,32.501197814941406,3,0.03084670752286911,per_token_head_rms,gaussian_lloyd_max+qjl,headwise_hadamard,model.layers.6.self_attn,6,hadamard_lm_k3_qjl,hadamard_lm_k3_qjl,0.9820939898490906,0.03685295581817627,64,6,1,0.5078401565551758,0.009039733558893204,0.2289097011089325,0.686450183391571,4,0.008990591391921043,per_token_head_rms
3,K3,pure Hadamard-LM key reconstruction,0.7298303842544556,0.011792212724685669,23.97638511657715,3,0.030995836481451988,per_token_head_rms,gaussian_lloyd_max,headwise_hadamard,model.layers.7.self_attn,7,hadamard_lm_k3,hadamard_lm_k3,0.992340624332428,0.015285879373550415,64,7,0,0.3829537034034729,0.011792212724685669,0.1707136332988739,0.608325183391571,4,0.009156397543847561,per_token_head_rms
2,K2,aggressive pure Hadamard-LM key reconstruction,4.277006149291992,0.0394318588078022,63.6627311706543,2,0.10231012850999832,per_token_head_rms,gaussian_lloyd_max,headwise_hadamard,model.layers.7.self_attn,7,hadamard_lm_k2,hadamard_lm_k2,0.9725868105888367,0.054811201989650726,64,7,0,1.280555009841919,0.0394318588078022,0.4416634440422058,0.44794923067092896,4,0.009156397543847561,per_token_head_rms
2,K2+QJL,Hadamard-LM key plus QJL residual correction,0.12035292387008667,0.06093030422925949,126.62358856201172,2,0.10231012850999832,per_token_head_rms,gaussian_lloyd_max+qjl,headwise_hadamard,model.layers.7.self_attn,7,hadamard_lm_k2_qjl,hadamard_lm_k2_qjl,0.9571046233177185,0.09033747017383575,64,7,1,1.97871994972229,0.06093030422925949,0.8020278811454773,0.3989013731479645,4,0.009156397543847561,per_token_head_rms
3,K3+QJL,stronger Hadamard-LM key plus QJL residual correction,-0.06541270762681961,0.018648268654942513,38.75444412231445,3,0.030995836481451988,per_token_head_rms,gaussian_lloyd_max+qjl,headwise_hadamard,model.layers.7.self_attn,7,hadamard_lm_k3_qjl,hadamard_lm_k3_qjl,0.982535183429718,0.03478994965553284,64,7,1,0.6056050658226013,0.018648268654942513,0.28685733675956726,0.5732177495956421,4,0.009156397543847561,per_token_head_rms
3,K3,pure Hadamard-LM key reconstruction,1.1997910737991333,0.005952714942395687,31.882503509521484,3,0.030992159619927406,per_token_head_rms,gaussian_lloyd_max,headwise_hadamard,model.layers.8.self_attn,8,hadamard_lm_k3,hadamard_lm_k3,0.9863367676734924,0.03088701330125332,64,8,0,0.5206562876701355,0.005952714942395687,0.09045910835266113,0.71240234375,4,0.008918622508645058,per_token_head_rms
2,K2,aggressive pure Hadamard-LM key reconstruction,6.287495136260986,0.027174273505806923,112.58305358886719,2,0.10569337010383606,per_token_head_rms,gaussian_lloyd_max,headwise_hadamard,model.layers.8.self_attn,8,hadamard_lm_k2,hadamard_lm_k2,0.9488291144371033,0.1760294884443283,64,8,0,2.37680721282959,0.027174273505806923,0.3404906988143921,0.5523926019668579,4,0.008918622508645058,per_token_head_rms
2,K2+QJL,Hadamard-LM key plus QJL residual correction,-1.0740500688552856,0.02782255969941616,154.59104919433594,2,0.10569337010383606,per_token_head_rms,gaussian_lloyd_max+qjl,headwise_hadamard,model.layers.8.self_attn,8,hadamard_lm_k2_qjl,hadamard_lm_k2_qjl,0.938358724117279,0.1986548751592636,64,8,1,2.4335098266601562,0.02782255969941616,0.47832801938056946,0.5135253667831421,4,0.008918622508645058,per_token_head_rms
3,K3+QJL,stronger Hadamard-LM key plus QJL residual correction,0.07149289548397064,0.009025383740663528,50.51702117919922,3,0.030992159619927406,per_token_head_rms,gaussian_lloyd_max+qjl,headwise_hadamard,model.layers.8.self_attn,8,hadamard_lm_k3_qjl,hadamard_lm_k3_qjl,0.9694170951843262,0.08461876213550568,64,8,1,0.7894083261489868,0.009025383740663528,0.18224719166755676,0.649731457233429,4,0.008918622508645058,per_token_head_rms
3,K3,pure Hadamard-LM key reconstruction,1.1646289825439453,0.008875024504959583,33.753700256347656,3,0.0309543926268816,per_token_head_rms,gaussian_lloyd_max,headwise_hadamard,model.layers.9.self_attn,9,hadamard_lm_k3,hadamard_lm_k3,0.984831690788269,0.03373204544186592,64,9,0,0.5485947132110596,0.008875024504959583,0.14969715476036072,0.7024170160293579,4,0.008952801115810871,per_token_head_rms
2,K2,aggressive pure Hadamard-LM key reconstruction,5.418448448181152,0.033145785331726074,101.76687622070312,2,0.10276713967323303,per_token_head_rms,gaussian_lloyd_max,headwise_hadamard,model.layers.9.self_attn,9,hadamard_lm_k2,hadamard_lm_k2,0.9555497765541077,0.12902416288852692,64,9,0,2.0488510131835938,0.033145785331726074,0.5129650831222534,0.5303955078125,4,0.008952801115810871,per_token_head_rms
2,K2+QJL,Hadamard-LM key plus QJL residual correction,1.3371713161468506,0.037073053419589996,144.87489318847656,2,0.10276713967323303,per_token_head_rms,gaussian_lloyd_max+qjl,headwise_hadamard,model.layers.9.self_attn,9,hadamard_lm_k2_qjl,hadamard_lm_k2_qjl,0.9337141513824463,0.22032693028450012,64,9,1,2.2916083335876465,0.037073053419589996,0.722933292388916,0.531494140625,4,0.008952801115810871,per_token_head_rms
3,K3+QJL,stronger Hadamard-LM key plus QJL residual correction,0.4151856005191803,0.011544582433998585,45.49858856201172,3,0.0309543926268816,per_token_head_rms,gaussian_lloyd_max+qjl,headwise_hadamard,model.layers.9.self_attn,9,hadamard_lm_k3_qjl,hadamard_lm_k3_qjl,0.9780168533325195,0.05699643865227699,64,9,1,0.7136089205741882,0.011544582433998585,0.21363574266433716,0.6590576171875,4,0.008952801115810871,per_token_head_rms
3,K3,pure Hadamard-LM key reconstruction,0.7736209034919739,0.009421843104064465,40.11298370361328,3,0.031080439686775208,per_token_head_rms,gaussian_lloyd_max,headwise_hadamard,model.layers.10.self_attn,10,hadamard_lm_k3,hadamard_lm_k3,0.9760163426399231,0.05221296846866608,64,10,0,0.6361168026924133,0.009421843104064465,0.1774701625108719,0.6857665777206421,4,0.008979899808764458,per_token_head_rms
2,K2,aggressive pure Hadamard-LM key reconstruction,3.6880199909210205,0.03292911872267723,128.6841583251953,2,0.1041349470615387,per_token_head_rms,gaussian_lloyd_max,headwise_hadamard,model.layers.10.self_attn,10,hadamard_lm_k2,hadamard_lm_k2,0.9359538555145264,0.15077677369117737,64,10,0,2.2232131958007812,0.03292911872267723,0.5221378207206726,0.5122314691543579,4,0.008979899808764458,per_token_head_rms
2,K2+QJL,Hadamard-LM key plus QJL residual correction,0.7605980038642883,0.0388689823448658,167.3730926513672,2,0.1041349470615387,per_token_head_rms,gaussian_lloyd_max+qjl,headwise_hadamard,model.layers.10.self_attn,10,hadamard_lm_k2_qjl,hadamard_lm_k2_qjl,0.9016018509864807,0.25642314553260803,64,10,1,2.62424373626709,0.0388689823448658,0.7667648196220398,0.4804443418979645,4,0.008979899808764458,per_token_head_rms
3,K3+QJL,stronger Hadamard-LM key plus QJL residual correction,0.49880239367485046,0.012899596244096756,55.489933013916016,3,0.031080439686775208,per_token_head_rms,gaussian_lloyd_max+qjl,headwise_hadamard,model.layers.10.self_attn,10,hadamard_lm_k3_qjl,hadamard_lm_k3_qjl,0.9655283689498901,0.07620313763618469,64,10,1,0.8709177374839783,0.012899596244096756,0.26440179347991943,0.6321777105331421,4,0.008979899808764458,per_token_head_rms
3,K3,pure Hadamard-LM key reconstruction,0.5222585201263428,0.01004835870116949,23.149818420410156,3,0.03156128153204918,per_token_head_rms,gaussian_lloyd_max,headwise_hadamard,model.layers.11.self_attn,11,hadamard_lm_k3,hadamard_lm_k3,0.9933834671974182,0.013928269036114216,64,11,0,0.3659776747226715,0.01004835870116949,0.12740558385849,0.6802978515625,4,0.008939369581639767,per_token_head_rms
2,K2,aggressive pure Hadamard-LM key reconstruction,3.0865330696105957,0.03774470090866089,78.45564270019531,2,0.1065918430685997,per_token_head_rms,gaussian_lloyd_max,headwise_hadamard,model.layers.11.self_attn,11,hadamard_lm_k2,hadamard_lm_k2,0.9777824282646179,0.05424974486231804,64,11,0,1.3747239112854004,0.03774470090866089,0.4114706516265869,0.511401355266571,4,0.008939369581639767,per_token_head_rms
2,K2+QJL,Hadamard-LM key plus QJL residual correction,-1.0433636903762817,0.0426647923886776,98.36237335205078,2,0.1065918430685997,per_token_head_rms,gaussian_lloyd_max+qjl,headwise_hadamard,model.layers.11.self_attn,11,hadamard_lm_k2_qjl,hadamard_lm_k2_qjl,0.9755812287330627,0.058262716978788376,64,11,1,1.5539215803146362,0.0426647923886776,0.510459303855896,0.4931640625,4,0.008939369581639767,per_token_head_rms
3,K3+QJL,stronger Hadamard-LM key plus QJL residual correction,-0.17574219405651093,0.014516521245241165,33.806907653808594,3,0.03156128153204918,per_token_head_rms,gaussian_lloyd_max+qjl,headwise_hadamard,model.layers.11.self_attn,11,hadamard_lm_k3_qjl,hadamard_lm_k3_qjl,0.991386353969574,0.019057733938097954,64,11,1,0.5287154912948608,0.014516521245241165,0.18189258873462677,0.634326159954071,4,0.008939369581639767,per_token_head_rms
3,K3,pure Hadamard-LM key reconstruction,0.907752275466919,0.011520486325025558,28.927675247192383,3,0.03111995756626129,per_token_head_rms,gaussian_lloyd_max,headwise_hadamard,model.layers.12.self_attn,12,hadamard_lm_k3,hadamard_lm_k3,0.9946739673614502,0.01133046019822359,64,12,0,0.4648701548576355,0.011520486325025558,0.1433981955051422,0.6541748046875,4,0.008771350607275963,per_token_head_rms
2,K2,aggressive pure Hadamard-LM key reconstruction,5.162073135375977,0.04781297966837883,96.83016204833984,2,0.1081046536564827,per_token_head_rms,gaussian_lloyd_max,headwise_hadamard,model.layers.12.self_attn,12,hadamard_lm_k2,hadamard_lm_k2,0.9687324166297913,0.09992613643407822,64,12,0,1.929330587387085,0.04781297966837883,0.5468888282775879,0.4677978456020355,4,0.008771350607275963,per_token_head_rms
2,K2+QJL,Hadamard-LM key plus QJL residual correction,0.5611053705215454,0.0599471852183342,154.49893188476562,2,0.1081046536564827,per_token_head_rms,gaussian_lloyd_max+qjl,headwise_hadamard,model.layers.12.self_attn,12,hadamard_lm_k2_qjl,hadamard_lm_k2_qjl,0.9425395131111145,0.17559097707271576,64,12,1,2.4189653396606445,0.0599471852183342,0.9406435489654541,0.4169677793979645,4,0.008771350607275963,per_token_head_rms
3,K3+QJL,stronger Hadamard-LM key plus QJL residual correction,-0.20942455530166626,0.015618116594851017,40.289974212646484,3,0.03111995756626129,per_token_head_rms,gaussian_lloyd_max+qjl,headwise_hadamard,model.layers.12.self_attn,12,hadamard_lm_k3_qjl,hadamard_lm_k3_qjl,0.9903057813644409,0.02309717796742916,64,12,1,0.630216121673584,0.015618116594851017,0.22016975283622742,0.5864502191543579,4,0.008771350607275963,per_token_head_rms
3,K3,pure Hadamard-LM key reconstruction,1.2723731994628906,0.012452231720089912,24.215986251831055,3,0.030949879437685013,per_token_head_rms,gaussian_lloyd_max,headwise_hadamard,model.layers.13.self_attn,13,hadamard_lm_k3,hadamard_lm_k3,0.9920607209205627,0.01654689386487007,64,13,0,0.40367060899734497,0.012452231720089912,0.13781696557998657,0.6208740472793579,4,0.008975849486887455,per_token_head_rms
2,K2,aggressive pure Hadamard-LM key reconstruction,3.7471251487731934,0.05038400739431381,90.49186706542969,2,0.10589549690485,per_token_head_rms,gaussian_lloyd_max,headwise_hadamard,model.layers.13.self_attn,13,hadamard_lm_k2,hadamard_lm_k2,0.9686815738677979,0.07438936829566956,64,13,0,1.6333250999450684,0.05038400739431381,0.5184438824653625,0.44086915254592896,4,0.008975849486887455,per_token_head_rms
2,K2+QJL,Hadamard-LM key plus QJL residual correction,0.8244548439979553,0.0696704164147377,143.8670196533203,2,0.10589549690485,per_token_head_rms,gaussian_lloyd_max+qjl,headwise_hadamard,model.layers.13.self_attn,13,hadamard_lm_k2_qjl,hadamard_lm_k2_qjl,0.9466234445571899,0.1316116452217102,64,13,1,2.258542776107788,0.0696704164147377,0.9210221171379089,0.40266114473342896,4,0.008975849486887455,per_token_head_rms
3,K3+QJL,stronger Hadamard-LM key plus QJL residual correction,-0.5093748569488525,0.020815104246139526,42.926090240478516,3,0.030949879437685013,per_token_head_rms,gaussian_lloyd_max+qjl,headwise_hadamard,model.layers.13.self_attn,13,hadamard_lm_k3_qjl,hadamard_lm_k3_qjl,0.9877467751502991,0.027067827060818672,64,13,1,0.6747742891311646,0.020815104246139526,0.25033509731292725,0.576611340045929,4,0.008975849486887455,per_token_head_rms
3,K3,pure Hadamard-LM key reconstruction,1.4044442176818848,0.01443469524383545,42.936458587646484,3,0.03111724555492401,per_token_head_rms,gaussian_lloyd_max,headwise_hadamard,model.layers.14.self_attn,14,hadamard_lm_k3,hadamard_lm_k3,0.9776736497879028,0.04677635431289673,64,14,0,0.7017018795013428,0.01443469524383545,0.17482636868953705,0.6571044921875,4,0.009327494539320469,per_token_head_rms
2,K2,aggressive pure Hadamard-LM key reconstruction,5.2288947105407715,0.051228828728199005,132.04071044921875,2,0.1072126030921936,per_token_head_rms,gaussian_lloyd_max,headwise_hadamard,model.layers.14.self_attn,14,hadamard_lm_k2,hadamard_lm_k2,0.9336768984794617,0.15427513420581818,64,14,0,2.490344524383545,0.051228828728199005,0.5880613327026367,0.501220703125,4,0.009327494539320469,per_token_head_rms
2,K2+QJL,Hadamard-LM key plus QJL residual correction,-0.6209919452667236,0.08072207123041153,250.75518798828125,2,0.1072126030921936,per_token_head_rms,gaussian_lloyd_max+qjl,headwise_hadamard,model.layers.14.self_attn,14,hadamard_lm_k2_qjl,hadamard_lm_k2_qjl,0.8774535655975342,0.3062805235385895,64,14,1,3.924075126647949,0.08072207123041153,1.0460951328277588,0.43818360567092896,4,0.009327494539320469,per_token_head_rms
3,K3+QJL,stronger Hadamard-LM key plus QJL residual correction,0.15779060125350952,0.021466922014951706,66.76253509521484,3,0.03111724555492401,per_token_head_rms,gaussian_lloyd_max+qjl,headwise_hadamard,model.layers.14.self_attn,14,hadamard_lm_k3_qjl,hadamard_lm_k3_qjl,0.9605638384819031,0.08394528925418854,64,14,1,1.0435537099838257,0.021466922014951706,0.27655166387557983,0.6043701171875,4,0.009327494539320469,per_token_head_rms
3,K3,pure Hadamard-LM key reconstruction,1.292459487915039,0.009720568545162678,40.516883850097656,3,0.030379099771380424,per_token_head_rms,gaussian_lloyd_max,headwise_hadamard,model.layers.15.self_attn,15,hadamard_lm_k3,hadamard_lm_k3,0.966474175453186,0.0731969028711319,64,15,0,0.6591770648956299,0.009720568545162678,0.191940039396286,0.671191394329071,4,0.009151710197329521,per_token_head_rms
2,K2,aggressive pure Hadamard-LM key reconstruction,3.9800326824188232,0.03605014830827713,140.6172332763672,2,0.1024755910038948,per_token_head_rms,gaussian_lloyd_max,headwise_hadamard,model.layers.15.self_attn,15,hadamard_lm_k2,hadamard_lm_k2,0.9124472737312317,0.19104483723640442,64,15,0,2.4446544647216797,0.03605014830827713,0.5986188650131226,0.500170886516571,4,0.009151710197329521,per_token_head_rms
2,K2+QJL,Hadamard-LM key plus QJL residual correction,-0.12872594594955444,0.05390547588467598,233.93356323242188,2,0.1024755910038948,per_token_head_rms,gaussian_lloyd_max+qjl,headwise_hadamard,model.layers.15.self_attn,15,hadamard_lm_k2_qjl,hadamard_lm_k2_qjl,0.8777347803115845,0.32726871967315674,64,15,1,3.655470848083496,0.05390547588467598,0.9417667388916016,0.4700683653354645,4,0.009151710197329521,per_token_head_rms
3,K3+QJL,stronger Hadamard-LM key plus QJL residual correction,0.08294428884983063,0.016265347599983215,70.5848388671875,3,0.030379099771380424,per_token_head_rms,gaussian_lloyd_max+qjl,headwise_hadamard,model.layers.15.self_attn,15,hadamard_lm_k3_qjl,hadamard_lm_k3_qjl,0.9330109357833862,0.15802553296089172,64,15,1,1.1029956340789795,0.016265347599983215,0.32720935344696045,0.6253662109375,4,0.009151710197329521,per_token_head_rms
3,K3,pure Hadamard-LM key reconstruction,0.6730214953422546,0.014078873209655285,48.8120002746582,3,0.03267483413219452,per_token_head_rms,gaussian_lloyd_max,headwise_hadamard,model.layers.16.self_attn,16,hadamard_lm_k3,hadamard_lm_k3,0.9868773221969604,0.027094952762126923,64,16,0,0.7697649002075195,0.014078873209655285,0.23477822542190552,0.6537841558456421,4,0.00891602411866188,per_token_head_rms
2,K2,aggressive pure Hadamard-LM key reconstruction,2.1526148319244385,0.04388611391186714,148.93304443359375,2,0.11336266249418259,per_token_head_rms,gaussian_lloyd_max,headwise_hadamard,model.layers.16.self_attn,16,hadamard_lm_k2,hadamard_lm_k2,0.9531922340393066,0.10358767956495285,64,16,0,2.3994810581207275,0.04388611391186714,0.6678699254989624,0.5175536870956421,4,0.00891602411866188,per_token_head_rms
2,K2+QJL,Hadamard-LM key plus QJL residual correction,0.3292652368545532,0.08158605545759201,285.37841796875,2,0.11336266249418259,per_token_head_rms,gaussian_lloyd_max+qjl,headwise_hadamard,model.layers.16.self_attn,16,hadamard_lm_k2_qjl,hadamard_lm_k2_qjl,0.9036949276924133,0.22192440927028656,64,16,1,4.4607319831848145,0.08158605545759201,1.4590933322906494,0.4443359375,4,0.00891602411866188,per_token_head_rms
3,K3+QJL,stronger Hadamard-LM key plus QJL residual correction,0.407825767993927,0.02434961497783661,85.03813171386719,3,0.03267483413219452,per_token_head_rms,gaussian_lloyd_max+qjl,headwise_hadamard,model.layers.16.self_attn,16,hadamard_lm_k3_qjl,hadamard_lm_k3_qjl,0.9773144721984863,0.047221679240465164,64,16,1,1.3313195705413818,0.02434961497783661,0.3546335995197296,0.589770495891571,4,0.00891602411866188,per_token_head_rms
3,K3,pure Hadamard-LM key reconstruction,0.9545437097549438,0.009917124174535275,55.445533752441406,3,0.03115314058959484,per_token_head_rms,gaussian_lloyd_max,headwise_hadamard,model.layers.17.self_attn,17,hadamard_lm_k3,hadamard_lm_k3,0.9738473296165466,0.05478678643703461,64,17,0,0.8805732131004333,0.009917124174535275,0.22589650750160217,0.6436523199081421,4,0.009194482117891312,per_token_head_rms
2,K2,aggressive pure Hadamard-LM key reconstruction,5.243588924407959,0.038342081010341644,190.393798828125,2,0.1043877974152565,per_token_head_rms,gaussian_lloyd_max,headwise_hadamard,model.layers.17.self_attn,17,hadamard_lm_k2,hadamard_lm_k2,0.9528540968894958,0.09672099351882935,64,17,0,3.4045162200927734,0.038342081010341644,0.5048410892486572,0.4944824278354645,4,0.009194482117891312,per_token_head_rms
2,K2+QJL,Hadamard-LM key plus QJL residual correction,2.4545788764953613,0.05060314014554024,281.5408020019531,2,0.1043877974152565,per_token_head_rms,gaussian_lloyd_max+qjl,headwise_hadamard,model.layers.17.self_attn,17,hadamard_lm_k2_qjl,hadamard_lm_k2_qjl,0.8813439607620239,0.30574554204940796,64,17,1,4.493215084075928,0.05060314014554024,1.1446983814239502,0.460693359375,4,0.009194482117891312,per_token_head_rms
3,K3+QJL,stronger Hadamard-LM key plus QJL residual correction,1.0678997039794922,0.014850351959466934,83.25064849853516,3,0.03115314058959484,per_token_head_rms,gaussian_lloyd_max+qjl,headwise_hadamard,model.layers.17.self_attn,17,hadamard_lm_k3_qjl,hadamard_lm_k3_qjl,0.9691797494888306,0.06751079112291336,64,17,1,1.3186103105545044,0.014850351959466934,0.2702549993991852,0.608325183391571,4,0.009194482117891312,per_token_head_rms
3,K3,pure Hadamard-LM key reconstruction,1.4996907711029053,0.014083335176110268,73.74071502685547,3,0.032243452966213226,per_token_head_rms,gaussian_lloyd_max,headwise_hadamard,model.layers.18.self_attn,18,hadamard_lm_k3,hadamard_lm_k3,0.9738999605178833,0.05260959640145302,64,18,0,1.1873403787612915,0.014083335176110268,0.17904487252235413,0.607958972454071,4,0.009237411431968212,per_token_head_rms
2,K2,aggressive pure Hadamard-LM key reconstruction,7.074785232543945,0.05223453417420387,231.79051208496094,2,0.11064152419567108,per_token_head_rms,gaussian_lloyd_max,headwise_hadamard,model.layers.18.self_attn,18,hadamard_lm_k2,hadamard_lm_k2,0.9113244414329529,0.1947813183069229,64,18,0,4.403798580169678,0.05223453417420387,0.4872336983680725,0.4616943299770355,4,0.009237411431968212,per_token_head_rms
2,K2+QJL,Hadamard-LM key plus QJL residual correction,2.510218620300293,0.09463906288146973,504.34503173828125,2,0.11064152419567108,per_token_head_rms,gaussian_lloyd_max+qjl,headwise_hadamard,model.layers.18.self_attn,18,hadamard_lm_k2_qjl,hadamard_lm_k2_qjl,0.6867442727088928,1.073173999786377,64,18,1,7.978847026824951,0.09463906288146973,1.6691691875457764,0.41926270723342896,4,0.009237411431968212,per_token_head_rms
3,K3+QJL,stronger Hadamard-LM key plus QJL residual correction,0.21629348397254944,0.02855536714196205,154.03009033203125,3,0.032243452966213226,per_token_head_rms,gaussian_lloyd_max+qjl,headwise_hadamard,model.layers.18.self_attn,18,hadamard_lm_k3_qjl,hadamard_lm_k3_qjl,0.9030249118804932,0.2149270474910736,64,18,1,2.4074511528015137,0.02855536714196205,0.5453504323959351,0.569165050983429,4,0.009237411431968212,per_token_head_rms
3,K3,pure Hadamard-LM key reconstruction,1.3078269958496094,0.011362853460013866,84.92869567871094,3,0.03018484078347683,per_token_head_rms,gaussian_lloyd_max,headwise_hadamard,model.layers.19.self_attn,19,hadamard_lm_k3,hadamard_lm_k3,0.956504225730896,0.09655439853668213,64,19,0,1.3537360429763794,0.011362853460013866,0.2566564977169037,0.6676025390625,4,0.00911930575966835,per_token_head_rms
2,K2,aggressive pure Hadamard-LM key reconstruction,6.561498641967773,0.037096939980983734,239.80223083496094,2,0.09882263839244843,per_token_head_rms,gaussian_lloyd_max,headwise_hadamard,model.layers.19.self_attn,19,hadamard_lm_k2,hadamard_lm_k2,0.7994327545166016,0.5369135737419128,64,19,0,4.419617176055908,0.037096939980983734,1.040174126625061,0.5020996332168579,4,0.00911930575966835,per_token_head_rms
2,K2+QJL,Hadamard-LM key plus QJL residual correction,1.9917535781860352,0.05500093102455139,415.4021911621094,2,0.09882263839244843,per_token_head_rms,gaussian_lloyd_max+qjl,headwise_hadamard,model.layers.19.self_attn,19,hadamard_lm_k2_qjl,hadamard_lm_k2_qjl,0.7948872447013855,0.54728102684021,64,19,1,6.552644729614258,0.05500093102455139,1.5797016620635986,0.47021484375,4,0.00911930575966835,per_token_head_rms
3,K3+QJL,stronger Hadamard-LM key plus QJL residual correction,1.6585814952850342,0.015790754929184914,117.64993286132812,3,0.03018484078347683,per_token_head_rms,gaussian_lloyd_max+qjl,headwise_hadamard,model.layers.19.self_attn,19,hadamard_lm_k3_qjl,hadamard_lm_k3_qjl,0.9275286197662354,0.15555840730667114,64,19,1,1.8812627792358398,0.015790754929184914,0.45599856972694397,0.6189941167831421,4,0.00911930575966835,per_token_head_rms
3,K3,pure Hadamard-LM key reconstruction,2.2287209033966064,0.010082907974720001,135.14810180664062,3,0.03190028667449951,per_token_head_rms,gaussian_lloyd_max,headwise_hadamard,model.layers.20.self_attn,20,hadamard_lm_k3,hadamard_lm_k3,0.9609684944152832,0.0795043483376503,64,20,0,2.1893017292022705,0.010082907974720001,0.5204858779907227,0.675463855266571,4,0.009110135026276112,per_token_head_rms
2,K2,aggressive pure Hadamard-LM key reconstruction,5.214619159698486,0.03357068449258804,439.31671142578125,2,0.10786464065313339,per_token_head_rms,gaussian_lloyd_max,headwise_hadamard,model.layers.20.self_attn,20,hadamard_lm_k2,hadamard_lm_k2,0.8858333230018616,0.2479558289051056,64,20,0,7.289202690124512,0.03357068449258804,1.4388015270233154,0.5051513910293579,4,0.009110135026276112,per_token_head_rms
2,K2+QJL,Hadamard-LM key plus QJL residual correction,0.04643833637237549,0.05437063053250313,755.5494995117188,2,0.10786464065313339,per_token_head_rms,gaussian_lloyd_max+qjl,headwise_hadamard,model.layers.20.self_attn,20,hadamard_lm_k2_qjl,hadamard_lm_k2_qjl,0.8320444226264954,0.38293781876564026,64,20,1,11.80549430847168,0.05437063053250313,2.6766467094421387,0.46923828125,4,0.009110135026276112,per_token_head_rms
3,K3+QJL,stronger Hadamard-LM key plus QJL residual correction,-0.20764446258544922,0.014393641613423824,199.9755401611328,3,0.03190028667449951,per_token_head_rms,gaussian_lloyd_max+qjl,headwise_hadamard,model.layers.20.self_attn,20,hadamard_lm_k3_qjl,hadamard_lm_k3_qjl,0.9324729442596436,0.1429412066936493,64,20,1,3.125291347503662,0.014393641613423824,0.771477460861206,0.652270495891571,4,0.009110135026276112,per_token_head_rms
3,K3,pure Hadamard-LM key reconstruction,1.6959847211837769,0.010300739668309689,106.57100677490234,3,0.03121194988489151,per_token_head_rms,gaussian_lloyd_max,headwise_hadamard,model.layers.21.self_attn,21,hadamard_lm_k3,hadamard_lm_k3,0.9644491076469421,0.07381532341241837,64,21,0,1.7101151943206787,0.010300739668309689,0.5569236874580383,0.6458495855331421,4,0.009041087701916695,per_token_head_rms
2,K2,aggressive pure Hadamard-LM key reconstruction,4.998466491699219,0.03640385717153549,361.8134460449219,2,0.10289237648248672,per_token_head_rms,gaussian_lloyd_max,headwise_hadamard,model.layers.21.self_attn,21,hadamard_lm_k2,hadamard_lm_k2,0.9109581112861633,0.19204601645469666,64,21,0,6.043720245361328,0.03640385717153549,1.7914257049560547,0.493408203125,4,0.009041087701916695,per_token_head_rms
2,K2+QJL,Hadamard-LM key plus QJL residual correction,-0.37656593322753906,0.0569288544356823,604.7384643554688,2,0.10289237648248672,per_token_head_rms,gaussian_lloyd_max+qjl,headwise_hadamard,model.layers.21.self_attn,21,hadamard_lm_k2_qjl,hadamard_lm_k2_qjl,0.9059006571769714,0.21105147898197174,64,21,1,9.451252937316895,0.0569288544356823,2.5145740509033203,0.4288574159145355,4,0.009041087701916695,per_token_head_rms
3,K3+QJL,stronger Hadamard-LM key plus QJL residual correction,-0.03474642336368561,0.016025450080633163,170.2723388671875,3,0.03121194988489151,per_token_head_rms,gaussian_lloyd_max+qjl,headwise_hadamard,model.layers.21.self_attn,21,hadamard_lm_k3_qjl,hadamard_lm_k3_qjl,0.952351987361908,0.09782924503087997,64,21,1,2.6605241298675537,0.016025450080633163,0.9068640470504761,0.5814453363418579,4,0.009041087701916695,per_token_head_rms
