bits,compute_interpretation,ip_bias,ip_relative_mse,ip_variance,k_bits,key_relative_mse,key_scale_granularity,kv_quantizer,kv_rotation,layer,layer_index,method,method_key,output_cosine,output_relative_mse,rotation_backend,score_mse,score_relative_mse,softmax_kl,topk_overlap,v_bits,value_relative_mse,value_scale_granularity
K16V16,baseline,0.0,0.0,0.0,16,0.0,none,none,none,model.layers.0.self_attn,0,fp16,fp16,1.0000487565994263,0.0,,0.0,0.0,0.0,1.0,16,0.0,none
K4V4,uniform fake quant KV baseline,-0.05456080660223961,0.026200002059340477,1.7837244272232056,4,0.02742999605834484,per_token_head_absmax,absmax_per_token_head,none,model.layers.0.self_attn,0,absmax,absmax_k4v4,0.9790714383125305,0.043762482702732086,none,0.027917208150029182,0.026200002059340477,0.009559106081724167,0.915478527545929,4,0.03377990424633026,per_token_head_absmax
K4V4,rotated non-uniform KV fake quant,-0.020861294120550156,0.005957655608654022,0.40584537386894226,4,0.008479686453938484,per_token_head_rms,gaussian_lloyd_max,headwise_hadamard,model.layers.0.self_attn,0,hadamard_lm,hadamard_lm_k4v4,0.9939725995063782,0.012188602238893509,hadamard,0.00634813355281949,0.005957655608654022,0.0026450923178344965,0.939453125,4,0.008357872255146503,per_token_head_rms
K3V4,rotated non-uniform key bit reduction,-0.03679591417312622,0.0238613560795784,1.6258642673492432,3,0.03072323091328144,per_token_head_rms,gaussian_lloyd_max,headwise_hadamard,model.layers.0.self_attn,0,hadamard_lm,hadamard_lm_k3v4,0.9836889505386353,0.03256721422076225,hadamard,0.02542528323829174,0.0238613560795784,0.010145959444344044,0.887402355670929,4,0.008357872255146503,per_token_head_rms
K4V3,rotated non-uniform value bit reduction,-0.020861294120550156,0.005957655608654022,0.40584537386894226,4,0.008479686453938484,per_token_head_rms,gaussian_lloyd_max,headwise_hadamard,model.layers.0.self_attn,0,hadamard_lm,hadamard_lm_k4v3,0.986971914768219,0.026071250438690186,hadamard,0.00634813355281949,0.005957655608654022,0.0026450923178344965,0.939453125,3,0.03034866787493229,per_token_head_rms
K4V4,randomized Hadamard non-uniform KV fake quant,-0.01684693992137909,0.010717228055000305,0.730574369430542,4,0.009230111725628376,per_token_head_rms,gaussian_lloyd_max,headwise_randomized_hadamard,model.layers.0.self_attn,0,hadamard_lm,randhadamard_lm_k4v4,0.9929213523864746,0.014214668422937393,randomized_hadamard,0.011419659480452538,0.010717228055000305,0.0034702809061855078,0.934374988079071,4,0.008190161548554897,per_token_head_rms
K3V4,randomized Hadamard key bit reduction,0.02315758727490902,0.03442434221506119,2.3470215797424316,3,0.03310314565896988,per_token_head_rms,gaussian_lloyd_max,headwise_randomized_hadamard,model.layers.0.self_attn,0,hadamard_lm,randhadamard_lm_k3v4,0.9820544123649597,0.03644275292754173,randomized_hadamard,0.036680590361356735,0.03442434221506119,0.01245378702878952,0.8868408203125,4,0.008190161548554897,per_token_head_rms
K4V3,randomized Hadamard value bit reduction,-0.01684693992137909,0.010717228055000305,0.730574369430542,4,0.009230111725628376,per_token_head_rms,gaussian_lloyd_max,headwise_randomized_hadamard,model.layers.0.self_attn,0,hadamard_lm,randhadamard_lm_k4v3,0.9856682419776917,0.028667256236076355,randomized_hadamard,0.011419659480452538,0.010717228055000305,0.0034702809061855078,0.934374988079071,3,0.0295826755464077,per_token_head_rms
K4V4,dense random orthogonal non-uniform KV fake quant,-0.04331192374229431,0.008099257946014404,0.5504506230354309,4,0.008908065035939217,per_token_head_rms,gaussian_lloyd_max,headwise_random_orthogonal,model.layers.0.self_attn,0,hadamard_lm,randortho_lm_k4v4,0.9929138422012329,0.01422654278576374,random_orthogonal,0.008630101568996906,0.008099257946014404,0.003120342968031764,0.939648449420929,4,0.00891730934381485,per_token_head_rms
K3V4,dense random orthogonal key bit reduction,-0.05623107776045799,0.023184141144156456,1.5778738260269165,3,0.03233425319194794,per_token_head_rms,gaussian_lloyd_max,headwise_random_orthogonal,model.layers.0.self_attn,0,hadamard_lm,randortho_lm_k3v4,0.9864363670349121,0.027035847306251526,random_orthogonal,0.024703681468963623,0.023184141144156456,0.009947608225047588,0.8877929449081421,4,0.00891730934381485,per_token_head_rms
K4V3,dense random orthogonal value bit reduction,-0.04331192374229431,0.008099257946014404,0.5504506230354309,4,0.008908065035939217,per_token_head_rms,gaussian_lloyd_max,headwise_random_orthogonal,model.layers.0.self_attn,0,hadamard_lm,randortho_lm_k4v3,0.9852311611175537,0.029477225616574287,random_orthogonal,0.008630101568996906,0.008099257946014404,0.003120342968031764,0.939648449420929,3,0.03232506662607193,per_token_head_rms
K16V16,baseline,0.0,0.0,0.0,16,0.0,none,none,none,model.layers.1.self_attn,1,fp16,fp16,1.0000150203704834,0.0,,0.0,0.0,0.0,1.0,16,0.0,none
K4V4,uniform fake quant KV baseline,-0.02464604750275612,0.0047035072930157185,2.964216947555542,4,0.013566650450229645,per_token_head_absmax,absmax_per_token_head,none,model.layers.1.self_attn,1,absmax,absmax_k4v4,0.9765556454658508,0.048285048454999924,none,0.04632538557052612,0.0047035072930157185,0.01356865931302309,0.9189697504043579,4,0.02859923429787159,per_token_head_absmax
K4V4,rotated non-uniform KV fake quant,0.0901712030172348,0.0036921396385878325,2.3191847801208496,4,0.009811448864638805,per_token_head_rms,gaussian_lloyd_max,headwise_hadamard,model.layers.1.self_attn,1,hadamard_lm,hadamard_lm_k4v4,0.986350417137146,0.027225123718380928,hadamard,0.03636430948972702,0.0036921396385878325,0.010662756860256195,0.9266601800918579,4,0.008697262965142727,per_token_head_rms
K3V4,rotated non-uniform key bit reduction,0.37658023834228516,0.013447185046970844,8.334531784057617,3,0.03558766096830368,per_token_head_rms,gaussian_lloyd_max,headwise_hadamard,model.layers.1.self_attn,1,hadamard_lm,hadamard_lm_k3v4,0.9683436751365662,0.062375329434871674,hadamard,0.1324428766965866,0.013447185046970844,0.0353739969432354,0.8734130859375,4,0.008697262965142727,per_token_head_rms
K4V3,rotated non-uniform value bit reduction,0.0901712030172348,0.0036921396385878325,2.3191847801208496,4,0.009811448864638805,per_token_head_rms,gaussian_lloyd_max,headwise_hadamard,model.layers.1.self_attn,1,hadamard_lm,hadamard_lm_k4v3,0.9751140475273132,0.04932400956749916,hadamard,0.03636430948972702,0.0036921396385878325,0.010662756860256195,0.9266601800918579,3,0.03113655373454094,per_token_head_rms
K4V4,randomized Hadamard non-uniform KV fake quant,0.26102274656295776,0.004254482686519623,2.613651990890503,4,0.009246943518519402,per_token_head_rms,gaussian_lloyd_max,headwise_randomized_hadamard,model.layers.1.self_attn,1,hadamard_lm,randhadamard_lm_k4v4,0.9863181710243225,0.02738628163933754,randomized_hadamard,0.04190289229154587,0.004254482686519623,0.011471662670373917,0.922900378704071,4,0.008956041187047958,per_token_head_rms
K3V4,randomized Hadamard key bit reduction,0.8264646530151367,0.015240917913615704,8.923968315124512,3,0.03417015075683594,per_token_head_rms,gaussian_lloyd_max,headwise_randomized_hadamard,model.layers.1.self_attn,1,hadamard_lm,randhadamard_lm_k3v4,0.9650505185127258,0.06928341835737228,randomized_hadamard,0.15010955929756165,0.015240917913615704,0.04229245334863663,0.8644043207168579,4,0.008956041187047958,per_token_head_rms
K4V3,randomized Hadamard value bit reduction,0.26102274656295776,0.004254482686519623,2.613651990890503,4,0.009246943518519402,per_token_head_rms,gaussian_lloyd_max,headwise_randomized_hadamard,model.layers.1.self_attn,1,hadamard_lm,randhadamard_lm_k4v3,0.974983811378479,0.04976145178079605,randomized_hadamard,0.04190289229154587,0.004254482686519623,0.011471662670373917,0.922900378704071,3,0.032093554735183716,per_token_head_rms
K4V4,dense random orthogonal non-uniform KV fake quant,0.14825940132141113,0.0033691078424453735,2.1017141342163086,4,0.008814661763608456,per_token_head_rms,gaussian_lloyd_max,headwise_random_orthogonal,model.layers.1.self_attn,1,hadamard_lm,randortho_lm_k4v4,0.9876871109008789,0.024567069485783577,random_orthogonal,0.03318273276090622,0.0033691078424453735,0.010431407019495964,0.9283447265625,4,0.00900180172175169,per_token_head_rms
K3V4,dense random orthogonal key bit reduction,0.548581063747406,0.0136822909116745,8.323599815368652,3,0.031822558492422104,per_token_head_rms,gaussian_lloyd_max,headwise_random_orthogonal,model.layers.1.self_attn,1,hadamard_lm,randortho_lm_k3v4,0.9642397165298462,0.07128196209669113,random_orthogonal,0.13475845754146576,0.0136822909116745,0.03978718817234039,0.8648681640625,4,0.00900180172175169,per_token_head_rms
K4V3,dense random orthogonal value bit reduction,0.14825940132141113,0.0033691078424453735,2.1017141342163086,4,0.008814661763608456,per_token_head_rms,gaussian_lloyd_max,headwise_random_orthogonal,model.layers.1.self_attn,1,hadamard_lm,randortho_lm_k4v3,0.9761493802070618,0.04732115566730499,random_orthogonal,0.03318273276090622,0.0033691078424453735,0.010431407019495964,0.9283447265625,3,0.03234443441033363,per_token_head_rms
K16V16,baseline,0.0,0.0,0.0,16,0.0,none,none,none,model.layers.2.self_attn,2,fp16,fp16,1.0000191926956177,0.0,,0.0,0.0,0.0,1.0,16,0.0,none
K4V4,uniform fake quant KV baseline,-0.010560108348727226,0.008329006843268871,2.2537524700164795,4,0.01303152833133936,per_token_head_absmax,absmax_per_token_head,none,model.layers.2.self_attn,2,absmax,absmax_k4v4,0.979638397693634,0.04285108670592308,none,0.03521662577986717,0.008329006843268871,0.011659136041998863,0.924243152141571,4,0.01620502397418022,per_token_head_absmax
K4V4,rotated non-uniform KV fake quant,0.12768930196762085,0.0065598455257713795,1.758817195892334,4,0.0092901811003685,per_token_head_rms,gaussian_lloyd_max,headwise_hadamard,model.layers.2.self_attn,2,hadamard_lm,hadamard_lm_k4v4,0.9878474473953247,0.024276738986372948,hadamard,0.027736276388168335,0.0065598455257713795,0.007865681312978268,0.93701171875,4,0.009321643970906734,per_token_head_rms
K3V4,rotated non-uniform key bit reduction,0.3113171458244324,0.024292102083563805,6.476625919342041,3,0.034195031970739365,per_token_head_rms,gaussian_lloyd_max,headwise_hadamard,model.layers.2.self_attn,2,hadamard_lm,hadamard_lm_k3v4,0.9698967337608337,0.06012390926480293,hadamard,0.10271163284778595,0.024292102083563805,0.028968365862965584,0.889599621295929,4,0.009321643970906734,per_token_head_rms
K4V3,rotated non-uniform value bit reduction,0.12768930196762085,0.0065598455257713795,1.758817195892334,4,0.0092901811003685,per_token_head_rms,gaussian_lloyd_max,headwise_hadamard,model.layers.2.self_attn,2,hadamard_lm,hadamard_lm_k4v3,0.9752436280250549,0.04921980947256088,hadamard,0.027736276388168335,0.0065598455257713795,0.007865681312978268,0.93701171875,3,0.03328685462474823,per_token_head_rms
K4V4,randomized Hadamard non-uniform KV fake quant,0.017534084618091583,0.00612036744132638,1.655889630317688,4,0.009293900802731514,per_token_head_rms,gaussian_lloyd_max,headwise_randomized_hadamard,model.layers.2.self_attn,2,hadamard_lm,randhadamard_lm_k4v4,0.9886412024497986,0.022624514997005463,randomized_hadamard,0.02587807923555374,0.00612036744132638,0.007945914752781391,0.9365478754043579,4,0.008952433243393898,per_token_head_rms
K3V4,randomized Hadamard key bit reduction,0.15682965517044067,0.02276555635035038,6.135859489440918,3,0.0337652750313282,per_token_head_rms,gaussian_lloyd_max,headwise_randomized_hadamard,model.layers.2.self_attn,2,hadamard_lm,randhadamard_lm_k3v4,0.9693347811698914,0.0604374036192894,randomized_hadamard,0.09625710546970367,0.02276555635035038,0.03065146878361702,0.882128894329071,4,0.008952433243393898,per_token_head_rms
K4V3,randomized Hadamard value bit reduction,0.017534084618091583,0.00612036744132638,1.655889630317688,4,0.009293900802731514,per_token_head_rms,gaussian_lloyd_max,headwise_randomized_hadamard,model.layers.2.self_attn,2,hadamard_lm,randhadamard_lm_k4v3,0.9766967296600342,0.046122901141643524,randomized_hadamard,0.02587807923555374,0.00612036744132638,0.007945914752781391,0.9365478754043579,3,0.03241121768951416,per_token_head_rms
K4V4,dense random orthogonal non-uniform KV fake quant,0.07467460632324219,0.0062090507708489895,1.6746187210083008,4,0.008910457603633404,per_token_head_rms,gaussian_lloyd_max,headwise_random_orthogonal,model.layers.2.self_attn,2,hadamard_lm,randortho_lm_k4v4,0.9877234697341919,0.02444903738796711,random_orthogonal,0.026253048330545425,0.0062090507708489895,0.007684499025344849,0.9378417730331421,4,0.009298118762671947,per_token_head_rms
K3V4,dense random orthogonal key bit reduction,0.37617361545562744,0.022976312786340714,6.075979709625244,3,0.033427927643060684,per_token_head_rms,gaussian_lloyd_max,headwise_random_orthogonal,model.layers.2.self_attn,2,hadamard_lm,randortho_lm_k3v4,0.9648182392120361,0.07014765590429306,random_orthogonal,0.09714822471141815,0.022976312786340714,0.02735542692244053,0.885815441608429,4,0.009298118762671947,per_token_head_rms
K4V3,dense random orthogonal value bit reduction,0.07467460632324219,0.0062090507708489895,1.6746187210083008,4,0.008910457603633404,per_token_head_rms,gaussian_lloyd_max,headwise_random_orthogonal,model.layers.2.self_attn,2,hadamard_lm,randortho_lm_k4v3,0.9754911065101624,0.04845394939184189,random_orthogonal,0.026253048330545425,0.0062090507708489895,0.007684499025344849,0.9378417730331421,3,0.03352891653776169,per_token_head_rms
K16V16,baseline,0.0,0.0,0.0,16,0.0,none,none,none,model.layers.3.self_attn,3,fp16,fp16,1.000016212463379,0.0,,0.0,0.0,0.0,1.0,16,0.0,none
K4V4,uniform fake quant KV baseline,-0.26413774490356445,0.006080280523747206,10.451309204101562,4,0.03183538839221001,per_token_head_absmax,absmax_per_token_head,none,model.layers.3.self_attn,3,absmax,absmax_k4v4,0.9468963742256165,0.12057578563690186,none,0.16439184546470642,0.006080280523747206,0.012426980771124363,0.848437488079071,4,0.014128975570201874,per_token_head_absmax
K4V4,rotated non-uniform KV fake quant,0.28182485699653625,0.002036274876445532,3.4440648555755615,4,0.008826357312500477,per_token_head_rms,gaussian_lloyd_max,headwise_hadamard,model.layers.3.self_attn,3,hadamard_lm,hadamard_lm_k4v4,0.9832004308700562,0.035418801009655,hadamard,0.05505453050136566,0.002036274876445532,0.004050524439662695,0.9117676019668579,4,0.008882631547749043,per_token_head_rms
K3V4,rotated non-uniform key bit reduction,1.093826174736023,0.00737726641818881,11.568876266479492,3,0.032267771661281586,per_token_head_rms,gaussian_lloyd_max,headwise_hadamard,model.layers.3.self_attn,3,hadamard_lm,hadamard_lm_k3v4,0.9433658719062805,0.12592099606990814,hadamard,0.1994583010673523,0.00737726641818881,0.01608235202729702,0.837695300579071,4,0.008882631547749043,per_token_head_rms
K4V3,rotated non-uniform value bit reduction,0.28182485699653625,0.002036274876445532,3.4440648555755615,4,0.008826357312500477,per_token_head_rms,gaussian_lloyd_max,headwise_hadamard,model.layers.3.self_attn,3,hadamard_lm,hadamard_lm_k4v3,0.9742134213447571,0.053192827850580215,hadamard,0.05505453050136566,0.002036274876445532,0.004050524439662695,0.9117676019668579,3,0.03255174309015274,per_token_head_rms
K4V4,randomized Hadamard non-uniform KV fake quant,0.13379448652267456,0.0020555614028126,3.53896164894104,4,0.008880269713699818,per_token_head_rms,gaussian_lloyd_max,headwise_randomized_hadamard,model.layers.3.self_attn,3,hadamard_lm,randhadamard_lm_k4v4,0.9822986125946045,0.03643899783492088,randomized_hadamard,0.05557597428560257,0.0020555614028126,0.004132925532758236,0.9073486328125,4,0.00901474803686142,per_token_head_rms
K3V4,randomized Hadamard key bit reduction,0.8712358474731445,0.007389508653432131,12.027462005615234,3,0.03166196495294571,per_token_head_rms,gaussian_lloyd_max,headwise_randomized_hadamard,model.layers.3.self_attn,3,hadamard_lm,randhadamard_lm_k3v4,0.9457761645317078,0.13809800148010254,randomized_hadamard,0.19978928565979004,0.007389508653432131,0.0156557559967041,0.8392089605331421,4,0.00901474803686142,per_token_head_rms
K4V3,randomized Hadamard value bit reduction,0.13379448652267456,0.0020555614028126,3.53896164894104,4,0.008880269713699818,per_token_head_rms,gaussian_lloyd_max,headwise_randomized_hadamard,model.layers.3.self_attn,3,hadamard_lm,randhadamard_lm_k4v3,0.9747878313064575,0.05119235813617706,randomized_hadamard,0.05557597428560257,0.0020555614028126,0.004132925532758236,0.9073486328125,3,0.03337428346276283,per_token_head_rms
K4V4,dense random orthogonal non-uniform KV fake quant,0.21778526902198792,0.0018861072603613138,3.216215133666992,4,0.008932402357459068,per_token_head_rms,gaussian_lloyd_max,headwise_random_orthogonal,model.layers.3.self_attn,3,hadamard_lm,randortho_lm_k4v4,0.9844216108322144,0.03271976113319397,random_orthogonal,0.05099446326494217,0.0018861072603613138,0.0035888811107724905,0.912353515625,4,0.009293344803154469,per_token_head_rms
K3V4,dense random orthogonal key bit reduction,0.9770073890686035,0.0072257025167346,11.548526763916016,3,0.03263736516237259,per_token_head_rms,gaussian_lloyd_max,headwise_random_orthogonal,model.layers.3.self_attn,3,hadamard_lm,randortho_lm_k3v4,0.9494473934173584,0.11277996003627777,random_orthogonal,0.1953604817390442,0.0072257025167346,0.01501833088696003,0.837109386920929,4,0.009293344803154469,per_token_head_rms
K4V3,dense random orthogonal value bit reduction,0.21778526902198792,0.0018861072603613138,3.216215133666992,4,0.008932402357459068,per_token_head_rms,gaussian_lloyd_max,headwise_random_orthogonal,model.layers.3.self_attn,3,hadamard_lm,randortho_lm_k4v3,0.975361704826355,0.049786705523729324,random_orthogonal,0.05099446326494217,0.0018861072603613138,0.0035888811107724905,0.912353515625,3,0.03378947079181671,per_token_head_rms
K16V16,baseline,0.0,0.0,0.0,16,0.0,none,none,none,model.layers.4.self_attn,4,fp16,fp16,1.0000324249267578,0.0,,0.0,0.0,0.0,1.0,16,0.0,none
K4V4,uniform fake quant KV baseline,0.11523464322090149,0.009300010278820992,20.250288009643555,4,0.03934658318758011,per_token_head_absmax,absmax_per_token_head,none,model.layers.4.self_attn,4,absmax,absmax_k4v4,0.9394216537475586,0.1593603789806366,none,0.3166182041168213,0.009300010278820992,0.019462672993540764,0.833056628704071,4,0.015833010897040367,per_token_head_absmax
K4V4,rotated non-uniform KV fake quant,0.19771185517311096,0.002006750088185072,4.33336877822876,4,0.008769326843321323,per_token_head_rms,gaussian_lloyd_max,headwise_hadamard,model.layers.4.self_attn,4,hadamard_lm,hadamard_lm_k4v4,0.9845169186592102,0.030983610078692436,hadamard,0.0683196634054184,0.002006750088185072,0.00365458894520998,0.913012683391571,4,0.009233917109668255,per_token_head_rms
K3V4,rotated non-uniform key bit reduction,0.7919647097587585,0.007632104679942131,16.002197265625,3,0.03126704320311546,per_token_head_rms,gaussian_lloyd_max,headwise_hadamard,model.layers.4.self_attn,4,hadamard_lm,hadamard_lm_k3v4,0.9524675607681274,0.10897412151098251,hadamard,0.2598344683647156,0.007632104679942131,0.012665677815675735,0.846606433391571,4,0.009233917109668255,per_token_head_rms
K4V3,rotated non-uniform value bit reduction,0.19771185517311096,0.002006750088185072,4.33336877822876,4,0.008769326843321323,per_token_head_rms,gaussian_lloyd_max,headwise_hadamard,model.layers.4.self_attn,4,hadamard_lm,hadamard_lm_k4v3,0.9758673906326294,0.047751814126968384,hadamard,0.0683196634054184,0.002006750088185072,0.00365458894520998,0.913012683391571,3,0.0339827723801136,per_token_head_rms
K4V4,randomized Hadamard non-uniform KV fake quant,0.281034916639328,0.002260468900203705,4.846299648284912,4,0.00880471058189869,per_token_head_rms,gaussian_lloyd_max,headwise_randomized_hadamard,model.layers.4.self_attn,4,hadamard_lm,randhadamard_lm_k4v4,0.9836760759353638,0.03256373852491379,randomized_hadamard,0.07695750147104263,0.002260468900203705,0.0036512946244329214,0.9117187261581421,4,0.009559456259012222,per_token_head_rms
K3V4,randomized Hadamard key bit reduction,1.0097898244857788,0.008178086951375008,16.799358367919922,3,0.03171540051698685,per_token_head_rms,gaussian_lloyd_max,headwise_randomized_hadamard,model.layers.4.self_attn,4,hadamard_lm,randhadamard_lm_k3v4,0.9594299793243408,0.08713411539793015,randomized_hadamard,0.27842238545417786,0.008178086951375008,0.012460657395422459,0.847412109375,4,0.009559456259012222,per_token_head_rms
K4V3,randomized Hadamard value bit reduction,0.281034916639328,0.002260468900203705,4.846299648284912,4,0.00880471058189869,per_token_head_rms,gaussian_lloyd_max,headwise_randomized_hadamard,model.layers.4.self_attn,4,hadamard_lm,randhadamard_lm_k4v3,0.9756188988685608,0.04823746532201767,randomized_hadamard,0.07695750147104263,0.002260468900203705,0.0036512946244329214,0.9117187261581421,3,0.03433743491768837,per_token_head_rms
K4V4,dense random orthogonal non-uniform KV fake quant,0.2720526456832886,0.0019884880166500807,4.258655548095703,4,0.009270977228879929,per_token_head_rms,gaussian_lloyd_max,headwise_random_orthogonal,model.layers.4.self_attn,4,hadamard_lm,randortho_lm_k4v4,0.98459392786026,0.03156570717692375,random_orthogonal,0.0676979348063469,0.0019884880166500807,0.003294639987871051,0.9144531488418579,4,0.009099656715989113,per_token_head_rms
K3V4,dense random orthogonal key bit reduction,1.0597774982452393,0.008020240813493729,16.351978302001953,3,0.03407732769846916,per_token_head_rms,gaussian_lloyd_max,headwise_random_orthogonal,model.layers.4.self_attn,4,hadamard_lm,randortho_lm_k3v4,0.9527333378791809,0.10634450614452362,random_orthogonal,0.2730485200881958,0.008020240813493729,0.014002240262925625,0.837695300579071,4,0.009099656715989113,per_token_head_rms
K4V3,dense random orthogonal value bit reduction,0.2720526456832886,0.0019884880166500807,4.258655548095703,4,0.009270977228879929,per_token_head_rms,gaussian_lloyd_max,headwise_random_orthogonal,model.layers.4.self_attn,4,hadamard_lm,randortho_lm_k4v3,0.9759154915809631,0.04830823466181755,random_orthogonal,0.0676979348063469,0.0019884880166500807,0.003294639987871051,0.9144531488418579,3,0.03296497091650963,per_token_head_rms
K16V16,baseline,0.0,0.0,0.0,16,0.0,none,none,none,model.layers.5.self_attn,5,fp16,fp16,1.0000399351119995,0.0,,0.0,0.0,0.0,1.0,16,0.0,none
K4V4,uniform fake quant KV baseline,0.206171452999115,0.010805192403495312,20.728919982910156,4,0.04249517619609833,per_token_head_absmax,absmax_per_token_head,none,model.layers.5.self_attn,5,absmax,absmax_k4v4,0.9156435132026672,0.20288880169391632,none,0.32455354928970337,0.010805192403495312,0.02264433726668358,0.833569347858429,4,0.015384798869490623,per_token_head_absmax
K4V4,rotated non-uniform KV fake quant,0.11683065444231033,0.002284761518239975,4.378475189208984,4,0.008556400425732136,per_token_head_rms,gaussian_lloyd_max,headwise_hadamard,model.layers.5.self_attn,5,hadamard_lm,hadamard_lm_k4v4,0.9793687462806702,0.04676983878016472,hadamard,0.06862695515155792,0.002284761518239975,0.005123017355799675,0.9071289300918579,4,0.009401187300682068,per_token_head_rms
K3V4,rotated non-uniform key bit reduction,0.8016536235809326,0.008897621184587479,16.461748123168945,3,0.031104257330298424,per_token_head_rms,gaussian_lloyd_max,headwise_hadamard,model.layers.5.self_attn,5,hadamard_lm,hadamard_lm_k3v4,0.9356927275657654,0.1388513296842575,hadamard,0.2672562003135681,0.008897621184587479,0.01763674058020115,0.8395019769668579,4,0.009401187300682068,per_token_head_rms
K4V3,rotated non-uniform value bit reduction,0.11683065444231033,0.002284761518239975,4.378475189208984,4,0.008556400425732136,per_token_head_rms,gaussian_lloyd_max,headwise_hadamard,model.layers.5.self_attn,5,hadamard_lm,hadamard_lm_k4v3,0.9709469676017761,0.0625336766242981,hadamard,0.06862695515155792,0.002284761518239975,0.005123017355799675,0.9071289300918579,3,0.03446611762046814,per_token_head_rms
K4V4,randomized Hadamard non-uniform KV fake quant,0.2635885775089264,0.0022599699441343546,4.274988174438477,4,0.00869736634194851,per_token_head_rms,gaussian_lloyd_max,headwise_randomized_hadamard,model.layers.5.self_attn,5,hadamard_lm,randhadamard_lm_k4v4,0.9834669828414917,0.0370902456343174,randomized_hadamard,0.06788229942321777,0.0022599699441343546,0.0046067629009485245,0.9080810546875,4,0.009356746450066566,per_token_head_rms
K3V4,randomized Hadamard key bit reduction,0.933306872844696,0.008017098531126976,14.540656089782715,3,0.03095637448132038,per_token_head_rms,gaussian_lloyd_max,headwise_randomized_hadamard,model.layers.5.self_attn,5,hadamard_lm,randhadamard_lm_k3v4,0.9428609609603882,0.1506800800561905,randomized_hadamard,0.24080809950828552,0.008017098531126976,0.016848310828208923,0.843090832233429,4,0.009356746450066566,per_token_head_rms
K4V3,randomized Hadamard value bit reduction,0.2635885775089264,0.0022599699441343546,4.274988174438477,4,0.00869736634194851,per_token_head_rms,gaussian_lloyd_max,headwise_randomized_hadamard,model.layers.5.self_attn,5,hadamard_lm,randhadamard_lm_k4v3,0.9749539494514465,0.05284647271037102,randomized_hadamard,0.06788229942321777,0.0022599699441343546,0.0046067629009485245,0.9080810546875,3,0.033766936510801315,per_token_head_rms
K4V4,dense random orthogonal non-uniform KV fake quant,0.3837736248970032,0.0028421408496797085,5.316324234008789,4,0.009220567531883717,per_token_head_rms,gaussian_lloyd_max,headwise_random_orthogonal,model.layers.5.self_attn,5,hadamard_lm,randortho_lm_k4v4,0.9811370372772217,0.039090633392333984,random_orthogonal,0.08536885678768158,0.0028421408496797085,0.005156971048563719,0.901904284954071,4,0.008999597281217575,per_token_head_rms
K3V4,dense random orthogonal key bit reduction,1.623570203781128,0.010882537811994553,18.284133911132812,3,0.033316172659397125,per_token_head_rms,gaussian_lloyd_max,headwise_random_orthogonal,model.layers.5.self_attn,5,hadamard_lm,randortho_lm_k3v4,0.942045271396637,0.18514977395534515,random_orthogonal,0.32687675952911377,0.010882537811994553,0.019896849989891052,0.837207019329071,4,0.008999597281217575,per_token_head_rms
K4V3,dense random orthogonal value bit reduction,0.3837736248970032,0.0028421408496797085,5.316324234008789,4,0.009220567531883717,per_token_head_rms,gaussian_lloyd_max,headwise_random_orthogonal,model.layers.5.self_attn,5,hadamard_lm,randortho_lm_k4v3,0.9722307324409485,0.05606776103377342,random_orthogonal,0.08536885678768158,0.0028421408496797085,0.005156971048563719,0.901904284954071,3,0.03325771540403366,per_token_head_rms
K16V16,baseline,0.0,0.0,0.0,16,0.0,none,none,none,model.layers.6.self_attn,6,fp16,fp16,1.0000263452529907,0.0,,0.0,0.0,0.0,1.0,16,0.0,none
K4V4,uniform fake quant KV baseline,0.22250109910964966,0.01156550832092762,25.6346378326416,4,0.04274539649486542,per_token_head_absmax,absmax_per_token_head,none,model.layers.6.self_attn,6,absmax,absmax_k4v4,0.909837007522583,0.2622748613357544,none,0.40131473541259766,0.01156550832092762,0.045285873115062714,0.813769519329071,4,0.01730969548225403,per_token_head_absmax
K4V4,rotated non-uniform KV fake quant,0.29694879055023193,0.002649512607604265,5.795735836029053,4,0.008816699497401714,per_token_head_rms,gaussian_lloyd_max,headwise_hadamard,model.layers.6.self_attn,6,hadamard_lm,hadamard_lm_k4v4,0.979478657245636,0.04226871207356453,hadamard,0.0919361561536789,0.002649512607604265,0.008321691304445267,0.9048095941543579,4,0.009110275655984879,per_token_head_rms
K3V4,rotated non-uniform key bit reduction,0.7294667363166809,0.009402087889611721,20.347597122192383,3,0.031270261853933334,per_token_head_rms,gaussian_lloyd_max,headwise_hadamard,model.layers.6.self_attn,6,hadamard_lm,hadamard_lm_k3v4,0.9338535070419312,0.14756830036640167,hadamard,0.32624560594558716,0.009402087889611721,0.028908349573612213,0.8356689214706421,4,0.009110275655984879,per_token_head_rms
K4V3,rotated non-uniform value bit reduction,0.29694879055023193,0.002649512607604265,5.795735836029053,4,0.008816699497401714,per_token_head_rms,gaussian_lloyd_max,headwise_hadamard,model.layers.6.self_attn,6,hadamard_lm,hadamard_lm_k4v3,0.9702956080436707,0.05977136269211769,hadamard,0.0919361561536789,0.002649512607604265,0.008321691304445267,0.9048095941543579,3,0.03295373544096947,per_token_head_rms
K4V4,randomized Hadamard non-uniform KV fake quant,0.3173791468143463,0.0025115725584328175,5.47685432434082,4,0.008776704780757427,per_token_head_rms,gaussian_lloyd_max,headwise_randomized_hadamard,model.layers.6.self_attn,6,hadamard_lm,randhadamard_lm_k4v4,0.9768998622894287,0.05286529287695885,randomized_hadamard,0.0871497392654419,0.0025115725584328175,0.008711984381079674,0.9077392816543579,4,0.008858643472194672,per_token_head_rms
K3V4,randomized Hadamard key bit reduction,0.8062081336975098,0.010323711670935154,22.276445388793945,3,0.03155889734625816,per_token_head_rms,gaussian_lloyd_max,headwise_randomized_hadamard,model.layers.6.self_attn,6,hadamard_lm,randhadamard_lm_k3v4,0.9212878346443176,0.19232822954654694,randomized_hadamard,0.3582252860069275,0.010323711670935154,0.03438357263803482,0.8293701410293579,4,0.008858643472194672,per_token_head_rms
K4V3,randomized Hadamard value bit reduction,0.3173791468143463,0.0025115725584328175,5.47685432434082,4,0.008776704780757427,per_token_head_rms,gaussian_lloyd_max,headwise_randomized_hadamard,model.layers.6.self_attn,6,hadamard_lm,randhadamard_lm_k4v3,0.9679639935493469,0.0696718618273735,randomized_hadamard,0.0871497392654419,0.0025115725584328175,0.008711984381079674,0.9077392816543579,3,0.03211790695786476,per_token_head_rms
K4V4,dense random orthogonal non-uniform KV fake quant,0.658645749092102,0.0035137308295816183,7.369315147399902,4,0.00981758814305067,per_token_head_rms,gaussian_lloyd_max,headwise_random_orthogonal,model.layers.6.self_attn,6,hadamard_lm,randortho_lm_k4v4,0.9737988114356995,0.05676741898059845,random_orthogonal,0.12192390114068985,0.0035137308295816183,0.012928417883813381,0.8982177972793579,4,0.009240181185305119,per_token_head_rms
K3V4,dense random orthogonal key bit reduction,2.201578140258789,0.01370625477284193,25.591264724731445,3,0.035684749484062195,per_token_head_rms,gaussian_lloyd_max,headwise_random_orthogonal,model.layers.6.self_attn,6,hadamard_lm,randortho_lm_k3v4,0.9113348126411438,0.22593478858470917,random_orthogonal,0.4755970537662506,0.01370625477284193,0.04875224456191063,0.82568359375,4,0.009240181185305119,per_token_head_rms
K4V3,dense random orthogonal value bit reduction,0.658645749092102,0.0035137308295816183,7.369315147399902,4,0.00981758814305067,per_token_head_rms,gaussian_lloyd_max,headwise_random_orthogonal,model.layers.6.self_attn,6,hadamard_lm,randortho_lm_k4v3,0.9636980891227722,0.07621107250452042,random_orthogonal,0.12192390114068985,0.0035137308295816183,0.012928417883813381,0.8982177972793579,3,0.03342662379145622,per_token_head_rms
K16V16,baseline,0.0,0.0,0.0,16,0.0,none,none,none,model.layers.7.self_attn,7,fp16,fp16,1.0000208616256714,0.0,,0.0,0.0,0.0,1.0,16,0.0,none
K4V4,uniform fake quant KV baseline,0.30644163489341736,0.022582048550248146,19.176746368408203,4,0.04954180493950844,per_token_head_absmax,absmax_per_token_head,none,model.layers.7.self_attn,7,absmax,absmax_k4v4,0.9432617425918579,0.13165068626403809,none,0.30110394954681396,0.022582048550248146,0.048530321568250656,0.7862548828125,4,0.012890268117189407,per_token_head_absmax
K4V4,rotated non-uniform KV fake quant,0.12229515612125397,0.004069030284881592,3.457397937774658,4,0.008659649640321732,per_token_head_rms,gaussian_lloyd_max,headwise_hadamard,model.layers.7.self_attn,7,hadamard_lm,hadamard_lm_k4v4,0.9884511232376099,0.023729858919978142,hadamard,0.05425553023815155,0.004069030284881592,0.008680257014930248,0.894604504108429,4,0.009318101219832897,per_token_head_rms
K3V4,rotated non-uniform key bit reduction,0.4552764296531677,0.01575903221964836,13.240876197814941,3,0.03070179559290409,per_token_head_rms,gaussian_lloyd_max,headwise_hadamard,model.layers.7.self_attn,7,hadamard_lm,hadamard_lm_k3v4,0.9624006152153015,0.10811647772789001,hadamard,0.21012738347053528,0.01575903221964836,0.034895364195108414,0.817675769329071,4,0.009318101219832897,per_token_head_rms
K4V3,rotated non-uniform value bit reduction,0.12229515612125397,0.004069030284881592,3.457397937774658,4,0.008659649640321732,per_token_head_rms,gaussian_lloyd_max,headwise_hadamard,model.layers.7.self_attn,7,hadamard_lm,hadamard_lm_k4v3,0.9811649322509766,0.037753116339445114,hadamard,0.05425553023815155,0.004069030284881592,0.008680257014930248,0.894604504108429,3,0.03333593159914017,per_token_head_rms
K4V4,randomized Hadamard non-uniform KV fake quant,0.11016730964183807,0.0043516503646969795,3.7013938426971436,4,0.00855717621743679,per_token_head_rms,gaussian_lloyd_max,headwise_randomized_hadamard,model.layers.7.self_attn,7,hadamard_lm,randhadamard_lm_k4v4,0.9884186387062073,0.024524958804249763,randomized_hadamard,0.05802392214536667,0.0043516503646969795,0.008582042530179024,0.893603503704071,4,0.00904653687030077,per_token_head_rms
K3V4,randomized Hadamard key bit reduction,0.3381240963935852,0.013126327656209469,11.087176322937012,3,0.02996828965842724,per_token_head_rms,gaussian_lloyd_max,headwise_randomized_hadamard,model.layers.7.self_attn,7,hadamard_lm,randhadamard_lm_k3v4,0.9668213725090027,0.0784917026758194,randomized_hadamard,0.17502349615097046,0.013126327656209469,0.027487117797136307,0.831005871295929,4,0.00904653687030077,per_token_head_rms
K4V3,randomized Hadamard value bit reduction,0.11016730964183807,0.0043516503646969795,3.7013938426971436,4,0.00855717621743679,per_token_head_rms,gaussian_lloyd_max,headwise_randomized_hadamard,model.layers.7.self_attn,7,hadamard_lm,randhadamard_lm_k4v3,0.9808324575424194,0.039048660546541214,randomized_hadamard,0.05802392214536667,0.0043516503646969795,0.008582042530179024,0.893603503704071,3,0.03300778567790985,per_token_head_rms
K4V4,dense random orthogonal non-uniform KV fake quant,0.1182529479265213,0.004224225878715515,3.590808391571045,4,0.009083721786737442,per_token_head_rms,gaussian_lloyd_max,headwise_random_orthogonal,model.layers.7.self_attn,7,hadamard_lm,randortho_lm_k4v4,0.9900068044662476,0.020362388342618942,random_orthogonal,0.056324876844882965,0.004224225878715515,0.0075798798352479935,0.8943115472793579,4,0.009171850048005581,per_token_head_rms
K3V4,dense random orthogonal key bit reduction,0.34879881143569946,0.014402041211724281,12.168487548828125,3,0.03313269838690758,per_token_head_rms,gaussian_lloyd_max,headwise_random_orthogonal,model.layers.7.self_attn,7,hadamard_lm,randortho_lm_k3v4,0.9673017859458923,0.08083144575357437,random_orthogonal,0.1920335739850998,0.014402041211724281,0.030103832483291626,0.826416015625,4,0.009171850048005581,per_token_head_rms
K4V3,dense random orthogonal value bit reduction,0.1182529479265213,0.004224225878715515,3.590808391571045,4,0.009083721786737442,per_token_head_rms,gaussian_lloyd_max,headwise_random_orthogonal,model.layers.7.self_attn,7,hadamard_lm,randortho_lm_k4v3,0.982494056224823,0.034830279648303986,random_orthogonal,0.056324876844882965,0.004224225878715515,0.0075798798352479935,0.8943115472793579,3,0.0335436575114727,per_token_head_rms
K16V16,baseline,0.0,0.0,0.0,16,0.0,none,none,none,model.layers.8.self_attn,8,fp16,fp16,1.0000585317611694,0.0,,0.0,0.0,0.0,1.0,16,0.0,none
K4V4,uniform fake quant KV baseline,0.25293806195259094,0.006879379972815514,27.595422744750977,4,0.03934831917285919,per_token_head_absmax,absmax_per_token_head,none,model.layers.8.self_attn,8,absmax,absmax_k4v4,0.9202788472175598,0.20510385930538177,none,0.4321781098842621,0.006879379972815514,0.034417152404785156,0.8455810546875,4,0.02197561226785183,per_token_head_absmax
K4V4,rotated non-uniform KV fake quant,0.37396499514579773,0.0017766760429367423,7.003496170043945,4,0.008826689794659615,per_token_head_rms,gaussian_lloyd_max,headwise_hadamard,model.layers.8.self_attn,8,hadamard_lm,hadamard_lm_k4v4,0.9804859161376953,0.04360395669937134,hadamard,0.11161477863788605,0.0017766760429367423,0.00815501343458891,0.918994128704071,4,0.009002347476780415,per_token_head_rms
K3V4,rotated non-uniform key bit reduction,1.3937958478927612,0.0070069883950054646,26.22979736328125,3,0.03156781569123268,per_token_head_rms,gaussian_lloyd_max,headwise_hadamard,model.layers.8.self_attn,8,hadamard_lm,hadamard_lm_k3v4,0.9481475353240967,0.13415662944316864,hadamard,0.4401947557926178,0.0070069883950054646,0.028708551079034805,0.860791027545929,4,0.009002347476780415,per_token_head_rms
K4V3,rotated non-uniform value bit reduction,0.37396499514579773,0.0017766760429367423,7.003496170043945,4,0.008826689794659615,per_token_head_rms,gaussian_lloyd_max,headwise_hadamard,model.layers.8.self_attn,8,hadamard_lm,hadamard_lm_k4v3,0.9707587361335754,0.06234484165906906,hadamard,0.11161477863788605,0.0017766760429367423,0.00815501343458891,0.918994128704071,3,0.032869234681129456,per_token_head_rms
K4V4,randomized Hadamard non-uniform KV fake quant,0.24300912022590637,0.0016814025584608316,6.701233863830566,4,0.008629318326711655,per_token_head_rms,gaussian_lloyd_max,headwise_randomized_hadamard,model.layers.8.self_attn,8,hadamard_lm,randhadamard_lm_k4v4,0.9821076393127441,0.03781205788254738,randomized_hadamard,0.10562948882579803,0.0016814025584608316,0.007049852982163429,0.923291027545929,4,0.00888556707650423,per_token_head_rms
K3V4,randomized Hadamard key bit reduction,1.289320468902588,0.006593743804842234,24.848615646362305,3,0.030949506908655167,per_token_head_rms,gaussian_lloyd_max,headwise_randomized_hadamard,model.layers.8.self_attn,8,hadamard_lm,randhadamard_lm_k3v4,0.9404699206352234,0.13661403954029083,randomized_hadamard,0.4142338037490845,0.006593743804842234,0.028259670361876488,0.859326183795929,4,0.00888556707650423,per_token_head_rms
K4V3,randomized Hadamard value bit reduction,0.24300912022590637,0.0016814025584608316,6.701233863830566,4,0.008629318326711655,per_token_head_rms,gaussian_lloyd_max,headwise_randomized_hadamard,model.layers.8.self_attn,8,hadamard_lm,randhadamard_lm_k4v3,0.9731199741363525,0.05463607236742973,randomized_hadamard,0.10562948882579803,0.0016814025584608316,0.007049852982163429,0.923291027545929,3,0.03270268067717552,per_token_head_rms
K4V4,dense random orthogonal non-uniform KV fake quant,0.4962170720100403,0.0020381896756589413,7.948563098907471,4,0.009250490926206112,per_token_head_rms,gaussian_lloyd_max,headwise_random_orthogonal,model.layers.8.self_attn,8,hadamard_lm,randortho_lm_k4v4,0.9744284152984619,0.055599506944417953,random_orthogonal,0.12804365158081055,0.0020381896756589413,0.009306725114583969,0.9130859375,4,0.009156415238976479,per_token_head_rms
K3V4,dense random orthogonal key bit reduction,1.9457902908325195,0.008158203214406967,29.014968872070312,3,0.034314144402742386,per_token_head_rms,gaussian_lloyd_max,headwise_random_orthogonal,model.layers.8.self_attn,8,hadamard_lm,randortho_lm_k3v4,0.9309069514274597,0.15961870551109314,random_orthogonal,0.5125166773796082,0.008158203214406967,0.03349415585398674,0.8580566644668579,4,0.009156415238976479,per_token_head_rms
K4V3,dense random orthogonal value bit reduction,0.4962170720100403,0.0020381896756589413,7.948563098907471,4,0.009250490926206112,per_token_head_rms,gaussian_lloyd_max,headwise_random_orthogonal,model.layers.8.self_attn,8,hadamard_lm,randortho_lm_k4v3,0.964507520198822,0.07462278753519058,random_orthogonal,0.12804365158081055,0.0020381896756589413,0.009306725114583969,0.9130859375,3,0.033882856369018555,per_token_head_rms
K16V16,baseline,0.0,0.0,0.0,16,0.0,none,none,none,model.layers.9.self_attn,9,fp16,fp16,1.0000461339950562,0.0,,0.0,0.0,0.0,1.0,16,0.0,none
K4V4,uniform fake quant KV baseline,0.48659297823905945,0.016057899221777916,28.005460739135742,4,0.05193537846207619,per_token_head_absmax,absmax_per_token_head,none,model.layers.9.self_attn,9,absmax,absmax_k4v4,0.9289160370826721,0.19033917784690857,none,0.4412848949432373,0.016057899221777916,0.06294737011194229,0.837646484375,4,0.017857348546385765,per_token_head_absmax
K4V4,rotated non-uniform KV fake quant,0.15053310990333557,0.002929733134806156,5.130081653594971,4,0.00858524814248085,per_token_head_rms,gaussian_lloyd_max,headwise_hadamard,model.layers.9.self_attn,9,hadamard_lm,hadamard_lm_k4v4,0.9861762523651123,0.029307013377547264,hadamard,0.08051159232854843,0.002929733134806156,0.010230757296085358,0.9246826171875,4,0.009116767905652523,per_token_head_rms
K3V4,rotated non-uniform key bit reduction,0.48614248633384705,0.010507592000067234,18.244155883789062,3,0.030568702146410942,per_token_head_rms,gaussian_lloyd_max,headwise_hadamard,model.layers.9.self_attn,9,hadamard_lm,hadamard_lm_k3v4,0.9610202312469482,0.08819272369146347,hadamard,0.28875768184661865,0.010507592000067234,0.0327930822968483,0.868090808391571,4,0.009116767905652523,per_token_head_rms
K4V3,rotated non-uniform value bit reduction,0.15053310990333557,0.002929733134806156,5.130081653594971,4,0.00858524814248085,per_token_head_rms,gaussian_lloyd_max,headwise_hadamard,model.layers.9.self_attn,9,hadamard_lm,hadamard_lm_k4v3,0.9791659712791443,0.04239337518811226,hadamard,0.08051159232854843,0.002929733134806156,0.010230757296085358,0.9246826171875,3,0.032909851521253586,per_token_head_rms
K4V4,randomized Hadamard non-uniform KV fake quant,0.2553943991661072,0.0028203846886754036,4.895195960998535,4,0.008572100661695004,per_token_head_rms,gaussian_lloyd_max,headwise_randomized_hadamard,model.layers.9.self_attn,9,hadamard_lm,randhadamard_lm_k4v4,0.9877581000328064,0.02606845647096634,randomized_hadamard,0.07750660181045532,0.0028203846886754036,0.009212210774421692,0.9254150390625,4,0.009160802699625492,per_token_head_rms
K3V4,randomized Hadamard key bit reduction,1.0477653741836548,0.011685119941830635,19.453685760498047,3,0.03091474436223507,per_token_head_rms,gaussian_lloyd_max,headwise_randomized_hadamard,model.layers.9.self_attn,9,hadamard_lm,randhadamard_lm_k3v4,0.953132152557373,0.10949667543172836,randomized_hadamard,0.3211171627044678,0.011685119941830635,0.03829854726791382,0.856518566608429,4,0.009160802699625492,per_token_head_rms
K4V3,randomized Hadamard value bit reduction,0.2553943991661072,0.0028203846886754036,4.895195960998535,4,0.008572100661695004,per_token_head_rms,gaussian_lloyd_max,headwise_randomized_hadamard,model.layers.9.self_attn,9,hadamard_lm,randhadamard_lm_k4v3,0.9806244969367981,0.03974055498838425,randomized_hadamard,0.07750660181045532,0.0028203846886754036,0.009212210774421692,0.9254150390625,3,0.03314172476530075,per_token_head_rms
K4V4,dense random orthogonal non-uniform KV fake quant,0.35076698660850525,0.0033225994557142258,5.720667362213135,4,0.008915397338569164,per_token_head_rms,gaussian_lloyd_max,headwise_random_orthogonal,model.layers.9.self_attn,9,hadamard_lm,randortho_lm_k4v4,0.9864133596420288,0.029351161792874336,random_orthogonal,0.09130789339542389,0.0033225994557142258,0.010979757644236088,0.920239269733429,4,0.009157372638583183,per_token_head_rms
K3V4,dense random orthogonal key bit reduction,0.8543840646743774,0.011059080250561237,18.7204647064209,3,0.03235675022006035,per_token_head_rms,gaussian_lloyd_max,headwise_random_orthogonal,model.layers.9.self_attn,9,hadamard_lm,randortho_lm_k3v4,0.9636942744255066,0.07862403243780136,random_orthogonal,0.30391305685043335,0.011059080250561237,0.033972930163145065,0.8631836175918579,4,0.009157372638583183,per_token_head_rms
K4V3,dense random orthogonal value bit reduction,0.35076698660850525,0.0033225994557142258,5.720667362213135,4,0.008915397338569164,per_token_head_rms,gaussian_lloyd_max,headwise_random_orthogonal,model.layers.9.self_attn,9,hadamard_lm,randortho_lm_k4v3,0.9795244336128235,0.042797915637493134,random_orthogonal,0.09130789339542389,0.0033225994557142258,0.010979757644236088,0.920239269733429,3,0.03300712630152702,per_token_head_rms
K16V16,baseline,0.0,0.0,0.0,16,0.0,none,none,none,model.layers.10.self_attn,10,fp16,fp16,1.0000215768814087,0.0,,0.0,0.0,0.0,1.0,16,0.0,none
K4V4,uniform fake quant KV baseline,-0.04778978228569031,0.016127025708556175,24.966846466064453,4,0.03990872576832771,per_token_head_absmax,absmax_per_token_head,none,model.layers.10.self_attn,10,absmax,absmax_k4v4,0.9308741688728333,0.16260874271392822,none,0.39014264941215515,0.016127025708556175,0.050451651215553284,0.8572021722793579,4,0.015275965444743633,per_token_head_absmax
K4V4,rotated non-uniform KV fake quant,0.1996103823184967,0.0038727535866200924,5.956256866455078,4,0.00862184725701809,per_token_head_rms,gaussian_lloyd_max,headwise_hadamard,model.layers.10.self_attn,10,hadamard_lm,hadamard_lm_k4v4,0.9860746264457703,0.028245504945516586,hadamard,0.09368908405303955,0.0038727535866200924,0.010647564195096493,0.922290027141571,4,0.009138676337897778,per_token_head_rms
K3V4,rotated non-uniform key bit reduction,0.6650634407997131,0.01344887726008892,20.380298614501953,3,0.03098181076347828,per_token_head_rms,gaussian_lloyd_max,headwise_hadamard,model.layers.10.self_attn,10,hadamard_lm,hadamard_lm_k3v4,0.949884295463562,0.11641283333301544,hadamard,0.3253532648086548,0.01344887726008892,0.041133612394332886,0.865039050579071,4,0.009138676337897778,per_token_head_rms
K4V3,rotated non-uniform value bit reduction,0.1996103823184967,0.0038727535866200924,5.956256866455078,4,0.00862184725701809,per_token_head_rms,gaussian_lloyd_max,headwise_hadamard,model.layers.10.self_attn,10,hadamard_lm,hadamard_lm_k4v3,0.9800399541854858,0.039979442954063416,hadamard,0.09368908405303955,0.0038727535866200924,0.010647564195096493,0.922290027141571,3,0.032713983207941055,per_token_head_rms
K4V4,randomized Hadamard non-uniform KV fake quant,0.1081172525882721,0.0036402803380042315,5.624478816986084,4,0.008867832832038403,per_token_head_rms,gaussian_lloyd_max,headwise_randomized_hadamard,model.layers.10.self_attn,10,hadamard_lm,randhadamard_lm_k4v4,0.9853828549385071,0.03027311898767948,randomized_hadamard,0.08806512504816055,0.0036402803380042315,0.010900537483394146,0.922607421875,4,0.009054070338606834,per_token_head_rms
K3V4,randomized Hadamard key bit reduction,0.7151950001716614,0.014657706022262573,22.182706832885742,3,0.03200526162981987,per_token_head_rms,gaussian_lloyd_max,headwise_randomized_hadamard,model.layers.10.self_attn,10,hadamard_lm,randhadamard_lm_k3v4,0.9309036135673523,0.15943464636802673,randomized_hadamard,0.3545970618724823,0.014657706022262573,0.04675517603754997,0.859692394733429,4,0.009054070338606834,per_token_head_rms
K4V3,randomized Hadamard value bit reduction,0.1081172525882721,0.0036402803380042315,5.624478816986084,4,0.008867832832038403,per_token_head_rms,gaussian_lloyd_max,headwise_randomized_hadamard,model.layers.10.self_attn,10,hadamard_lm,randhadamard_lm_k4v3,0.9788891673088074,0.04249328747391701,randomized_hadamard,0.08806512504816055,0.0036402803380042315,0.010900537483394146,0.922607421875,3,0.03242853656411171,per_token_head_rms
K4V4,dense random orthogonal non-uniform KV fake quant,0.34870535135269165,0.003732440760359168,5.657262802124023,4,0.009102927520871162,per_token_head_rms,gaussian_lloyd_max,headwise_random_orthogonal,model.layers.10.self_attn,10,hadamard_lm,randortho_lm_k4v4,0.9828926920890808,0.0340699777007103,random_orthogonal,0.09029465913772583,0.003732440760359168,0.011301949620246887,0.9200195074081421,4,0.009235957637429237,per_token_head_rms
K3V4,dense random orthogonal key bit reduction,1.3140374422073364,0.014034762047231197,20.00302505493164,3,0.03347098082304001,per_token_head_rms,gaussian_lloyd_max,headwise_random_orthogonal,model.layers.10.self_attn,10,hadamard_lm,randortho_lm_k3v4,0.944882333278656,0.1360694020986557,random_orthogonal,0.339526891708374,0.014034762047231197,0.04291810840368271,0.861279308795929,4,0.009235957637429237,per_token_head_rms
K4V3,dense random orthogonal value bit reduction,0.34870535135269165,0.003732440760359168,5.657262802124023,4,0.009102927520871162,per_token_head_rms,gaussian_lloyd_max,headwise_random_orthogonal,model.layers.10.self_attn,10,hadamard_lm,randortho_lm_k4v3,0.9742404222488403,0.05089807137846947,random_orthogonal,0.09029465913772583,0.003732440760359168,0.011301949620246887,0.9200195074081421,3,0.033729713410139084,per_token_head_rms
K16V16,baseline,0.0,0.0,0.0,16,0.0,none,none,none,model.layers.11.self_attn,11,fp16,fp16,1.0000296831130981,0.0,,0.0,0.0,0.0,1.0,16,0.0,none
K4V4,uniform fake quant KV baseline,0.026208072900772095,0.011872606351971626,19.63457489013672,4,0.03489553555846214,per_token_head_absmax,absmax_per_token_head,none,model.layers.11.self_attn,11,absmax,absmax_k4v4,0.9427046179771423,0.13323311507701874,none,0.3068009614944458,0.011872606351971626,0.04804914817214012,0.844921886920929,4,0.015298155136406422,per_token_head_absmax
K4V4,rotated non-uniform KV fake quant,0.14538908004760742,0.002833923790603876,4.665687561035156,4,0.008795862086117268,per_token_head_rms,gaussian_lloyd_max,headwise_hadamard,model.layers.11.self_attn,11,hadamard_lm,hadamard_lm_k4v4,0.9875122308731079,0.02585574984550476,hadamard,0.07323165237903595,0.002833923790603876,0.009306993335485458,0.9237060546875,4,0.009119578637182713,per_token_head_rms
K3V4,rotated non-uniform key bit reduction,0.584944486618042,0.011074758134782314,17.97359848022461,3,0.0315520241856575,per_token_head_rms,gaussian_lloyd_max,headwise_hadamard,model.layers.11.self_attn,11,hadamard_lm,hadamard_lm_k3v4,0.9618398547172546,0.08422239869832993,hadamard,0.2861837148666382,0.011074758134782314,0.0376124233007431,0.8595215082168579,4,0.009119578637182713,per_token_head_rms
K4V3,rotated non-uniform value bit reduction,0.14538908004760742,0.002833923790603876,4.665687561035156,4,0.008795862086117268,per_token_head_rms,gaussian_lloyd_max,headwise_hadamard,model.layers.11.self_attn,11,hadamard_lm,hadamard_lm_k4v3,0.9800933003425598,0.040176015347242355,hadamard,0.07323165237903595,0.002833923790603876,0.009306993335485458,0.9237060546875,3,0.03346668928861618,per_token_head_rms
K4V4,randomized Hadamard non-uniform KV fake quant,0.24200339615345,0.002856082748621702,4.664907455444336,4,0.008646748028695583,per_token_head_rms,gaussian_lloyd_max,headwise_randomized_hadamard,model.layers.11.self_attn,11,hadamard_lm,randhadamard_lm_k4v4,0.9888970851898193,0.022361397743225098,randomized_hadamard,0.07380425930023193,0.002856082748621702,0.009272081777453423,0.920703113079071,4,0.008828800171613693,per_token_head_rms
K3V4,randomized Hadamard key bit reduction,0.6739286184310913,0.010769659653306007,17.356996536254883,3,0.031008943915367126,per_token_head_rms,gaussian_lloyd_max,headwise_randomized_hadamard,model.layers.11.self_attn,11,hadamard_lm,randhadamard_lm_k3v4,0.9675527215003967,0.07334151118993759,randomized_hadamard,0.27829962968826294,0.010769659653306007,0.03257925808429718,0.8590087890625,4,0.008828800171613693,per_token_head_rms
K4V3,randomized Hadamard value bit reduction,0.24200339615345,0.002856082748621702,4.664907455444336,4,0.008646748028695583,per_token_head_rms,gaussian_lloyd_max,headwise_randomized_hadamard,model.layers.11.self_attn,11,hadamard_lm,randhadamard_lm_k4v3,0.9806568622589111,0.03840820491313934,randomized_hadamard,0.07380425930023193,0.002856082748621702,0.009272081777453423,0.920703113079071,3,0.03189084306359291,per_token_head_rms
K4V4,dense random orthogonal non-uniform KV fake quant,0.9060593843460083,0.005280223675072193,7.911644458770752,4,0.010802684351801872,per_token_head_rms,gaussian_lloyd_max,headwise_random_orthogonal,model.layers.11.self_attn,11,hadamard_lm,randortho_lm_k4v4,0.9758235216140747,0.05536176636815071,random_orthogonal,0.13644668459892273,0.005280223675072193,0.017353149130940437,0.9115966558456421,4,0.009401211515069008,per_token_head_rms
K3V4,dense random orthogonal key bit reduction,2.5210299491882324,0.01949889585375786,25.892250061035156,3,0.038924504071474075,per_token_head_rms,gaussian_lloyd_max,headwise_random_orthogonal,model.layers.11.self_attn,11,hadamard_lm,randortho_lm_k3v4,0.9285393357276917,0.19123025238513947,random_orthogonal,0.5038725137710571,0.01949889585375786,0.06625387817621231,0.8443359136581421,4,0.009401211515069008,per_token_head_rms
K4V3,dense random orthogonal value bit reduction,0.9060593843460083,0.005280223675072193,7.911644458770752,4,0.010802684351801872,per_token_head_rms,gaussian_lloyd_max,headwise_random_orthogonal,model.layers.11.self_attn,11,hadamard_lm,randortho_lm_k4v3,0.9668746590614319,0.07079462707042694,random_orthogonal,0.13644668459892273,0.005280223675072193,0.017353149130940437,0.9115966558456421,3,0.03365850821137428,per_token_head_rms
K16V16,baseline,0.0,0.0,0.0,16,0.0,none,none,none,model.layers.12.self_attn,12,fp16,fp16,1.0000232458114624,0.0,,0.0,0.0,0.0,1.0,16,0.0,none
K4V4,uniform fake quant KV baseline,0.08078970015048981,0.023873748257756233,25.233137130737305,4,0.04841596260666847,per_token_head_absmax,absmax_per_token_head,none,model.layers.12.self_attn,12,absmax,absmax_k4v4,0.9416164755821228,0.14047710597515106,none,0.39436978101730347,0.023873748257756233,0.07738795876502991,0.8177734613418579,4,0.012684707529842854,per_token_head_absmax
K4V4,rotated non-uniform KV fake quant,0.12848983705043793,0.0038615125231444836,4.06593656539917,4,0.00859830155968666,per_token_head_rms,gaussian_lloyd_max,headwise_hadamard,model.layers.12.self_attn,12,hadamard_lm,hadamard_lm_k4v4,0.9898895621299744,0.020547471940517426,hadamard,0.06378822028636932,0.0038615125231444836,0.011061588302254677,0.921215832233429,4,0.009299787692725658,per_token_head_rms
K3V4,rotated non-uniform key bit reduction,0.42344534397125244,0.014370670542120934,15.013572692871094,3,0.030546531081199646,per_token_head_rms,gaussian_lloyd_max,headwise_hadamard,model.layers.12.self_attn,12,hadamard_lm,hadamard_lm_k3v4,0.9695812463760376,0.0659279152750969,hadamard,0.2373887151479721,0.014370670542120934,0.041380368173122406,0.860522449016571,4,0.009299787692725658,per_token_head_rms
K4V3,rotated non-uniform value bit reduction,0.12848983705043793,0.0038615125231444836,4.06593656539917,4,0.00859830155968666,per_token_head_rms,gaussian_lloyd_max,headwise_hadamard,model.layers.12.self_attn,12,hadamard_lm,hadamard_lm_k4v3,0.9836622476577759,0.03266831114888191,hadamard,0.06378822028636932,0.0038615125231444836,0.011061588302254677,0.921215832233429,3,0.03353491798043251,per_token_head_rms
K4V4,randomized Hadamard non-uniform KV fake quant,0.022563157603144646,0.0039000632241368294,4.1226935386657715,4,0.008823681622743607,per_token_head_rms,gaussian_lloyd_max,headwise_randomized_hadamard,model.layers.12.self_attn,12,hadamard_lm,randhadamard_lm_k4v4,0.9903483986854553,0.019320253282785416,randomized_hadamard,0.0644250363111496,0.0039000632241368294,0.012072751298546791,0.914965808391571,4,0.009029240347445011,per_token_head_rms
K3V4,randomized Hadamard key bit reduction,0.6100627183914185,0.013984891586005688,14.412849426269531,3,0.03148916736245155,per_token_head_rms,gaussian_lloyd_max,headwise_randomized_hadamard,model.layers.12.self_attn,12,hadamard_lm,randhadamard_lm_k3v4,0.9701999425888062,0.066677987575531,randomized_hadamard,0.23101603984832764,0.013984891586005688,0.04130125045776367,0.8592529296875,4,0.009029240347445011,per_token_head_rms
K4V3,randomized Hadamard value bit reduction,0.022563157603144646,0.0039000632241368294,4.1226935386657715,4,0.008823681622743607,per_token_head_rms,gaussian_lloyd_max,headwise_randomized_hadamard,model.layers.12.self_attn,12,hadamard_lm,randhadamard_lm_k4v3,0.9840584397315979,0.03167124092578888,randomized_hadamard,0.0644250363111496,0.0039000632241368294,0.012072751298546791,0.914965808391571,3,0.032825302332639694,per_token_head_rms
K4V4,dense random orthogonal non-uniform KV fake quant,0.07885528355836868,0.004362861625850201,4.606261253356934,4,0.008931610733270645,per_token_head_rms,gaussian_lloyd_max,headwise_random_orthogonal,model.layers.12.self_attn,12,hadamard_lm,randortho_lm_k4v4,0.9894047975540161,0.021272098645567894,random_orthogonal,0.07206998765468597,0.004362861625850201,0.011482806876301765,0.9158935546875,4,0.009321480989456177,per_token_head_rms
K3V4,dense random orthogonal key bit reduction,0.8397642970085144,0.017091533169150352,17.364208221435547,3,0.033080849796533585,per_token_head_rms,gaussian_lloyd_max,headwise_random_orthogonal,model.layers.12.self_attn,12,hadamard_lm,randortho_lm_k3v4,0.9618510007858276,0.0811040922999382,random_orthogonal,0.282334566116333,0.017091533169150352,0.049401700496673584,0.839160144329071,4,0.009321480989456177,per_token_head_rms
K4V3,dense random orthogonal value bit reduction,0.07885528355836868,0.004362861625850201,4.606261253356934,4,0.008931610733270645,per_token_head_rms,gaussian_lloyd_max,headwise_random_orthogonal,model.layers.12.self_attn,12,hadamard_lm,randortho_lm_k4v3,0.9824787378311157,0.0348002128303051,random_orthogonal,0.07206998765468597,0.004362861625850201,0.011482806876301765,0.9158935546875,3,0.03408125415444374,per_token_head_rms
K16V16,baseline,0.0,0.0,0.0,16,0.0,none,none,none,model.layers.13.self_attn,13,fp16,fp16,1.0000190734863281,0.0,,0.0,0.0,0.0,1.0,16,0.0,none
K4V4,uniform fake quant KV baseline,0.5633912086486816,0.02446124702692032,28.679697036743164,4,0.04604950547218323,per_token_head_absmax,absmax_per_token_head,none,model.layers.13.self_attn,13,absmax,absmax_k4v4,0.9466221332550049,0.12198146432638168,none,0.45307978987693787,0.02446124702692032,0.08779643476009369,0.82275390625,4,0.015858197584748268,per_token_head_absmax
K4V4,rotated non-uniform KV fake quant,0.21016579866409302,0.004328914452344179,5.087456703186035,4,0.008685086853802204,per_token_head_rms,gaussian_lloyd_max,headwise_hadamard,model.layers.13.self_attn,13,hadamard_lm,hadamard_lm_k4v4,0.9877066612243652,0.025191444903612137,hadamard,0.08018166571855545,0.004328914452344179,0.015749070793390274,0.918212890625,4,0.009436738677322865,per_token_head_rms
K3V4,rotated non-uniform key bit reduction,0.6660556197166443,0.016303297132253647,18.882793426513672,3,0.03134928643703461,per_token_head_rms,gaussian_lloyd_max,headwise_hadamard,model.layers.13.self_attn,13,hadamard_lm,hadamard_lm_k3v4,0.9607541561126709,0.08265317231416702,hadamard,0.3019753694534302,0.016303297132253647,0.055628325790166855,0.8541504144668579,4,0.009436738677322865,per_token_head_rms
K4V3,rotated non-uniform value bit reduction,0.21016579866409302,0.004328914452344179,5.087456703186035,4,0.008685086853802204,per_token_head_rms,gaussian_lloyd_max,headwise_hadamard,model.layers.13.self_attn,13,hadamard_lm,hadamard_lm_k4v3,0.9813219904899597,0.037169769406318665,hadamard,0.08018166571855545,0.004328914452344179,0.015749070793390274,0.918212890625,3,0.03369143605232239,per_token_head_rms
K4V4,randomized Hadamard non-uniform KV fake quant,0.08595596253871918,0.004219128284603357,4.994093894958496,4,0.008595802821218967,per_token_head_rms,gaussian_lloyd_max,headwise_randomized_hadamard,model.layers.13.self_attn,13,hadamard_lm,randhadamard_lm_k4v4,0.9899563789367676,0.020315682515501976,randomized_hadamard,0.07814817130565643,0.004219128284603357,0.01483884360641241,0.9212890863418579,4,0.00909870583564043,per_token_head_rms
K3V4,randomized Hadamard key bit reduction,0.1385197639465332,0.015096275135874748,17.87639617919922,3,0.030941758304834366,per_token_head_rms,gaussian_lloyd_max,headwise_randomized_hadamard,model.layers.13.self_attn,13,hadamard_lm,randhadamard_lm_k3v4,0.9643815159797668,0.08223539590835571,randomized_hadamard,0.279618501663208,0.015096275135874748,0.05781044438481331,0.8575683832168579,4,0.00909870583564043,per_token_head_rms
K4V3,randomized Hadamard value bit reduction,0.08595596253871918,0.004219128284603357,4.994093894958496,4,0.008595802821218967,per_token_head_rms,gaussian_lloyd_max,headwise_randomized_hadamard,model.layers.13.self_attn,13,hadamard_lm,randhadamard_lm_k4v3,0.9841155409812927,0.03157966956496239,randomized_hadamard,0.07814817130565643,0.004219128284603357,0.01483884360641241,0.9212890863418579,3,0.03291540592908859,per_token_head_rms
K4V4,dense random orthogonal non-uniform KV fake quant,0.13315263390541077,0.005015223752707243,5.927469253540039,4,0.008968543261289597,per_token_head_rms,gaussian_lloyd_max,headwise_random_orthogonal,model.layers.13.self_attn,13,hadamard_lm,randortho_lm_k4v4,0.9886772632598877,0.02301885187625885,random_orthogonal,0.09289373457431793,0.005015223752707243,0.016904179006814957,0.913134753704071,4,0.009118952788412571,per_token_head_rms
K3V4,dense random orthogonal key bit reduction,0.6953166723251343,0.017423434183001518,20.17080307006836,3,0.0323035791516304,per_token_head_rms,gaussian_lloyd_max,headwise_random_orthogonal,model.layers.13.self_attn,13,hadamard_lm,randortho_lm_k3v4,0.9645278453826904,0.07757347077131271,random_orthogonal,0.3227229416370392,0.017423434183001518,0.05482906848192215,0.8516601324081421,4,0.009118952788412571,per_token_head_rms
K4V3,dense random orthogonal value bit reduction,0.13315263390541077,0.005015223752707243,5.927469253540039,4,0.008968543261289597,per_token_head_rms,gaussian_lloyd_max,headwise_random_orthogonal,model.layers.13.self_attn,13,hadamard_lm,randortho_lm_k4v3,0.9829339981079102,0.03398400545120239,random_orthogonal,0.09289373457431793,0.005015223752707243,0.016904179006814957,0.913134753704071,3,0.03375137597322464,per_token_head_rms
K16V16,baseline,0.0,0.0,0.0,16,0.0,none,none,none,model.layers.14.self_attn,14,fp16,fp16,1.0000107288360596,0.0,,0.0,0.0,0.0,1.0,16,0.0,none
K4V4,uniform fake quant KV baseline,-0.08674786984920502,0.0206061452627182,29.679065704345703,4,0.040454450994729996,per_token_head_absmax,absmax_per_token_head,none,model.layers.14.self_attn,14,absmax,absmax_k4v4,0.9371700286865234,0.14330889284610748,none,0.46385297179222107,0.0206061452627182,0.0829210951924324,0.8409668207168579,4,0.014908019453287125,per_token_head_absmax
K4V4,rotated non-uniform KV fake quant,0.15886440873146057,0.004100494086742401,5.88220739364624,4,0.008722728118300438,per_token_head_rms,gaussian_lloyd_max,headwise_hadamard,model.layers.14.self_attn,14,hadamard_lm,hadamard_lm_k4v4,0.9877882599830627,0.024905351921916008,hadamard,0.09230384230613708,0.004100494086742401,0.01601836085319519,0.9168701171875,4,0.00935897883027792,per_token_head_rms
K3V4,rotated non-uniform key bit reduction,0.5697309970855713,0.013546375557780266,19.191221237182617,3,0.03130299225449562,per_token_head_rms,gaussian_lloyd_max,headwise_hadamard,model.layers.14.self_attn,14,hadamard_lm,hadamard_lm_k3v4,0.9583770036697388,0.08569318056106567,hadamard,0.3049345910549164,0.013546375557780266,0.055731840431690216,0.858325183391571,4,0.00935897883027792,per_token_head_rms
K4V3,rotated non-uniform value bit reduction,0.15886440873146057,0.004100494086742401,5.88220739364624,4,0.008722728118300438,per_token_head_rms,gaussian_lloyd_max,headwise_hadamard,model.layers.14.self_attn,14,hadamard_lm,hadamard_lm_k4v3,0.9793744087219238,0.04122093692421913,hadamard,0.09230384230613708,0.004100494086742401,0.01601836085319519,0.9168701171875,3,0.03387441858649254,per_token_head_rms
K4V4,randomized Hadamard non-uniform KV fake quant,0.2687109112739563,0.004200714640319347,5.9796247482299805,4,0.008742496371269226,per_token_head_rms,gaussian_lloyd_max,headwise_randomized_hadamard,model.layers.14.self_attn,14,hadamard_lm,randhadamard_lm_k4v4,0.9893474578857422,0.021349310874938965,randomized_hadamard,0.09455984830856323,0.004200714640319347,0.015028160065412521,0.917041003704071,4,0.009052763693034649,per_token_head_rms
K3V4,randomized Hadamard key bit reduction,0.3265005946159363,0.01443424355238676,20.68833351135254,3,0.03145486116409302,per_token_head_rms,gaussian_lloyd_max,headwise_randomized_hadamard,model.layers.14.self_attn,14,hadamard_lm,randhadamard_lm_k3v4,0.9613602161407471,0.07788097113370895,randomized_hadamard,0.3249208927154541,0.01443424355238676,0.05528179928660393,0.863085925579071,4,0.009052763693034649,per_token_head_rms
K4V3,randomized Hadamard value bit reduction,0.2687109112739563,0.004200714640319347,5.9796247482299805,4,0.008742496371269226,per_token_head_rms,gaussian_lloyd_max,headwise_randomized_hadamard,model.layers.14.self_attn,14,hadamard_lm,randhadamard_lm_k4v3,0.9810823798179626,0.0375015027821064,randomized_hadamard,0.09455984830856323,0.004200714640319347,0.015028160065412521,0.917041003704071,3,0.03322165086865425,per_token_head_rms
K4V4,dense random orthogonal non-uniform KV fake quant,0.3559781312942505,0.004257094580680132,6.0063347816467285,4,0.00929793156683445,per_token_head_rms,gaussian_lloyd_max,headwise_random_orthogonal,model.layers.14.self_attn,14,hadamard_lm,randortho_lm_k4v4,0.9884746670722961,0.023280808702111244,random_orthogonal,0.09582898765802383,0.004257094580680132,0.01542583853006363,0.915942370891571,4,0.009091682732105255,per_token_head_rms
K3V4,dense random orthogonal key bit reduction,1.169713020324707,0.016152089461684227,21.901552200317383,3,0.033840302377939224,per_token_head_rms,gaussian_lloyd_max,headwise_random_orthogonal,model.layers.14.self_attn,14,hadamard_lm,randortho_lm_k3v4,0.9603854417800903,0.0812867283821106,random_orthogonal,0.3635903298854828,0.016152089461684227,0.05485409498214722,0.8614257574081421,4,0.009091682732105255,per_token_head_rms
K4V3,dense random orthogonal value bit reduction,0.3559781312942505,0.004257094580680132,6.0063347816467285,4,0.00929793156683445,per_token_head_rms,gaussian_lloyd_max,headwise_random_orthogonal,model.layers.14.self_attn,14,hadamard_lm,randortho_lm_k4v3,0.979943573474884,0.03994280472397804,random_orthogonal,0.09582898765802383,0.004257094580680132,0.01542583853006363,0.915942370891571,3,0.03358771279454231,per_token_head_rms
K16V16,baseline,0.0,0.0,0.0,16,0.0,none,none,none,model.layers.15.self_attn,15,fp16,fp16,1.0000535249710083,0.0,,0.0,0.0,0.0,1.0,16,0.0,none
K4V4,uniform fake quant KV baseline,-0.14430609345436096,0.01061889249831438,23.604896545410156,4,0.04121268168091774,per_token_head_absmax,absmax_per_token_head,none,model.layers.15.self_attn,15,absmax,absmax_k4v4,0.9546374082565308,0.1032414361834526,none,0.36915189027786255,0.01061889249831438,0.058207057416439056,0.8431640863418579,4,0.013037033379077911,per_token_head_absmax
K4V4,rotated non-uniform KV fake quant,0.17013776302337646,0.0025680058170109987,5.684548377990723,4,0.00865709874778986,per_token_head_rms,gaussian_lloyd_max,headwise_hadamard,model.layers.15.self_attn,15,hadamard_lm,hadamard_lm_k4v4,0.9890381693840027,0.022379567846655846,hadamard,0.0892733633518219,0.0025680058170109987,0.011318383738398552,0.9167236089706421,4,0.00908949039876461,per_token_head_rms
K3V4,rotated non-uniform key bit reduction,0.7828900814056396,0.008580821566283703,18.478349685668945,3,0.03093668818473816,per_token_head_rms,gaussian_lloyd_max,headwise_hadamard,model.layers.15.self_attn,15,hadamard_lm,hadamard_lm_k3v4,0.9687045812606812,0.06632199138402939,hadamard,0.2983010411262512,0.008580821566283703,0.0367414765059948,0.858593761920929,4,0.00908949039876461,per_token_head_rms
K4V3,rotated non-uniform value bit reduction,0.17013776302337646,0.0025680058170109987,5.684548377990723,4,0.00865709874778986,per_token_head_rms,gaussian_lloyd_max,headwise_hadamard,model.layers.15.self_attn,15,hadamard_lm,hadamard_lm_k4v3,0.982456386089325,0.03507182374596596,hadamard,0.0892733633518219,0.0025680058170109987,0.011318383738398552,0.9167236089706421,3,0.03289090469479561,per_token_head_rms
K4V4,randomized Hadamard non-uniform KV fake quant,0.04037366434931755,0.002364381914958358,5.258827209472656,4,0.008654717355966568,per_token_head_rms,gaussian_lloyd_max,headwise_randomized_hadamard,model.layers.15.self_attn,15,hadamard_lm,randhadamard_lm_k4v4,0.9894827008247375,0.021132905036211014,randomized_hadamard,0.08219464123249054,0.002364381914958358,0.010813357308506966,0.91943359375,4,0.009232481941580772,per_token_head_rms
K3V4,randomized Hadamard key bit reduction,0.22298716008663177,0.008322924375534058,18.46775245666504,3,0.03110596537590027,per_token_head_rms,gaussian_lloyd_max,headwise_randomized_hadamard,model.layers.15.self_attn,15,hadamard_lm,randhadamard_lm_k3v4,0.9698778986930847,0.06044857203960419,randomized_hadamard,0.28933557868003845,0.008322924375534058,0.037144213914871216,0.8570312261581421,4,0.009232481941580772,per_token_head_rms
K4V3,randomized Hadamard value bit reduction,0.04037366434931755,0.002364381914958358,5.258827209472656,4,0.008654717355966568,per_token_head_rms,gaussian_lloyd_max,headwise_randomized_hadamard,model.layers.15.self_attn,15,hadamard_lm,randhadamard_lm_k4v3,0.9819507002830505,0.03587821125984192,randomized_hadamard,0.08219464123249054,0.002364381914958358,0.010813357308506966,0.91943359375,3,0.03366631269454956,per_token_head_rms
K4V4,dense random orthogonal non-uniform KV fake quant,0.33666369318962097,0.002762790536507964,6.033524513244629,4,0.008641013875603676,per_token_head_rms,gaussian_lloyd_max,headwise_random_orthogonal,model.layers.15.self_attn,15,hadamard_lm,randortho_lm_k4v4,0.9856966137886047,0.028724703937768936,random_orthogonal,0.09604479372501373,0.002762790536507964,0.013834366574883461,0.9116455316543579,4,0.009465731680393219,per_token_head_rms
K3V4,dense random orthogonal key bit reduction,1.0509897470474243,0.009834667667746544,20.776336669921875,3,0.03083694726228714,per_token_head_rms,gaussian_lloyd_max,headwise_random_orthogonal,model.layers.15.self_attn,15,hadamard_lm,randortho_lm_k3v4,0.9671517610549927,0.0683719590306282,random_orthogonal,0.341889351606369,0.009834667667746544,0.04061691462993622,0.855908215045929,4,0.009465731680393219,per_token_head_rms
K4V3,dense random orthogonal value bit reduction,0.33666369318962097,0.002762790536507964,6.033524513244629,4,0.008641013875603676,per_token_head_rms,gaussian_lloyd_max,headwise_random_orthogonal,model.layers.15.self_attn,15,hadamard_lm,randortho_lm_k4v3,0.9787062406539917,0.042306333780288696,random_orthogonal,0.09604479372501373,0.002762790536507964,0.013834366574883461,0.9116455316543579,3,0.03410607948899269,per_token_head_rms
K16V16,baseline,0.0,0.0,0.0,16,0.0,none,none,none,model.layers.16.self_attn,16,fp16,fp16,1.0000373125076294,0.0,,0.0,0.0,0.0,1.0,16,0.0,none
K4V4,uniform fake quant KV baseline,0.08442113548517227,0.017062228173017502,24.572725296020508,4,0.03496924787759781,per_token_head_absmax,absmax_per_token_head,none,model.layers.16.self_attn,16,absmax,absmax_k4v4,0.9618232250213623,0.08543410152196884,none,0.38406017422676086,0.017062228173017502,0.059190310537815094,0.8470703363418579,4,0.01417395006865263,per_token_head_absmax
K4V4,rotated non-uniform KV fake quant,0.07534932345151901,0.004080140497535467,5.872174263000488,4,0.008693650364875793,per_token_head_rms,gaussian_lloyd_max,headwise_hadamard,model.layers.16.self_attn,16,hadamard_lm,hadamard_lm_k4v4,0.9909664392471313,0.018364887684583664,hadamard,0.0918414369225502,0.004080140497535467,0.012944595888257027,0.9147704839706421,4,0.009206283837556839,per_token_head_rms
K3V4,rotated non-uniform key bit reduction,0.6374643445014954,0.01561402902007103,22.087215423583984,3,0.03150201588869095,per_token_head_rms,gaussian_lloyd_max,headwise_hadamard,model.layers.16.self_attn,16,hadamard_lm,hadamard_lm_k3v4,0.9692450165748596,0.07065191119909286,hadamard,0.35146212577819824,0.01561402902007103,0.05387871712446213,0.8475586175918579,4,0.009206283837556839,per_token_head_rms
K4V3,rotated non-uniform value bit reduction,0.07534932345151901,0.004080140497535467,5.872174263000488,4,0.008693650364875793,per_token_head_rms,gaussian_lloyd_max,headwise_hadamard,model.layers.16.self_attn,16,hadamard_lm,hadamard_lm_k4v3,0.9853948354721069,0.02909611165523529,hadamard,0.0918414369225502,0.004080140497535467,0.012944595888257027,0.9147704839706421,3,0.03371638059616089,per_token_head_rms
K4V4,randomized Hadamard non-uniform KV fake quant,0.09248071908950806,0.0037961406633257866,5.460168838500977,4,0.008787382394075394,per_token_head_rms,gaussian_lloyd_max,headwise_randomized_hadamard,model.layers.16.self_attn,16,hadamard_lm,randhadamard_lm_k4v4,0.9903990626335144,0.020236274227499962,randomized_hadamard,0.08544877171516418,0.0037961406633257866,0.012739613652229309,0.920092761516571,4,0.008966187946498394,per_token_head_rms
K3V4,randomized Hadamard key bit reduction,0.3885451555252075,0.014547052793204784,20.805524826049805,3,0.031325723975896835,per_token_head_rms,gaussian_lloyd_max,headwise_randomized_hadamard,model.layers.16.self_attn,16,hadamard_lm,randhadamard_lm_k3v4,0.9698656797409058,0.06345345079898834,randomized_hadamard,0.3274451494216919,0.014547052793204784,0.04843493551015854,0.855908215045929,4,0.008966187946498394,per_token_head_rms
K4V3,randomized Hadamard value bit reduction,0.09248071908950806,0.0037961406633257866,5.460168838500977,4,0.008787382394075394,per_token_head_rms,gaussian_lloyd_max,headwise_randomized_hadamard,model.layers.16.self_attn,16,hadamard_lm,randhadamard_lm_k4v3,0.9846587777137756,0.03113834746181965,randomized_hadamard,0.08544877171516418,0.0037961406633257866,0.012739613652229309,0.920092761516571,3,0.03228972852230072,per_token_head_rms
K4V4,dense random orthogonal non-uniform KV fake quant,0.1842065304517746,0.0041103060357272625,5.887376308441162,4,0.009023848921060562,per_token_head_rms,gaussian_lloyd_max,headwise_random_orthogonal,model.layers.16.self_attn,16,hadamard_lm,randortho_lm_k4v4,0.9902551174163818,0.019622601568698883,random_orthogonal,0.09252044558525085,0.0041103060357272625,0.014214029535651207,0.914355456829071,4,0.009012549184262753,per_token_head_rms
K3V4,dense random orthogonal key bit reduction,1.0731871128082275,0.015176437795162201,20.71145248413086,3,0.0331294871866703,per_token_head_rms,gaussian_lloyd_max,headwise_random_orthogonal,model.layers.16.self_attn,16,hadamard_lm,randortho_lm_k3v4,0.9664408564567566,0.07469452172517776,random_orthogonal,0.34161221981048584,0.015176437795162201,0.04948253929615021,0.8568359613418579,4,0.009012549184262753,per_token_head_rms
K4V3,dense random orthogonal value bit reduction,0.1842065304517746,0.0041103060357272625,5.887376308441162,4,0.009023848921060562,per_token_head_rms,gaussian_lloyd_max,headwise_random_orthogonal,model.layers.16.self_attn,16,hadamard_lm,randortho_lm_k4v3,0.9837926030158997,0.0322323814034462,random_orthogonal,0.09252044558525085,0.0041103060357272625,0.014214029535651207,0.914355456829071,3,0.03397278115153313,per_token_head_rms
K16V16,baseline,0.0,0.0,0.0,16,0.0,none,none,none,model.layers.17.self_attn,17,fp16,fp16,1.0000247955322266,0.0,,0.0,0.0,0.0,1.0,16,0.0,none
K4V4,uniform fake quant KV baseline,-0.16898122429847717,0.01641840673983097,28.279327392578125,4,0.04258926585316658,per_token_head_absmax,absmax_per_token_head,none,model.layers.17.self_attn,17,absmax,absmax_k4v4,0.9138475656509399,0.20057815313339233,none,0.442310631275177,0.01641840673983097,0.049109455198049545,0.8457275629043579,4,0.014062504284083843,per_token_head_absmax
K4V4,rotated non-uniform KV fake quant,0.1585041880607605,0.0033015210647135973,5.667211055755615,4,0.00875397864729166,per_token_head_rms,gaussian_lloyd_max,headwise_hadamard,model.layers.17.self_attn,17,hadamard_lm,hadamard_lm_k4v4,0.982424795627594,0.03545470908284187,hadamard,0.08894272893667221,0.0033015210647135973,0.009346498176455498,0.919189453125,4,0.009001046419143677,per_token_head_rms
K3V4,rotated non-uniform key bit reduction,0.7308690547943115,0.01131720282137394,18.978443145751953,3,0.03151743486523628,per_token_head_rms,gaussian_lloyd_max,headwise_hadamard,model.layers.17.self_attn,17,hadamard_lm,hadamard_lm_k3v4,0.9463686943054199,0.12297453731298447,hadamard,0.30488458275794983,0.01131720282137394,0.03666221722960472,0.860791027545929,4,0.009001046419143677,per_token_head_rms
K4V3,rotated non-uniform value bit reduction,0.1585041880607605,0.0033015210647135973,5.667211055755615,4,0.00875397864729166,per_token_head_rms,gaussian_lloyd_max,headwise_hadamard,model.layers.17.self_attn,17,hadamard_lm,hadamard_lm_k4v3,0.9731273055076599,0.053449347615242004,hadamard,0.08894272893667221,0.0033015210647135973,0.009346498176455498,0.919189453125,3,0.033086229115724564,per_token_head_rms
K4V4,randomized Hadamard non-uniform KV fake quant,-0.107923224568367,0.0031296038068830967,5.384275436401367,4,0.008997413329780102,per_token_head_rms,gaussian_lloyd_max,headwise_randomized_hadamard,model.layers.17.self_attn,17,hadamard_lm,randhadamard_lm_k4v4,0.9802553057670593,0.03926916420459747,randomized_hadamard,0.08431129157543182,0.0031296038068830967,0.010359859094023705,0.918383777141571,4,0.00911160558462143,per_token_head_rms
K3V4,randomized Hadamard key bit reduction,0.5470658540725708,0.01139509305357933,19.34762954711914,3,0.03212074562907219,per_token_head_rms,gaussian_lloyd_max,headwise_randomized_hadamard,model.layers.17.self_attn,17,hadamard_lm,randhadamard_lm_k3v4,0.9439579248428345,0.12726657092571259,randomized_hadamard,0.30698293447494507,0.01139509305357933,0.03466268628835678,0.8669677972793579,4,0.00911160558462143,per_token_head_rms
K4V3,randomized Hadamard value bit reduction,-0.107923224568367,0.0031296038068830967,5.384275436401367,4,0.008997413329780102,per_token_head_rms,gaussian_lloyd_max,headwise_randomized_hadamard,model.layers.17.self_attn,17,hadamard_lm,randhadamard_lm_k4v3,0.9712399244308472,0.05681678652763367,randomized_hadamard,0.08431129157543182,0.0031296038068830967,0.010359859094023705,0.918383777141571,3,0.03399050980806351,per_token_head_rms
K4V4,dense random orthogonal non-uniform KV fake quant,0.35569697618484497,0.0034659712109714746,5.84935188293457,4,0.009512277320027351,per_token_head_rms,gaussian_lloyd_max,headwise_random_orthogonal,model.layers.17.self_attn,17,hadamard_lm,randortho_lm_k4v4,0.9801127314567566,0.040885619819164276,random_orthogonal,0.09337300062179565,0.0034659712109714746,0.009952113032341003,0.920239269733429,4,0.00903257355093956,per_token_head_rms
K3V4,dense random orthogonal key bit reduction,1.1710156202316284,0.013338688760995865,21.626689910888672,3,0.03466176241636276,per_token_head_rms,gaussian_lloyd_max,headwise_random_orthogonal,model.layers.17.self_attn,17,hadamard_lm,randortho_lm_k3v4,0.9335014820098877,0.1395878791809082,random_orthogonal,0.3593432605266571,0.013338688760995865,0.03870607912540436,0.858715832233429,4,0.00903257355093956,per_token_head_rms
K4V3,dense random orthogonal value bit reduction,0.35569697618484497,0.0034659712109714746,5.84935188293457,4,0.009512277320027351,per_token_head_rms,gaussian_lloyd_max,headwise_random_orthogonal,model.layers.17.self_attn,17,hadamard_lm,randortho_lm_k4v3,0.970982551574707,0.058324024081230164,random_orthogonal,0.09337300062179565,0.0034659712109714746,0.009952113032341003,0.920239269733429,3,0.03304141387343407,per_token_head_rms
K16V16,baseline,0.0,0.0,0.0,16,0.0,none,none,none,model.layers.18.self_attn,18,fp16,fp16,1.0000412464141846,0.0,,0.0,0.0,0.0,1.0,16,0.0,none
K4V4,uniform fake quant KV baseline,-0.07145373523235321,0.013023474253714085,20.018184661865234,4,0.03693630173802376,per_token_head_absmax,absmax_per_token_head,none,model.layers.18.self_attn,18,absmax,absmax_k4v4,0.9630048871040344,0.08001589775085449,none,0.31286394596099854,0.013023474253714085,0.04208492115139961,0.8513427972793579,4,0.012247946113348007,per_token_head_absmax
K4V4,rotated non-uniform KV fake quant,0.17936012148857117,0.0031205154955387115,4.76555061340332,4,0.00868724100291729,per_token_head_rms,gaussian_lloyd_max,headwise_hadamard,model.layers.18.self_attn,18,hadamard_lm,hadamard_lm_k4v4,0.9907070398330688,0.0187428817152977,hadamard,0.07496438920497894,0.0031205154955387115,0.009266015142202377,0.9231201410293579,4,0.009095010347664356,per_token_head_rms
K3V4,rotated non-uniform key bit reduction,0.569058358669281,0.012902033515274525,19.512752532958984,3,0.031254928559064865,per_token_head_rms,gaussian_lloyd_max,headwise_hadamard,model.layers.18.self_attn,18,hadamard_lm,hadamard_lm_k3v4,0.9573807716369629,0.08352731913328171,hadamard,0.30994656682014465,0.012902033515274525,0.04302794113755226,0.856249988079071,4,0.009095010347664356,per_token_head_rms
K4V3,rotated non-uniform value bit reduction,0.17936012148857117,0.0031205154955387115,4.76555061340332,4,0.00868724100291729,per_token_head_rms,gaussian_lloyd_max,headwise_hadamard,model.layers.18.self_attn,18,hadamard_lm,hadamard_lm_k4v3,0.9816715121269226,0.037304989993572235,hadamard,0.07496438920497894,0.0031205154955387115,0.009266015142202377,0.9231201410293579,3,0.03316230699419975,per_token_head_rms
K4V4,randomized Hadamard non-uniform KV fake quant,0.31061744689941406,0.0031295467633754015,4.715123176574707,4,0.008679764345288277,per_token_head_rms,gaussian_lloyd_max,headwise_randomized_hadamard,model.layers.18.self_attn,18,hadamard_lm,randhadamard_lm_k4v4,0.9914573431015015,0.01726802997291088,randomized_hadamard,0.07518135011196136,0.0031295467633754015,0.009604988619685173,0.9223388433456421,4,0.00902942568063736,per_token_head_rms
K3V4,randomized Hadamard key bit reduction,0.7111056447029114,0.01274410542100668,19.088098526000977,3,0.030946115031838417,per_token_head_rms,gaussian_lloyd_max,headwise_randomized_hadamard,model.layers.18.self_attn,18,hadamard_lm,randhadamard_lm_k3v4,0.9684765934944153,0.06894338130950928,randomized_hadamard,0.3061526417732239,0.01274410542100668,0.038356613367795944,0.855883777141571,4,0.00902942568063736,per_token_head_rms
K4V3,randomized Hadamard value bit reduction,0.31061744689941406,0.0031295467633754015,4.715123176574707,4,0.008679764345288277,per_token_head_rms,gaussian_lloyd_max,headwise_randomized_hadamard,model.layers.18.self_attn,18,hadamard_lm,randhadamard_lm_k4v3,0.984431266784668,0.031090829521417618,randomized_hadamard,0.07518135011196136,0.0031295467633754015,0.009604988619685173,0.9223388433456421,3,0.033418282866477966,per_token_head_rms
K4V4,dense random orthogonal non-uniform KV fake quant,0.5688278079032898,0.004215517546981573,6.15769624710083,4,0.010949166491627693,per_token_head_rms,gaussian_lloyd_max,headwise_random_orthogonal,model.layers.18.self_attn,18,hadamard_lm,randortho_lm_k4v4,0.9868910908699036,0.027511708438396454,random_orthogonal,0.10126970708370209,0.004215517546981573,0.011588924564421177,0.9192870855331421,4,0.00907379761338234,per_token_head_rms
K3V4,dense random orthogonal key bit reduction,1.5342960357666016,0.01457195170223713,20.049976348876953,3,0.03752821311354637,per_token_head_rms,gaussian_lloyd_max,headwise_random_orthogonal,model.layers.18.self_attn,18,hadamard_lm,randortho_lm_k3v4,0.9703009128570557,0.07361683249473572,random_orthogonal,0.35006314516067505,0.01457195170223713,0.043435074388980865,0.8637450933456421,4,0.00907379761338234,per_token_head_rms
K4V3,dense random orthogonal value bit reduction,0.5688278079032898,0.004215517546981573,6.15769624710083,4,0.010949166491627693,per_token_head_rms,gaussian_lloyd_max,headwise_random_orthogonal,model.layers.18.self_attn,18,hadamard_lm,randortho_lm_k4v3,0.9794664978981018,0.04120739921927452,random_orthogonal,0.10126970708370209,0.004215517546981573,0.011588924564421177,0.9192870855331421,3,0.03350604698061943,per_token_head_rms
K16V16,baseline,0.0,0.0,0.0,16,0.0,none,none,none,model.layers.19.self_attn,19,fp16,fp16,1.0000237226486206,0.0,,0.0,0.0,0.0,1.0,16,0.0,none
K4V4,uniform fake quant KV baseline,-0.11355354636907578,0.015521934255957603,26.91576385498047,4,0.044519856572151184,per_token_head_absmax,absmax_per_token_head,none,model.layers.19.self_attn,19,absmax,absmax_k4v4,0.9369674324989319,0.13911612331867218,none,0.42076027393341064,0.015521934255957603,0.049210816621780396,0.8447510004043579,4,0.012948943302035332,per_token_head_absmax
K4V4,rotated non-uniform KV fake quant,0.18429557979106903,0.0029403106309473515,5.067114353179932,4,0.008709647692739964,per_token_head_rms,gaussian_lloyd_max,headwise_hadamard,model.layers.19.self_attn,19,hadamard_lm,hadamard_lm_k4v4,0.9870771169662476,0.026117488741874695,hadamard,0.07970436662435532,0.0029403106309473515,0.008585899136960506,0.9236084222793579,4,0.0092077124863863,per_token_head_rms
K3V4,rotated non-uniform key bit reduction,0.9077872037887573,0.011337650939822197,18.845359802246094,3,0.0309465192258358,per_token_head_rms,gaussian_lloyd_max,headwise_hadamard,model.layers.19.self_attn,19,hadamard_lm,hadamard_lm_k3v4,0.960547685623169,0.0900646448135376,hadamard,0.3073349595069885,0.011337650939822197,0.03312791511416435,0.8614501953125,4,0.0092077124863863,per_token_head_rms
K4V3,rotated non-uniform value bit reduction,0.18429557979106903,0.0029403106309473515,5.067114353179932,4,0.008709647692739964,per_token_head_rms,gaussian_lloyd_max,headwise_hadamard,model.layers.19.self_attn,19,hadamard_lm,hadamard_lm_k4v3,0.9786744713783264,0.04241802170872688,hadamard,0.07970436662435532,0.0029403106309473515,0.008585899136960506,0.9236084222793579,3,0.03355199471116066,per_token_head_rms
K4V4,randomized Hadamard non-uniform KV fake quant,0.21960259974002838,0.003219428937882185,5.537090301513672,4,0.008649427443742752,per_token_head_rms,gaussian_lloyd_max,headwise_randomized_hadamard,model.layers.19.self_attn,19,hadamard_lm,randhadamard_lm_k4v4,0.9866539239883423,0.02672826126217842,randomized_hadamard,0.08727055042982101,0.003219428937882185,0.008824829943478107,0.9191650152206421,4,0.010330972261726856,per_token_head_rms
K3V4,randomized Hadamard key bit reduction,0.9623282551765442,0.01179870218038559,19.543230056762695,3,0.031472768634557724,per_token_head_rms,gaussian_lloyd_max,headwise_randomized_hadamard,model.layers.19.self_attn,19,hadamard_lm,randhadamard_lm_k3v4,0.9588916897773743,0.092921681702137,randomized_hadamard,0.3198328912258148,0.01179870218038559,0.032731056213378906,0.8617919683456421,4,0.010330972261726856,per_token_head_rms
K4V3,randomized Hadamard value bit reduction,0.21960259974002838,0.003219428937882185,5.537090301513672,4,0.008649427443742752,per_token_head_rms,gaussian_lloyd_max,headwise_randomized_hadamard,model.layers.19.self_attn,19,hadamard_lm,randhadamard_lm_k4v3,0.9781060814857483,0.043445661664009094,randomized_hadamard,0.08727055042982101,0.003219428937882185,0.008824829943478107,0.9191650152206421,3,0.035745613276958466,per_token_head_rms
K4V4,dense random orthogonal non-uniform KV fake quant,0.15828309953212738,0.003560049459338188,6.151196479797363,4,0.009390948340296745,per_token_head_rms,gaussian_lloyd_max,headwise_random_orthogonal,model.layers.19.self_attn,19,hadamard_lm,randortho_lm_k4v4,0.9846854209899902,0.030777553096413612,random_orthogonal,0.09650391340255737,0.003560049459338188,0.009924781508743763,0.915600597858429,4,0.009189789183437824,per_token_head_rms
K3V4,dense random orthogonal key bit reduction,1.2952024936676025,0.013192436657845974,21.209714889526367,3,0.03538265824317932,per_token_head_rms,gaussian_lloyd_max,headwise_random_orthogonal,model.layers.19.self_attn,19,hadamard_lm,randortho_lm_k3v4,0.9482840299606323,0.11817143857479095,random_orthogonal,0.3576135039329529,0.013192436657845974,0.03899421915411949,0.8488525152206421,4,0.009189789183437824,per_token_head_rms
K4V3,dense random orthogonal value bit reduction,0.15828309953212738,0.003560049459338188,6.151196479797363,4,0.009390948340296745,per_token_head_rms,gaussian_lloyd_max,headwise_random_orthogonal,model.layers.19.self_attn,19,hadamard_lm,randortho_lm_k4v3,0.9768440127372742,0.04597092792391777,random_orthogonal,0.09650391340255737,0.003560049459338188,0.009924781508743763,0.915600597858429,3,0.03332633897662163,per_token_head_rms
K16V16,baseline,0.0,0.0,0.0,16,0.0,none,none,none,model.layers.20.self_attn,20,fp16,fp16,1.000032663345337,0.0,,0.0,0.0,0.0,1.0,16,0.0,none
K4V4,uniform fake quant KV baseline,-0.2743169665336609,0.019266080111265182,31.642024993896484,4,0.048067763447761536,per_token_head_absmax,absmax_per_token_head,none,model.layers.20.self_attn,20,absmax,absmax_k4v4,0.9533751606941223,0.10501728951931,none,0.4955824017524719,0.019266080111265182,0.05573990195989609,0.8447265625,4,0.01383599080145359,per_token_head_absmax
K4V4,rotated non-uniform KV fake quant,0.2968308925628662,0.0036689310800284147,5.951962471008301,4,0.00856988038867712,per_token_head_rms,gaussian_lloyd_max,headwise_hadamard,model.layers.20.self_attn,20,hadamard_lm,hadamard_lm_k4v4,0.9896526336669922,0.02229827642440796,hadamard,0.0943761095404625,0.0036689310800284147,0.011285110376775265,0.9194580316543579,4,0.00883630383759737,per_token_head_rms
K3V4,rotated non-uniform key bit reduction,0.5897789001464844,0.013103421777486801,21.224002838134766,3,0.0308842770755291,per_token_head_rms,gaussian_lloyd_max,headwise_hadamard,model.layers.20.self_attn,20,hadamard_lm,hadamard_lm_k3v4,0.9652768969535828,0.07455550879240036,hadamard,0.33706000447273254,0.013103421777486801,0.039910510182380676,0.856518566608429,4,0.00883630383759737,per_token_head_rms
K4V3,rotated non-uniform value bit reduction,0.2968308925628662,0.0036689310800284147,5.951962471008301,4,0.00856988038867712,per_token_head_rms,gaussian_lloyd_max,headwise_hadamard,model.layers.20.self_attn,20,hadamard_lm,hadamard_lm_k4v3,0.9826084971427917,0.0361892469227314,hadamard,0.0943761095404625,0.0036689310800284147,0.011285110376775265,0.9194580316543579,3,0.03255750983953476,per_token_head_rms
K4V4,randomized Hadamard non-uniform KV fake quant,0.07097840309143066,0.0036151250824332237,5.94645357131958,4,0.008715254254639149,per_token_head_rms,gaussian_lloyd_max,headwise_randomized_hadamard,model.layers.20.self_attn,20,hadamard_lm,randhadamard_lm_k4v4,0.9895238876342773,0.02133433148264885,randomized_hadamard,0.09299205243587494,0.0036151250824332237,0.009709944017231464,0.923535168170929,4,0.008789792656898499,per_token_head_rms
K3V4,randomized Hadamard key bit reduction,0.6765437126159668,0.014368042349815369,23.196043014526367,3,0.03096489980816841,per_token_head_rms,gaussian_lloyd_max,headwise_randomized_hadamard,model.layers.20.self_attn,20,hadamard_lm,randhadamard_lm_k3v4,0.9645372033119202,0.08568600565195084,randomized_hadamard,0.3695899248123169,0.014368042349815369,0.04411419481039047,0.8563476800918579,4,0.008789792656898499,per_token_head_rms
K4V3,randomized Hadamard value bit reduction,0.07097840309143066,0.0036151250824332237,5.94645357131958,4,0.008715254254639149,per_token_head_rms,gaussian_lloyd_max,headwise_randomized_hadamard,model.layers.20.self_attn,20,hadamard_lm,randhadamard_lm_k4v3,0.9824950695037842,0.034836962819099426,randomized_hadamard,0.09299205243587494,0.0036151250824332237,0.009709944017231464,0.923535168170929,3,0.03255758434534073,per_token_head_rms
K4V4,dense random orthogonal non-uniform KV fake quant,0.5141329765319824,0.00429068086668849,6.799309253692627,4,0.009257834404706955,per_token_head_rms,gaussian_lloyd_max,headwise_random_orthogonal,model.layers.20.self_attn,20,hadamard_lm,randortho_lm_k4v4,0.9886248111724854,0.02336982637643814,random_orthogonal,0.11036941409111023,0.00429068086668849,0.012372584082186222,0.9183105230331421,4,0.009068317711353302,per_token_head_rms
K3V4,dense random orthogonal key bit reduction,1.2315829992294312,0.015359237790107727,23.768739700317383,3,0.0337863527238369,per_token_head_rms,gaussian_lloyd_max,headwise_random_orthogonal,model.layers.20.self_attn,20,hadamard_lm,randortho_lm_k3v4,0.9662095904350281,0.07834634184837341,random_orthogonal,0.39508649706840515,0.015359237790107727,0.0434882678091526,0.8594970703125,4,0.009068317711353302,per_token_head_rms
K4V3,dense random orthogonal value bit reduction,0.5141329765319824,0.00429068086668849,6.799309253692627,4,0.009257834404706955,per_token_head_rms,gaussian_lloyd_max,headwise_random_orthogonal,model.layers.20.self_attn,20,hadamard_lm,randortho_lm_k4v3,0.9815421104431152,0.03693965822458267,random_orthogonal,0.11036941409111023,0.00429068086668849,0.012372584082186222,0.9183105230331421,3,0.033093906939029694,per_token_head_rms
K16V16,baseline,0.0,0.0,0.0,16,0.0,none,none,none,model.layers.21.self_attn,21,fp16,fp16,1.0000263452529907,0.0,,0.0,0.0,0.0,1.0,16,0.0,none
K4V4,uniform fake quant KV baseline,0.29583582282066345,0.02980382740497589,28.962800979614258,4,0.04651353880763054,per_token_head_absmax,absmax_per_token_head,none,model.layers.21.self_attn,21,absmax,absmax_k4v4,0.9624374508857727,0.08810097724199295,none,0.4539112448692322,0.02980382740497589,0.07986085116863251,0.832324206829071,4,0.01656396873295307,per_token_head_absmax
K4V4,rotated non-uniform KV fake quant,0.15893472731113434,0.005379006266593933,5.217752933502197,4,0.008714443072676659,per_token_head_rms,gaussian_lloyd_max,headwise_hadamard,model.layers.21.self_attn,21,hadamard_lm,hadamard_lm_k4v4,0.9906046390533447,0.01875559240579605,hadamard,0.08192207664251328,0.005379006266593933,0.014307945966720581,0.919116199016571,4,0.009238463826477528,per_token_head_rms
K3V4,rotated non-uniform key bit reduction,0.3453948497772217,0.020573120564222336,19.93368911743164,3,0.031128793954849243,per_token_head_rms,gaussian_lloyd_max,headwise_hadamard,model.layers.21.self_attn,21,hadamard_lm,hadamard_lm_k3v4,0.9694850444793701,0.06265795230865479,hadamard,0.3133279085159302,0.020573120564222336,0.055307596921920776,0.854052722454071,4,0.009238463826477528,per_token_head_rms
K4V3,rotated non-uniform value bit reduction,0.15893472731113434,0.005379006266593933,5.217752933502197,4,0.008714443072676659,per_token_head_rms,gaussian_lloyd_max,headwise_hadamard,model.layers.21.self_attn,21,hadamard_lm,hadamard_lm_k4v3,0.9823111295700073,0.03512230142951012,hadamard,0.08192207664251328,0.005379006266593933,0.014307945966720581,0.919116199016571,3,0.03319007530808449,per_token_head_rms
K4V4,randomized Hadamard non-uniform KV fake quant,0.10738659650087357,0.004970747511833906,4.8335442543029785,4,0.008557201363146305,per_token_head_rms,gaussian_lloyd_max,headwise_randomized_hadamard,model.layers.21.self_attn,21,hadamard_lm,randhadamard_lm_k4v4,0.991525411605835,0.016945162788033485,randomized_hadamard,0.07570431381464005,0.004970747511833906,0.013134313747286797,0.920092761516571,4,0.009312129579484463,per_token_head_rms
K3V4,randomized Hadamard key bit reduction,0.710058331489563,0.01761818677186966,16.6685791015625,3,0.030595315620303154,per_token_head_rms,gaussian_lloyd_max,headwise_randomized_hadamard,model.layers.21.self_attn,21,hadamard_lm,randhadamard_lm_k3v4,0.9762404561042786,0.050399284809827805,randomized_hadamard,0.2683243751525879,0.01761818677186966,0.0465664267539978,0.8654540777206421,4,0.009312129579484463,per_token_head_rms
K4V3,randomized Hadamard value bit reduction,0.10738659650087357,0.004970747511833906,4.8335442543029785,4,0.008557201363146305,per_token_head_rms,gaussian_lloyd_max,headwise_randomized_hadamard,model.layers.21.self_attn,21,hadamard_lm,randhadamard_lm_k4v3,0.983500599861145,0.03279323875904083,randomized_hadamard,0.07570431381464005,0.004970747511833906,0.013134313747286797,0.920092761516571,3,0.03341274708509445,per_token_head_rms
K4V4,dense random orthogonal non-uniform KV fake quant,0.18341706693172455,0.0057632578536868095,5.5839080810546875,4,0.008967277593910694,per_token_head_rms,gaussian_lloyd_max,headwise_random_orthogonal,model.layers.21.self_attn,21,hadamard_lm,randortho_lm_k4v4,0.9895586967468262,0.02123790979385376,random_orthogonal,0.08777421712875366,0.0057632578536868095,0.016438694670796394,0.9153808355331421,4,0.009389970451593399,per_token_head_rms
K3V4,dense random orthogonal key bit reduction,0.8341920971870422,0.020445164293050766,19.232389450073242,3,0.03269865736365318,per_token_head_rms,gaussian_lloyd_max,headwise_random_orthogonal,model.layers.21.self_attn,21,hadamard_lm,randortho_lm_k3v4,0.9717483520507812,0.05677451938390732,random_orthogonal,0.3113791346549988,0.020445164293050766,0.058034706860780716,0.850634753704071,4,0.009389970451593399,per_token_head_rms
K4V3,dense random orthogonal value bit reduction,0.18341706693172455,0.0057632578536868095,5.5839080810546875,4,0.008967277593910694,per_token_head_rms,gaussian_lloyd_max,headwise_random_orthogonal,model.layers.21.self_attn,21,hadamard_lm,randortho_lm_k4v3,0.981794536113739,0.03637402877211571,random_orthogonal,0.08777421712875366,0.0057632578536868095,0.016438694670796394,0.9153808355331421,3,0.033716022968292236,per_token_head_rms
