a_bits,compute_interpretation,ip_bias,ip_relative_mse,ip_variance,k_bits,k_proj_relative_mse,key_relative_mse,kv_bits,kv_method,layer,layer_index,layer_output_cosine,layer_output_relative_mse,linear_bits,linear_method,method,method_key,output_cosine,output_relative_mse,projection_cosine,projection_relative_mse,q_proj_relative_mse,qjl_method,score_mse,score_relative_mse,softmax_kl,topk_overlap,v_bits,v_proj_relative_mse,value_relative_mse,w_bits
16,baseline,0.0,0.0,0.0,16,0.0,0.0,K16V16,fp16,model.layers.0.self_attn,0,1.0,0.0,FP16,fp16,fp16,fp16,1.0,0.0,1.0,0.0,0.0,,0.0,0.0,0.0,1.0,16,0.0,0.0,16
4,direct W/A fake quant plus uniform KV fake quant,-0.07506979256868362,0.26950737833976746,18.37333869934082,4,0.1563824713230133,0.18285374343395233,K4V4,absmax,model.layers.0.self_attn,0,0.8976316452026367,0.2613646984100342,W4A4,direct_absmax,attn_direct_absmax_w4a4_absmax_k4v4,attn_direct_absmax_w4a4_absmax_k4v4,0.6462252140045166,0.6721366047859192,0.8401217063268026,0.29660678406556445,0.2260281890630722,,0.28717148303985596,0.26950737833976746,0.08255413174629211,0.2769775390625,4,0.5074096918106079,0.510607898235321,4
4,rotated uniform W/A fake quant plus rotated KV fake quant,-0.17952924966812134,0.045816197991371155,3.092191219329834,4,0.020397478714585304,0.02858504094183445,K4V4,hadamard_lm,model.layers.0.self_attn,0,0.9069627523422241,0.17751537263393402,W4A4,rot_absmax,attn_rot_absmax_w4a4_hlm_k4v4,attn_rot_absmax_w4a4_hlm_k4v4,0.4609386920928955,2.80769419670105,0.8624085585276285,0.4434821115185817,0.05058709532022476,,0.04881909489631653,0.045816197991371155,0.01570424996316433,0.58154296875,4,1.259461760520935,1.2599639892578125,4
4,rotated non-uniform W/A and KV fake quant,-0.02253277786076069,0.0075341020710766315,0.513278067111969,4,0.0006256662891246378,0.009013096801936626,K4V4,hadamard_lm,model.layers.0.self_attn,0,0.9877647757530212,0.024566233158111572,W4A4,rot_lm,attn_rot_lm_w4a4_hlm_k4v4,attn_rot_lm_w4a4_hlm_k4v4,0.8371601700782776,0.4259360730648041,0.9735855658849081,0.05857976068121692,0.0009080592426471412,,0.008027903735637665,0.0075341020710766315,0.0029101052787154913,0.879467785358429,4,0.17420555651187897,0.18035244941711426,4
4,weight and key bit reduction in fake quant,0.0015083331381902099,0.027693936601281166,1.8885774612426758,3,0.001117852982133627,0.03155474364757538,K3V4,hadamard_lm,model.layers.0.self_attn,0,0.9422012567520142,0.11776000261306763,W3A4,rot_lm,attn_rot_lm_w3a4_hlm_k3v4,attn_rot_lm_w3a4_hlm_k3v4,0.5994928479194641,1.7323827743530273,0.9378208915392557,0.15899886097759008,0.001950159203261137,,0.029509058222174644,0.027693936601281166,0.015327014029026031,0.8044677972793579,4,0.4739285707473755,0.4803047776222229,3
3,activation and value bit reduction in fake quant,-0.10706601291894913,0.02385963313281536,1.6156375408172607,4,0.006044525187462568,0.01395420078188181,K4V3,hadamard_lm,model.layers.0.self_attn,0,0.9774143695831299,0.05293106660246849,W4A3,rot_lm,attn_rot_lm_w4a3_hlm_k4v3,attn_rot_lm_w4a3_hlm_k4v3,0.8027662634849548,0.525113582611084,0.9471508264541626,0.14428472984582186,0.007355357985943556,,0.0254234466701746,0.02385963313281536,0.006687001790851355,0.812670886516571,3,0.41945430636405945,0.44670364260673523,4
16,baseline,0.0,0.0,0.0,16,0.0,0.0,K16V16,fp16,model.layers.1.self_attn,1,1.0,0.0,FP16,fp16,fp16,fp16,1.0,0.0,1.0,0.0,0.0,,0.0,0.0,0.0,1.0,16,0.0,0.0,16
4,direct W/A fake quant plus uniform KV fake quant,1.6202733516693115,0.1206694096326828,72.89411926269531,4,0.04560045897960663,0.058097779750823975,K4V4,absmax,model.layers.1.self_attn,1,0.21331168711185455,0.9845076203346252,W4A4,direct_absmax,attn_direct_absmax_w4a4_absmax_k4v4,attn_direct_absmax_w4a4_absmax_k4v4,0.2487356811761856,1.0891616344451904,0.7323917349179586,0.37429992357889813,0.1455400139093399,,1.1799907684326172,0.1206694096326828,0.2595767378807068,0.5572754144668579,4,0.9317592978477478,0.9388631582260132,4
4,rotated uniform W/A fake quant plus rotated KV fake quant,3.1234726905822754,0.08295046538114548,42.157405853271484,4,0.011926643550395966,0.021573804318904877,K4V4,hadamard_lm,model.layers.1.self_attn,1,0.34061551094055176,4.930294036865234,W4A4,rot_absmax,attn_rot_absmax_w4a4_hlm_k4v4,attn_rot_absmax_w4a4_hlm_k4v4,0.28381961584091187,8.915365219116211,0.8657537301381429,0.48872567775348824,0.030890638008713722,,0.8111482858657837,0.08295046538114548,0.07083886861801147,0.7652587890625,4,1.423359751701355,1.4202979803085327,4
4,rotated non-uniform W/A and KV fake quant,0.5717614889144897,0.0067816018126904964,3.9172675609588623,4,0.0009113719570450485,0.010688300244510174,K4V4,hadamard_lm,model.layers.1.self_attn,1,0.833267092704773,0.3726659119129181,W4A4,rot_lm,attn_rot_lm_w4a4_hlm_k4v4,attn_rot_lm_w4a4_hlm_k4v4,0.5631381869316101,1.7956812381744385,0.964309811592102,0.08250848279567435,0.0024314301554113626,,0.06631529331207275,0.0067816018126904964,0.01684076525270939,0.8663574457168579,4,0.24418264627456665,0.25257983803749084,4
4,weight and key bit reduction in fake quant,1.3638770580291748,0.022040875628590584,11.93384075164795,3,0.00260818749666214,0.03808944299817085,K3V4,hadamard_lm,model.layers.1.self_attn,1,0.6477901935577393,0.9213231801986694,W3A4,rot_lm,attn_rot_lm_w3a4_hlm_k3v4,attn_rot_lm_w3a4_hlm_k3v4,0.3508167564868927,5.0142927169799805,0.9304254452387491,0.1819345036831995,0.005999283399432898,,0.21553125977516174,0.022040875628590584,0.05027363449335098,0.7875732183456421,4,0.5371960401535034,0.5409924983978271,3
3,activation and value bit reduction in fake quant,0.6704909801483154,0.014321776106953621,8.513542175292969,4,0.004438548348844051,0.014140953309834003,K4V3,hadamard_lm,model.layers.1.self_attn,1,0.7517712116241455,0.6128931045532227,W4A3,rot_lm,attn_rot_lm_w4a3_hlm_k4v3,attn_rot_lm_w4a3_hlm_k4v3,0.5155627131462097,2.3173205852508545,0.9307671189308167,0.20144503470510244,0.00885886512696743,,0.14004844427108765,0.014321776106953621,0.031729817390441895,0.8146728277206421,3,0.5910376906394958,0.60708087682724,4
16,baseline,0.0,0.0,0.0,16,0.0,0.0,K16V16,fp16,model.layers.2.self_attn,2,1.0,0.0,FP16,fp16,fp16,fp16,1.0,0.0,1.0,0.0,0.0,,0.0,0.0,0.0,1.0,16,0.0,0.0,16
4,direct W/A fake quant plus uniform KV fake quant,1.8818938732147217,0.1533660590648651,40.90449523925781,4,0.05558626726269722,0.06733019649982452,K4V4,absmax,model.layers.2.self_attn,2,0.23300005495548248,1.001711368560791,W4A4,direct_absmax,attn_direct_absmax_w4a4_absmax_k4v4,attn_direct_absmax_w4a4_absmax_k4v4,0.19977222383022308,1.5006853342056274,0.7536027133464813,0.36555323625604313,0.12110686302185059,,0.6944690942764282,0.1533660590648651,0.19800834357738495,0.611621081829071,4,0.9199665784835815,0.9293186068534851,4
4,rotated uniform W/A fake quant plus rotated KV fake quant,1.2507890462875366,0.044891998171806335,11.445384979248047,4,0.008110258728265762,0.017285166308283806,K4V4,hadamard_lm,model.layers.2.self_attn,2,0.30367740988731384,2.527055263519287,W4A4,rot_absmax,attn_rot_absmax_w4a4_hlm_k4v4,attn_rot_absmax_w4a4_hlm_k4v4,0.4131973087787628,5.07549524307251,0.9195944468180338,0.23048600057760874,0.032168906182050705,,0.2032790333032608,0.044891998171806335,0.04388926923274994,0.809252917766571,4,0.6511788368225098,0.6540877819061279,4
4,rotated non-uniform W/A and KV fake quant,0.38467222452163696,0.010644237510859966,2.9367644786834717,4,0.0012599955080077052,0.010496659204363823,K4V4,hadamard_lm,model.layers.2.self_attn,2,0.9176701307296753,0.16340896487236023,W4A4,rot_lm,attn_rot_lm_w4a4_hlm_k4v4,attn_rot_lm_w4a4_hlm_k4v4,0.7163968086242676,0.8687406778335571,0.9824521938959757,0.03684958602146556,0.0029647231567651033,,0.04819902032613754,0.010644237510859966,0.013010651804506779,0.8939208984375,4,0.10632403939962387,0.11501675099134445,4
4,weight and key bit reduction in fake quant,1.129104495048523,0.03396080806851387,8.567084312438965,3,0.0038266521878540516,0.03798602893948555,K3V4,hadamard_lm,model.layers.2.self_attn,2,0.7353099584579468,0.5181275010108948,W3A4,rot_lm,attn_rot_lm_w3a4_hlm_k3v4,attn_rot_lm_w3a4_hlm_k3v4,0.45375582575798035,2.6601955890655518,0.9603303074836731,0.0883996117239197,0.007537458557635546,,0.15378063917160034,0.03396080806851387,0.040457744151353836,0.8255615234375,4,0.25383472442626953,0.2616925835609436,3
3,activation and value bit reduction in fake quant,0.4424816370010376,0.01516955066472292,4.200398921966553,4,0.0029242553282529116,0.012102412059903145,K4V3,hadamard_lm,model.layers.2.self_attn,2,0.870245099067688,0.25329479575157166,W4A3,rot_lm,attn_rot_lm_w4a3_hlm_k4v3,attn_rot_lm_w4a3_hlm_k4v3,0.6658694744110107,1.0236802101135254,0.9636520743370056,0.08203904571322103,0.006580442655831575,,0.06869044899940491,0.01516955066472292,0.018343832343816757,0.874951183795929,3,0.2366124391555786,0.26370927691459656,4
16,baseline,0.0,0.0,0.0,16,0.0,0.0,K16V16,fp16,model.layers.3.self_attn,3,1.0,0.0,FP16,fp16,fp16,fp16,1.0,0.0,1.0,0.0,0.0,,0.0,0.0,0.0,1.0,16,0.0,0.0,16
4,direct W/A fake quant plus uniform KV fake quant,3.1025891304016113,0.027084549888968468,42.17667770385742,4,0.04735756665468216,0.07582928985357285,K4V4,absmax,model.layers.3.self_attn,3,0.47959116101264954,0.8990392684936523,W4A4,direct_absmax,attn_direct_absmax_w4a4_absmax_k4v4,attn_direct_absmax_w4a4_absmax_k4v4,0.6015884280204773,0.7097600102424622,0.8598661621411642,0.24373974899450937,0.061747439205646515,,0.809417724609375,0.027084549888968468,0.21228787302970886,0.5560547113418579,4,0.6221142411231995,0.6297408938407898,4
4,rotated uniform W/A fake quant plus rotated KV fake quant,5.454924583435059,0.03191310167312622,31.28175926208496,4,0.009191944263875484,0.01801369898021221,K4V4,hadamard_lm,model.layers.3.self_attn,3,0.6835066080093384,0.8109901547431946,W4A4,rot_absmax,attn_rot_absmax_w4a4_hlm_k4v4,attn_rot_absmax_w4a4_hlm_k4v4,0.83840411901474,0.41399845480918884,0.9771343866984049,0.04903797215471665,0.01465635560452938,,0.9537182450294495,0.03191310167312622,0.05519477277994156,0.7704101800918579,4,0.12326561659574509,0.13205155730247498,4
4,rotated non-uniform W/A and KV fake quant,1.2682843208312988,0.0032997983507812023,4.702748775482178,4,0.0015476505504921079,0.01032798457890749,K4V4,hadamard_lm,model.layers.3.self_attn,3,0.9727168083190918,0.05382688716053963,W4A4,rot_lm,attn_rot_lm_w4a4_hlm_k4v4,attn_rot_lm_w4a4_hlm_k4v4,0.956096887588501,0.0906822457909584,0.9951043526331583,0.009862123018441101,0.001952617196366191,,0.09861397743225098,0.0032997983507812023,0.030768785625696182,0.8211669921875,4,0.026086101308465004,0.03520694002509117,4
4,weight and key bit reduction in fake quant,3.6275689601898193,0.014381264336407185,14.346785545349121,3,0.0038518807850778103,0.03561192750930786,K3V4,hadamard_lm,model.layers.3.self_attn,3,0.918915331363678,0.15565630793571472,W3A4,rot_lm,attn_rot_lm_w3a4_hlm_k3v4,attn_rot_lm_w3a4_hlm_k3v4,0.8622071146965027,0.29859283566474915,0.9883444507916769,0.023657595893989008,0.0052109370008111,,0.4297819137573242,0.014381264336407185,0.09521484375,0.695751965045929,4,0.06190996989607811,0.07012107223272324,3
3,activation and value bit reduction in fake quant,2.082695484161377,0.005327526479959488,5.851968765258789,4,0.0035947386641055346,0.01228093821555376,K4V3,hadamard_lm,model.layers.3.self_attn,3,0.9519336223602295,0.09587959945201874,W4A3,rot_lm,attn_rot_lm_w4a3_hlm_k4v3,attn_rot_lm_w4a3_hlm_k4v3,0.9432998895645142,0.11230794340372086,0.9889027873675028,0.022398045208926003,0.004512470681220293,,0.15921232104301453,0.005327526479959488,0.035603638738393784,0.8098388910293579,3,0.05908692628145218,0.08901330828666687,4
16,baseline,0.0,0.0,0.0,16,0.0,0.0,K16V16,fp16,model.layers.4.self_attn,4,1.0,0.0,FP16,fp16,fp16,fp16,1.0,0.0,1.0,0.0,0.0,,0.0,0.0,0.0,1.0,16,0.0,0.0,16
4,direct W/A fake quant plus uniform KV fake quant,6.73798942565918,0.03922500088810921,119.89266204833984,4,0.06454800069332123,0.10154371708631516,K4V4,absmax,model.layers.4.self_attn,4,0.2615458369255066,1.4566694498062134,W4A4,direct_absmax,attn_direct_absmax_w4a4_absmax_k4v4,attn_direct_absmax_w4a4_absmax_k4v4,0.6511655449867249,0.6211373209953308,0.8551817138989767,0.27897491057713825,0.06831903755664825,,2.582705497741699,0.03922500088810921,0.41617435216903687,0.584716796875,4,0.7040576934814453,0.719201385974884,4
4,rotated uniform W/A fake quant plus rotated KV fake quant,7.077383041381836,0.019903142005205154,33.78199005126953,4,0.011527198366820812,0.020336853340268135,K4V4,hadamard_lm,model.layers.4.self_attn,4,0.49201133847236633,1.6402584314346313,W4A4,rot_absmax,attn_rot_absmax_w4a4_hlm_k4v4,attn_rot_absmax_w4a4_hlm_k4v4,0.8775713443756104,0.2947927415370941,0.967523475488027,0.07367178207884233,0.01430610753595829,,1.3104896545410156,0.019903142005205154,0.10679453611373901,0.776684582233429,4,0.19518204033374786,0.2034112811088562,4
4,rotated non-uniform W/A and KV fake quant,1.564988136291504,0.0029449532739818096,9.960770606994629,4,0.002360244281589985,0.011111442930996418,K4V4,hadamard_lm,model.layers.4.self_attn,4,0.9523775577545166,0.09305490553379059,W4A4,rot_lm,attn_rot_lm_w4a4_hlm_k4v4,attn_rot_lm_w4a4_hlm_k4v4,0.9713487029075623,0.05679439753293991,0.9938157200813293,0.012456266054262718,0.0021735471673309803,,0.19390559196472168,0.0029449532739818096,0.055221132934093475,0.8359375,4,0.03283500671386719,0.04182819649577141,4
4,weight and key bit reduction in fake quant,4.667538166046143,0.012233092449605465,29.764028549194336,3,0.006498469039797783,0.03752433508634567,K3V4,hadamard_lm,model.layers.4.self_attn,4,0.8810170888900757,0.23073597252368927,W3A4,rot_lm,attn_rot_lm_w3a4_hlm_k3v4,attn_rot_lm_w3a4_hlm_k3v4,0.9078452587127686,0.18449397385120392,0.9853198329607645,0.02981287178893884,0.0057258158922195435,,0.8054678440093994,0.012233092449605465,0.18370963633060455,0.723559558391571,4,0.0772143304347992,0.08616562187671661,3
3,activation and value bit reduction in fake quant,2.89454984664917,0.005175734870135784,13.431995391845703,4,0.005482420325279236,0.01418529637157917,K4V3,hadamard_lm,model.layers.4.self_attn,4,0.9139809608459473,0.16506852209568024,W4A3,rot_lm,attn_rot_lm_w4a3_hlm_k4v3,attn_rot_lm_w4a3_hlm_k4v3,0.9580820202827454,0.08222062885761261,0.986154039700826,0.028129868675023317,0.005192869808524847,,0.34078773856163025,0.005175734870135784,0.06906566023826599,0.8231445550918579,3,0.07371431589126587,0.10468980669975281,4
16,baseline,0.0,0.0,0.0,16,0.0,0.0,K16V16,fp16,model.layers.5.self_attn,5,1.0,0.0,FP16,fp16,fp16,fp16,1.0,0.0,1.0,0.0,0.0,,0.0,0.0,0.0,1.0,16,0.0,0.0,16
4,direct W/A fake quant plus uniform KV fake quant,8.747369766235352,0.0391070619225502,87.76815795898438,4,0.04331458732485771,0.08281966298818588,K4V4,absmax,model.layers.5.self_attn,5,0.22186534106731415,1.2304400205612183,W4A4,direct_absmax,attn_direct_absmax_w4a4_absmax_k4v4,attn_direct_absmax_w4a4_absmax_k4v4,0.5848321914672852,0.8508979678153992,0.8395894169807434,0.35603006556630135,0.051984772086143494,,2.5669472217559814,0.0391070619225502,0.35413122177124023,0.588427722454071,4,0.9727908372879028,0.987252950668335,4
4,rotated uniform W/A fake quant plus rotated KV fake quant,14.549946784973145,0.07930443435907364,121.44856262207031,4,0.013323595747351646,0.02169843204319477,K4V4,hadamard_lm,model.layers.5.self_attn,5,0.6143929362297058,1.0313708782196045,W4A4,rot_absmax,attn_rot_absmax_w4a4_hlm_k4v4,attn_rot_absmax_w4a4_hlm_k4v4,0.8727683424949646,0.2825322449207306,0.9628944198290507,0.08395282551646233,0.01734822802245617,,5.205461502075195,0.07930443435907364,0.11253262311220169,0.7385498285293579,4,0.22118665277957916,0.23017525672912598,4
4,rotated non-uniform W/A and KV fake quant,1.976093053817749,0.0031521248165518045,9.336798667907715,4,0.0018068192293867469,0.01031513325870037,K4V4,hadamard_lm,model.layers.5.self_attn,5,0.9668956398963928,0.06514755636453629,W4A4,rot_lm,attn_rot_lm_w4a4_hlm_k4v4,attn_rot_lm_w4a4_hlm_k4v4,0.9681748747825623,0.0634579136967659,0.9923186103502909,0.01548609610957404,0.0017999577103182673,,0.20690222084522247,0.0031521248165518045,0.060651518404483795,0.809985339641571,4,0.042851511389017105,0.05147320404648781,4
4,weight and key bit reduction in fake quant,5.056909084320068,0.01271215733140707,27.830101013183594,3,0.005056110210716724,0.034482698887586594,K3V4,hadamard_lm,model.layers.5.self_attn,5,0.9186737537384033,0.15663032233715057,W3A4,rot_lm,attn_rot_lm_w3a4_hlm_k3v4,attn_rot_lm_w3a4_hlm_k3v4,0.9162025451660156,0.16755303740501404,0.9833283623059591,0.03412204748019576,0.0049407291226089,,0.8344129323959351,0.01271215733140707,0.1645973175764084,0.699633777141571,4,0.09236930310726166,0.10097607225179672,3
3,activation and value bit reduction in fake quant,3.831465721130371,0.006256819702684879,11.604104042053223,4,0.004468174185603857,0.012744755484163761,K4V3,hadamard_lm,model.layers.5.self_attn,5,0.9440461993217468,0.11381395906209946,W4A3,rot_lm,attn_rot_lm_w4a3_hlm_k4v3,attn_rot_lm_w4a3_hlm_k4v3,0.9617244005203247,0.07520289719104767,0.9830421805381775,0.03470293851569295,0.004545431584119797,,0.41069120168685913,0.006256819702684879,0.06371518224477768,0.799023449420929,3,0.0950952097773552,0.12486713379621506,4
16,baseline,0.0,0.0,0.0,16,0.0,0.0,K16V16,fp16,model.layers.6.self_attn,6,1.0,0.0,FP16,fp16,fp16,fp16,1.0,0.0,1.0,0.0,0.0,,0.0,0.0,0.0,1.0,16,0.0,0.0,16
4,direct W/A fake quant plus uniform KV fake quant,10.363121032714844,0.06320444494485855,119.85315704345703,4,0.05947279930114746,0.09416934102773666,K4V4,absmax,model.layers.6.self_attn,6,0.2802816927433014,1.343686580657959,W4A4,direct_absmax,attn_direct_absmax_w4a4_absmax_k4v4,attn_direct_absmax_w4a4_absmax_k4v4,0.6864398717880249,0.5494627356529236,0.8483225305875143,0.27343189467986423,0.07446473091840744,,3.550741195678711,0.06320444494485855,0.3285180628299713,0.5638427734375,4,0.6863581538200378,0.7053907513618469,4
4,rotated uniform W/A fake quant plus rotated KV fake quant,12.101435661315918,0.09290951490402222,187.6053466796875,4,0.015481948852539062,0.024001702666282654,K4V4,hadamard_lm,model.layers.6.self_attn,6,0.5358666181564331,1.3825205564498901,W4A4,rot_absmax,attn_rot_absmax_w4a4_hlm_k4v4,attn_rot_absmax_w4a4_hlm_k4v4,0.9156739115715027,0.1864304393529892,0.9644701679547628,0.07920673675835133,0.023091530427336693,,5.219532489776611,0.09290951490402222,0.10452218353748322,0.7593749761581421,4,0.19904673099517822,0.20740105211734772,4
4,rotated non-uniform W/A and KV fake quant,1.952239751815796,0.003331628628075123,8.167412757873535,4,0.0019608126021921635,0.010589595884084702,K4V4,hadamard_lm,model.layers.6.self_attn,6,0.9552903175354004,0.08747009932994843,W4A4,rot_lm,attn_rot_lm_w4a4_hlm_k4v4,attn_rot_lm_w4a4_hlm_k4v4,0.9760637879371643,0.04756677523255348,0.9921010335286459,0.015995856452112395,0.0023455151822417974,,0.18716645240783691,0.003331628628075123,0.04438035562634468,0.8438476324081421,4,0.04368124157190323,0.05228910967707634,4
4,weight and key bit reduction in fake quant,4.0738067626953125,0.011697040870785713,25.46004295349121,3,0.005191808100789785,0.03543400019407272,K3V4,hadamard_lm,model.layers.6.self_attn,6,0.9022589921951294,0.1914757937192917,W3A4,rot_lm,attn_rot_lm_w3a4_hlm_k3v4,attn_rot_lm_w3a4_hlm_k3v4,0.9448884129524231,0.11161021888256073,0.984417458375295,0.032100724832465254,0.00617420207709074,,0.6571241617202759,0.011697040870785713,0.1438397765159607,0.7212158441543579,4,0.08493616431951523,0.0929998978972435,3
3,activation and value bit reduction in fake quant,3.444847583770752,0.006428868044167757,11.247601509094238,4,0.004783984273672104,0.01333661936223507,K4V3,hadamard_lm,model.layers.6.self_attn,6,0.9221612215042114,0.15104296803474426,W4A3,rot_lm,attn_rot_lm_w4a3_hlm_k4v3,attn_rot_lm_w4a3_hlm_k4v3,0.9693232774734497,0.06053511053323746,0.9834344585736593,0.03392091393470764,0.005538713186979294,,0.36116522550582886,0.006428868044167757,0.05112972855567932,0.824877917766571,3,0.09144004434347153,0.12142729014158249,4
16,baseline,0.0,0.0,0.0,16,0.0,0.0,K16V16,fp16,model.layers.7.self_attn,7,1.0,0.0,FP16,fp16,fp16,fp16,1.0,0.0,1.0,0.0,0.0,,0.0,0.0,0.0,1.0,16,0.0,0.0,16
4,direct W/A fake quant plus uniform KV fake quant,10.831928253173828,0.15549787878990173,205.85743713378906,4,0.09883159399032593,0.14067700505256653,K4V4,absmax,model.layers.7.self_attn,7,0.11670385301113129,1.6006520986557007,W4A4,direct_absmax,attn_direct_absmax_w4a4_absmax_k4v4,attn_direct_absmax_w4a4_absmax_k4v4,0.3125597834587097,1.0898882150650024,0.7258458137512207,0.4896222601334254,0.1578836590051651,,5.049814701080322,0.15549787878990173,0.47535112500190735,0.3625732362270355,4,1.2121515274047852,1.2200400829315186,4
4,rotated uniform W/A fake quant plus rotated KV fake quant,3.9099442958831787,0.07261474430561066,135.6354522705078,4,0.015916163101792336,0.024332856759428978,K4V4,hadamard_lm,model.layers.7.self_attn,7,0.5884807109832764,1.4723197221755981,W4A4,rot_absmax,attn_rot_absmax_w4a4_hlm_k4v4,attn_rot_absmax_w4a4_hlm_k4v4,0.818017303943634,0.4334263205528259,0.9392030239105225,0.14434105716645718,0.04902946203947067,,2.3581736087799072,0.07261474430561066,0.13360974192619324,0.6527099609375,4,0.3680775463581085,0.37343552708625793,4
4,rotated non-uniform W/A and KV fake quant,1.1857517957687378,0.004797718022018671,8.565610885620117,4,0.002134039532393217,0.01075513195246458,K4V4,hadamard_lm,model.layers.7.self_attn,7,0.9527077674865723,0.09563672542572021,W4A4,rot_lm,attn_rot_lm_w4a4_hlm_k4v4,attn_rot_lm_w4a4_hlm_k4v4,0.9684897065162659,0.06571390479803085,0.989120602607727,0.022484073182567954,0.0021262073423713446,,0.1558065414428711,0.004797718022018671,0.04926294833421707,0.7743164300918579,4,0.0631919726729393,0.07196212559938431,4
4,weight and key bit reduction in fake quant,3.188253879547119,0.017303239554166794,25.798240661621094,3,0.005232795141637325,0.03524210304021835,K3V4,hadamard_lm,model.layers.7.self_attn,7,0.8534252643585205,0.30218860507011414,W3A4,rot_lm,attn_rot_lm_w3a4_hlm_k3v4,attn_rot_lm_w3a4_hlm_k3v4,0.8882288336753845,0.2391447126865387,0.9740945100784302,0.05418145237490535,0.005953762214630842,,0.5619250535964966,0.017303239554166794,0.1608514040708542,0.6181885004043579,4,0.15135779976844788,0.1598629653453827,3
3,activation and value bit reduction in fake quant,2.0918376445770264,0.007502581924200058,11.217647552490234,4,0.004982815124094486,0.013515844941139221,K4V3,hadamard_lm,model.layers.7.self_attn,7,0.9186981320381165,0.15633141994476318,W4A3,rot_lm,attn_rot_lm_w4a3_hlm_k4v3,attn_rot_lm_w4a3_hlm_k4v3,0.9631317853927612,0.07299241423606873,0.9762860536575317,0.05000430873284737,0.005145996809005737,,0.24364736676216125,0.007502581924200058,0.057499390095472336,0.7554687261581421,3,0.1398841142654419,0.16829833388328552,4
16,baseline,0.0,0.0,0.0,16,0.0,0.0,K16V16,fp16,model.layers.8.self_attn,8,1.0,0.0,FP16,fp16,fp16,fp16,1.0,0.0,1.0,0.0,0.0,,0.0,0.0,0.0,1.0,16,0.0,0.0,16
4,direct W/A fake quant plus uniform KV fake quant,23.28754997253418,0.14398330450057983,263.6772155761719,4,0.10108984261751175,0.1312987357378006,K4V4,absmax,model.layers.8.self_attn,8,-0.05144224688410759,1.4932692050933838,W4A4,direct_absmax,attn_direct_absmax_w4a4_absmax_k4v4,attn_direct_absmax_w4a4_absmax_k4v4,0.32576674222946167,1.2292371988296509,0.7986069122950236,0.35672032584746677,0.179629847407341,,12.593549728393555,0.14398330450057983,0.6120445728302002,0.3985351622104645,4,0.7894412875175476,0.8087315559387207,4
4,rotated uniform W/A fake quant plus rotated KV fake quant,13.12306022644043,0.05355067923665047,127.55033874511719,4,0.01705848053097725,0.025734376162290573,K4V4,hadamard_lm,model.layers.8.self_attn,8,0.5544916391372681,1.9073342084884644,W4A4,rot_absmax,attn_rot_absmax_w4a4_hlm_k4v4,attn_rot_absmax_w4a4_hlm_k4v4,0.8315536975860596,0.517749547958374,0.9502014319101969,0.11279317612449329,0.06253368407487869,,4.683828830718994,0.05355067923665047,0.21454459428787231,0.6851806640625,4,0.2587873637676239,0.2655104696750641,4
4,rotated non-uniform W/A and KV fake quant,1.9468368291854858,0.002800660440698266,11.887313842773438,4,0.002453471999615431,0.01093138288706541,K4V4,hadamard_lm,model.layers.8.self_attn,8,0.9536516666412354,0.09257042407989502,W4A4,rot_lm,attn_rot_lm_w4a4_hlm_k4v4,attn_rot_lm_w4a4_hlm_k4v4,0.9773828387260437,0.04842795431613922,0.9920033613840739,0.01621015090495348,0.0031074616126716137,,0.2449607402086258,0.002800660440698266,0.031150076538324356,0.8253173828125,4,0.043069519102573395,0.05188191309571266,4
4,weight and key bit reduction in fake quant,6.68310546875,0.015266284346580505,40.79343032836914,3,0.006458978168666363,0.0367121621966362,K3V4,hadamard_lm,model.layers.8.self_attn,8,0.8788337111473083,0.2615513205528259,W3A4,rot_lm,attn_rot_lm_w3a4_hlm_k3v4,attn_rot_lm_w3a4_hlm_k3v4,0.9345274567604065,0.16858623921871185,0.9825603564580282,0.036200240875283875,0.008016853593289852,,1.335270881652832,0.015266284346580505,0.11961245536804199,0.680737316608429,4,0.09412489086389542,0.1018190011382103,3
3,activation and value bit reduction in fake quant,3.6821866035461426,0.005455876234918833,16.982309341430664,4,0.005570691078901291,0.013925865292549133,K4V3,hadamard_lm,model.layers.8.self_attn,8,0.9088449478149414,0.1762702316045761,W4A3,rot_lm,attn_rot_lm_w4a3_hlm_k4v3,attn_rot_lm_w4a3_hlm_k4v3,0.9665928483009338,0.0716230720281601,0.9825055797894796,0.036008283806343876,0.007157345302402973,,0.47720012068748474,0.005455876234918833,0.04475761950016022,0.803271472454071,3,0.09529681503772736,0.12545661628246307,4
16,baseline,0.0,0.0,0.0,16,0.0,0.0,K16V16,fp16,model.layers.9.self_attn,9,1.0,0.0,FP16,fp16,fp16,fp16,1.0,0.0,1.0,0.0,0.0,,0.0,0.0,0.0,1.0,16,0.0,0.0,16
4,direct W/A fake quant plus uniform KV fake quant,20.225303649902344,0.14256063103675842,154.9144744873047,4,0.06215805187821388,0.09922545403242111,K4V4,absmax,model.layers.9.self_attn,9,0.2782418131828308,1.786761999130249,W4A4,direct_absmax,attn_direct_absmax_w4a4_absmax_k4v4,attn_direct_absmax_w4a4_absmax_k4v4,0.5584712624549866,0.77989262342453,0.8130304416020712,0.33826817696293193,0.11171393096446991,,8.812145233154297,0.14256063103675842,0.5696499347686768,0.546704113483429,4,0.8409325480461121,0.850479006767273,4
4,rotated uniform W/A fake quant plus rotated KV fake quant,8.776344299316406,0.03447863832116127,59.375083923339844,4,0.012147867120802402,0.020997576415538788,K4V4,hadamard_lm,model.layers.9.self_attn,9,0.6928409337997437,1.2234456539154053,W4A4,rot_absmax,attn_rot_absmax_w4a4_hlm_k4v4,attn_rot_absmax_w4a4_hlm_k4v4,0.8812907338142395,0.35852083563804626,0.9628880818684896,0.08249099397410949,0.022462250664830208,,2.1312389373779297,0.03447863832116127,0.18999707698822021,0.7533203363418579,4,0.21286286413669586,0.2212935984134674,4
4,rotated non-uniform W/A and KV fake quant,1.8699547052383423,0.0036309785209596157,10.867609977722168,4,0.0016814394621178508,0.010362720116972923,K4V4,hadamard_lm,model.layers.9.self_attn,9,0.9531582593917847,0.09784279763698578,W4A4,rot_lm,attn_rot_lm_w4a4_hlm_k4v4,attn_rot_lm_w4a4_hlm_k4v4,0.9752581119537354,0.05461045727133751,0.9921372532844543,0.016125728958286345,0.0024583199992775917,,0.22444282472133636,0.0036309785209596157,0.044227614998817444,0.8254150152206421,4,0.04423742741346359,0.05335626006126404,4
4,weight and key bit reduction in fake quant,4.549583435058594,0.014176196418702602,35.38306427001953,3,0.004929542541503906,0.035069115459918976,K3V4,hadamard_lm,model.layers.9.self_attn,9,0.8778141736984253,0.2690693438053131,W3A4,rot_lm,attn_rot_lm_w3a4_hlm_k3v4,attn_rot_lm_w3a4_hlm_k3v4,0.9219139814376831,0.18856042623519897,0.981282651424408,0.03878133790567517,0.006785491015762091,,0.8762776851654053,0.014176196418702602,0.15599317848682404,0.691723644733429,4,0.10462898015975952,0.11328406631946564,3
3,activation and value bit reduction in fake quant,3.227735757827759,0.006129350513219833,13.829753875732422,4,0.004012608900666237,0.012583781033754349,K4V3,hadamard_lm,model.layers.9.self_attn,9,0.911361038684845,0.1749536097049713,W4A3,rot_lm,attn_rot_lm_w4a3_hlm_k4v3,attn_rot_lm_w4a3_hlm_k4v3,0.9638522267341614,0.0774412453174591,0.982848604520162,0.03554756287485361,0.0057859281077980995,,0.3788754940032959,0.006129350513219833,0.05581480637192726,0.8094482421875,3,0.0968441516160965,0.12616871297359467,4
16,baseline,0.0,0.0,0.0,16,0.0,0.0,K16V16,fp16,model.layers.10.self_attn,10,1.0,0.0,FP16,fp16,fp16,fp16,1.0,0.0,1.0,0.0,0.0,,0.0,0.0,0.0,1.0,16,0.0,0.0,16
4,direct W/A fake quant plus uniform KV fake quant,16.634132385253906,0.10869761556386948,192.98443603515625,4,0.06243286281824112,0.09509150683879852,K4V4,absmax,model.layers.10.self_attn,10,0.25032615661621094,1.6755390167236328,W4A4,direct_absmax,attn_direct_absmax_w4a4_absmax_k4v4,attn_direct_absmax_w4a4_absmax_k4v4,0.4713452160358429,0.9854761362075806,0.7970107396443685,0.42029644797245663,0.09933657944202423,,7.33873176574707,0.10869761556386948,0.4414293169975281,0.531542956829071,4,1.0991199016571045,1.1114388704299927,4
4,rotated uniform W/A fake quant plus rotated KV fake quant,13.981792449951172,0.07268767058849335,118.59054565429688,4,0.010984359309077263,0.01974681206047535,K4V4,hadamard_lm,model.layers.10.self_attn,10,0.6112411618232727,1.7956889867782593,W4A4,rot_absmax,attn_rot_absmax_w4a4_hlm_k4v4,attn_rot_absmax_w4a4_hlm_k4v4,0.8309155106544495,0.5941703915596008,0.954462985197703,0.1065159806360801,0.035338424146175385,,4.9075164794921875,0.07268767058849335,0.335528701543808,0.706298828125,4,0.27322515845298767,0.28255608677864075,4
4,rotated non-uniform W/A and KV fake quant,1.664756417274475,0.003981937654316425,14.434407234191895,4,0.0017818373162299395,0.010408529080450535,K4V4,hadamard_lm,model.layers.10.self_attn,10,0.9512532949447632,0.09827937930822372,W4A4,rot_lm,attn_rot_lm_w4a4_hlm_k4v4,attn_rot_lm_w4a4_hlm_k4v4,0.967150092124939,0.0682171881198883,0.9901236097017924,0.020249588104585808,0.002192165469750762,,0.2688409686088562,0.003981937654316425,0.04982392117381096,0.804394543170929,4,0.05677476152777672,0.0658349096775055,4
4,weight and key bit reduction in fake quant,4.7105183601379395,0.015834156423807144,46.229881286621094,3,0.005020397249609232,0.03546156361699104,K3V4,hadamard_lm,model.layers.10.self_attn,10,0.8542919158935547,0.3281919062137604,W3A4,rot_lm,attn_rot_lm_w3a4_hlm_k3v4,attn_rot_lm_w3a4_hlm_k3v4,0.887461245059967,0.26458775997161865,0.9761468569437662,0.049250210635364056,0.0058578685857355595,,1.069044828414917,0.015834156423807144,0.2047087848186493,0.6675781011581421,4,0.13687236607074738,0.14572396874427795,3
3,activation and value bit reduction in fake quant,3.0566165447235107,0.006114744581282139,17.078706741333008,4,0.0042608268558979034,0.01291164755821228,K4V3,hadamard_lm,model.layers.10.self_attn,10,0.9115598201751709,0.17054039239883423,W4A3,rot_lm,attn_rot_lm_w4a3_hlm_k4v3,attn_rot_lm_w4a3_hlm_k4v3,0.948951244354248,0.10178790241479874,0.9785712758700053,0.04465049117182692,0.0051878164522349834,,0.4128376841545105,0.006114744581282139,0.06165275722742081,0.797924816608429,3,0.12450283020734787,0.15518900752067566,4
16,baseline,0.0,0.0,0.0,16,0.0,0.0,K16V16,fp16,model.layers.11.self_attn,11,1.0,0.0,FP16,fp16,fp16,fp16,1.0,0.0,1.0,0.0,0.0,,0.0,0.0,0.0,1.0,16,0.0,0.0,16
4,direct W/A fake quant plus uniform KV fake quant,9.457232475280762,0.14518558979034424,248.9861297607422,4,0.09882834553718567,0.12222560495138168,K4V4,absmax,model.layers.11.self_attn,11,0.16011637449264526,1.3336257934570312,W4A4,direct_absmax,attn_direct_absmax_w4a4_absmax_k4v4,attn_direct_absmax_w4a4_absmax_k4v4,0.5114595890045166,0.772757351398468,0.7898533344268799,0.3637133985757828,0.17571325600147247,,5.287897109985352,0.14518558979034424,0.4506210684776306,0.4349365234375,4,0.8165985941886902,0.8309144973754883,4
4,rotated uniform W/A fake quant plus rotated KV fake quant,3.109072208404541,0.04377720504999161,92.37767791748047,4,0.018066786229610443,0.02658449299633503,K4V4,hadamard_lm,model.layers.11.self_attn,11,0.6487971544265747,1.2211978435516357,W4A4,rot_absmax,attn_rot_absmax_w4a4_hlm_k4v4,attn_rot_absmax_w4a4_hlm_k4v4,0.8848131895065308,0.27922409772872925,0.9522904356320699,0.11147719621658325,0.04563910514116287,,1.5944374799728394,0.04377720504999161,0.15832604467868805,0.658862292766571,4,0.27072569727897644,0.2782912850379944,4
4,rotated non-uniform W/A and KV fake quant,1.4561529159545898,0.004612192045897245,8.630569458007812,4,0.0027121121529489756,0.011460840702056885,K4V4,hadamard_lm,model.layers.11.self_attn,11,0.9647934436798096,0.07076852023601532,W4A4,rot_lm,attn_rot_lm_w4a4_hlm_k4v4,attn_rot_lm_w4a4_hlm_k4v4,0.9804061055183411,0.0401914156973362,0.9916202425956726,0.016987599975739915,0.0034676729701459408,,0.16798359155654907,0.004612192045897245,0.04169224947690964,0.793408215045929,4,0.04478301480412483,0.053603511303663254,4
4,weight and key bit reduction in fake quant,2.4830384254455566,0.0164375938475132,32.150306701660156,3,0.006816302426159382,0.037570636719465256,K3V4,hadamard_lm,model.layers.11.self_attn,11,0.9069706201553345,0.18989180028438568,W3A4,rot_lm,attn_rot_lm_w3a4_hlm_k3v4,attn_rot_lm_w3a4_hlm_k3v4,0.939369261264801,0.13096307218074799,0.9807618260383606,0.04039423385014137,0.009024413302540779,,0.5986841320991516,0.0164375938475132,0.13078060746192932,0.663281261920929,4,0.10534198582172394,0.11350696533918381,3
3,activation and value bit reduction in fake quant,2.5798261165618896,0.00832606665790081,12.752432823181152,4,0.00643378309905529,0.014966700226068497,K4V3,hadamard_lm,model.layers.11.self_attn,11,0.9328380227088928,0.12983198463916779,W4A3,rot_lm,attn_rot_lm_w4a3_hlm_k4v3,attn_rot_lm_w4a3_hlm_k4v3,0.9743058085441589,0.0512315072119236,0.9813460310300192,0.038346937547127403,0.008201753720641136,,0.3032490015029907,0.00832606665790081,0.05974654108285904,0.760546863079071,3,0.10040527582168579,0.13070280849933624,4
16,baseline,0.0,0.0,0.0,16,0.0,0.0,K16V16,fp16,model.layers.12.self_attn,12,1.0,0.0,FP16,fp16,fp16,fp16,1.0,0.0,1.0,0.0,0.0,,0.0,0.0,0.0,1.0,16,0.0,0.0,16
4,direct W/A fake quant plus uniform KV fake quant,7.424535751342773,0.09149947017431259,181.1739044189453,4,0.06080765277147293,0.09656200557947159,K4V4,absmax,model.layers.12.self_attn,12,0.1306578516960144,1.3909538984298706,W4A4,direct_absmax,attn_direct_absmax_w4a4_absmax_k4v4,attn_direct_absmax_w4a4_absmax_k4v4,0.40215834975242615,0.8909599184989929,0.7475283245245615,0.40229544291893643,0.1528458297252655,,3.692150831222534,0.09149947017431259,0.503044843673706,0.4809326231479645,4,0.9932328462600708,1.0015345811843872,4
4,rotated uniform W/A fake quant plus rotated KV fake quant,5.167793273925781,0.035673946142196655,65.42196655273438,4,0.012467690743505955,0.02122187428176403,K4V4,hadamard_lm,model.layers.12.self_attn,12,0.5565691590309143,1.7197768688201904,W4A4,rot_absmax,attn_rot_absmax_w4a4_hlm_k4v4,attn_rot_absmax_w4a4_hlm_k4v4,0.8738889098167419,0.2965490520000458,0.9476157625516256,0.12092885902772348,0.034025438129901886,,1.4395010471343994,0.035673946142196655,0.14617136120796204,0.6921631097793579,4,0.3162934482097626,0.3203492760658264,4
4,rotated non-uniform W/A and KV fake quant,1.376636028289795,0.004953895229846239,10.898324012756348,4,0.0018473271047696471,0.010376053862273693,K4V4,hadamard_lm,model.layers.12.self_attn,12,0.9515410661697388,0.09539666771888733,W4A4,rot_lm,attn_rot_lm_w4a4_hlm_k4v4,attn_rot_lm_w4a4_hlm_k4v4,0.9748458862304688,0.05063049867749214,0.9892640312512716,0.022293508091631036,0.0032554788049310446,,0.1998976469039917,0.004953895229846239,0.04740624129772186,0.768237292766571,4,0.06177771836519241,0.07011391967535019,4
4,weight and key bit reduction in fake quant,4.190268039703369,0.020313236862421036,34.90064239501953,3,0.004768949933350086,0.0350278802216053,K3V4,hadamard_lm,model.layers.12.self_attn,12,0.8769090175628662,0.2578231990337372,W3A4,rot_lm,attn_rot_lm_w3a4_hlm_k3v4,attn_rot_lm_w3a4_hlm_k3v4,0.9211780428886414,0.1737765669822693,0.975151002407074,0.05181692416469256,0.008186443708837032,,0.8196717500686646,0.020313236862421036,0.16222237050533295,0.639111340045929,4,0.14249537885189056,0.1509963721036911,3
3,activation and value bit reduction in fake quant,2.2349793910980225,0.007422902155667543,14.174530982971191,4,0.00431781867519021,0.01287573017179966,K4V3,hadamard_lm,model.layers.12.self_attn,12,0.913512110710144,0.1691291332244873,W4A3,rot_lm,attn_rot_lm_w4a3_hlm_k4v3,attn_rot_lm_w4a3_hlm_k4v3,0.9670813679695129,0.06683430820703506,0.9761344194412231,0.051102742397536836,0.007470221258699894,,0.29952603578567505,0.007422902155667543,0.05776292830705643,0.772290050983429,3,0.1415201872587204,0.1697145253419876,4
16,baseline,0.0,0.0,0.0,16,0.0,0.0,K16V16,fp16,model.layers.13.self_attn,13,1.0,0.0,FP16,fp16,fp16,fp16,1.0,0.0,1.0,0.0,0.0,,0.0,0.0,0.0,1.0,16,0.0,0.0,16
4,direct W/A fake quant plus uniform KV fake quant,6.588796615600586,0.1769304722547531,323.6692810058594,4,0.08332468569278717,0.11693308502435684,K4V4,absmax,model.layers.13.self_attn,13,0.12406578660011292,1.550183653831482,W4A4,direct_absmax,attn_direct_absmax_w4a4_absmax_k4v4,attn_direct_absmax_w4a4_absmax_k4v4,0.5594966411590576,0.7222888469696045,0.7874325513839722,0.3836966852347056,0.17616088688373566,,5.735649108886719,0.1769304722547531,0.43375611305236816,0.42216795682907104,4,0.891604483127594,0.905850350856781,4
4,rotated uniform W/A fake quant plus rotated KV fake quant,2.0706605911254883,0.03281237930059433,63.78893280029297,4,0.01608060486614704,0.024701125919818878,K4V4,hadamard_lm,model.layers.13.self_attn,13,0.6325204372406006,1.4038898944854736,W4A4,rot_absmax,attn_rot_absmax_w4a4_hlm_k4v4,attn_rot_absmax_w4a4_hlm_k4v4,0.9133439064025879,0.2119351625442505,0.9549911816914877,0.10893590872486432,0.029673846438527107,,1.063696265220642,0.03281237930059433,0.11343204975128174,0.67578125,4,0.2810532748699188,0.28949591517448425,4
4,rotated non-uniform W/A and KV fake quant,0.9516689777374268,0.005460742861032486,10.423849105834961,4,0.002342268591746688,0.010942613705992699,K4V4,hadamard_lm,model.layers.13.self_attn,13,0.9570505023002625,0.08651961386203766,W4A4,rot_lm,attn_rot_lm_w4a4_hlm_k4v4,attn_rot_lm_w4a4_hlm_k4v4,0.9782289266586304,0.04517116770148277,0.9904508193333944,0.01950497707972924,0.003322099568322301,,0.17702379822731018,0.005460742861032486,0.04971626028418541,0.753955066204071,4,0.05285056307911873,0.06175738200545311,4
4,weight and key bit reduction in fake quant,2.6874442100524902,0.02142113633453846,37.220542907714844,3,0.007150739431381226,0.037210069596767426,K3V4,hadamard_lm,model.layers.13.self_attn,13,0.8779128789901733,0.2484460324048996,W3A4,rot_lm,attn_rot_lm_w3a4_hlm_k3v4,attn_rot_lm_w3a4_hlm_k3v4,0.9194961786270142,0.16991518437862396,0.9760252833366394,0.04958471221228441,0.00847126729786396,,0.694420337677002,0.02142113633453846,0.1566847860813141,0.6234375238418579,4,0.13313212990760803,0.14071470499038696,3
3,activation and value bit reduction in fake quant,1.657860279083252,0.00834294781088829,14.560796737670898,4,0.0055603208020329475,0.014179712161421776,K4V3,hadamard_lm,model.layers.13.self_attn,13,0.9226149916648865,0.14940401911735535,W4A3,rot_lm,attn_rot_lm_w4a3_hlm_k4v3,attn_rot_lm_w4a3_hlm_k4v3,0.9704177379608154,0.0588412880897522,0.9790933728218079,0.04358961603914698,0.00768315838649869,,0.27045777440071106,0.00834294781088829,0.05607860907912254,0.751660168170929,3,0.1175253689289093,0.14716370403766632,4
16,baseline,0.0,0.0,0.0,16,0.0,0.0,K16V16,fp16,model.layers.14.self_attn,14,1.0,0.0,FP16,fp16,fp16,fp16,1.0,0.0,1.0,0.0,0.0,,0.0,0.0,0.0,1.0,16,0.0,0.0,16
4,direct W/A fake quant plus uniform KV fake quant,15.84786605834961,0.2601255178451538,558.1422729492188,4,0.0744900181889534,0.10116815567016602,K4V4,absmax,model.layers.14.self_attn,14,0.2737090289592743,1.2853376865386963,W4A4,direct_absmax,attn_direct_absmax_w4a4_absmax_k4v4,attn_direct_absmax_w4a4_absmax_k4v4,0.584604799747467,0.708543598651886,0.8189699252446493,0.33366090307633084,0.1492566466331482,,12.64526653289795,0.2601255178451538,0.5836533308029175,0.4679931700229645,4,0.7772360444068909,0.7875753045082092,4
4,rotated uniform W/A fake quant plus rotated KV fake quant,4.2263641357421875,0.03237563744187355,82.8642578125,4,0.014786038547754288,0.023438315838575363,K4V4,hadamard_lm,model.layers.14.self_attn,14,0.6349106431007385,1.2219325304031372,W4A4,rot_absmax,attn_rot_absmax_w4a4_hlm_k4v4,attn_rot_absmax_w4a4_hlm_k4v4,0.8793279528617859,0.31888794898986816,0.963127056757609,0.09022968262434006,0.023219693452119827,,1.5738500356674194,0.03237563744187355,0.136339008808136,0.677783191204071,4,0.23268331587314606,0.24082747101783752,4
4,rotated non-uniform W/A and KV fake quant,1.2519710063934326,0.005649672821164131,16.00971221923828,4,0.002186243422329426,0.010768163949251175,K4V4,hadamard_lm,model.layers.14.self_attn,14,0.956622302532196,0.0848778784275055,W4A4,rot_lm,attn_rot_lm_w4a4_hlm_k4v4,attn_rot_lm_w4a4_hlm_k4v4,0.9770758152008057,0.04555381461977959,0.9934190909067789,0.013188218077023825,0.0021417727693915367,,0.27464285492897034,0.005649672821164131,0.05511414259672165,0.771044909954071,4,0.03523663803935051,0.04464404284954071,4
4,weight and key bit reduction in fake quant,4.442089080810547,0.022309379652142525,49.67631149291992,3,0.00667869858443737,0.03666381537914276,K3V4,hadamard_lm,model.layers.14.self_attn,14,0.8840332627296448,0.22597356140613556,W3A4,rot_lm,attn_rot_lm_w3a4_hlm_k3v4,attn_rot_lm_w3a4_hlm_k3v4,0.924609899520874,0.16093149781227112,0.9848995804786682,0.03148328699171543,0.005751676857471466,,1.0845073461532593,0.022309379652142525,0.19700193405151367,0.6564697027206421,4,0.08201948553323746,0.09015291184186935,3
3,activation and value bit reduction in fake quant,2.114525318145752,0.007745854556560516,19.627521514892578,4,0.004863868933171034,0.013422888703644276,K4V3,hadamard_lm,model.layers.14.self_attn,14,0.9177671670913696,0.1581880748271942,W4A3,rot_lm,attn_rot_lm_w4a3_hlm_k4v3,attn_rot_lm_w4a3_hlm_k4v3,0.9620286226272583,0.07455381751060486,0.9848546981811523,0.030596012560029823,0.00497897295281291,,0.3765428066253662,0.007745854556560516,0.07160856574773788,0.755297839641571,3,0.08194519579410553,0.11382397264242172,4
16,baseline,0.0,0.0,0.0,16,0.0,0.0,K16V16,fp16,model.layers.15.self_attn,15,1.0,0.0,FP16,fp16,fp16,fp16,1.0,0.0,1.0,0.0,0.0,,0.0,0.0,0.0,1.0,16,0.0,0.0,16
4,direct W/A fake quant plus uniform KV fake quant,13.979789733886719,0.129336416721344,365.8863525390625,4,0.1012759655714035,0.1301850974559784,K4V4,absmax,model.layers.15.self_attn,15,0.13337013125419617,1.6886236667633057,W4A4,direct_absmax,attn_direct_absmax_w4a4_absmax_k4v4,attn_direct_absmax_w4a4_absmax_k4v4,0.3135746121406555,1.2943689823150635,0.7984319527943929,0.3934751699368159,0.1657910943031311,,8.770639419555664,0.129336416721344,0.7468643188476562,0.4534668028354645,4,0.9133584499359131,0.9293362498283386,4
4,rotated uniform W/A fake quant plus rotated KV fake quant,4.17258358001709,0.02347468212246895,84.4698257446289,4,0.013835378922522068,0.02231486700475216,K4V4,hadamard_lm,model.layers.15.self_attn,15,0.6217277646064758,1.4678412675857544,W4A4,rot_absmax,attn_rot_absmax_w4a4_hlm_k4v4,attn_rot_absmax_w4a4_hlm_k4v4,0.866912841796875,0.37634462118148804,0.9602330327033997,0.09030959662050009,0.029782872647047043,,1.5918793678283691,0.02347468212246895,0.18960356712341309,0.709228515625,4,0.22731053829193115,0.23513154685497284,4
4,rotated non-uniform W/A and KV fake quant,2.2201168537139893,0.005256415344774723,17.88395881652832,4,0.0018303875112906098,0.010328320786356926,K4V4,hadamard_lm,model.layers.15.self_attn,15,0.9473752379417419,0.10459433495998383,W4A4,rot_lm,attn_rot_lm_w4a4_hlm_k4v4,attn_rot_lm_w4a4_hlm_k4v4,0.9687989950180054,0.0642300620675087,0.9935433069864908,0.01297558902297169,0.0031682124827057123,,0.35645121335983276,0.005256415344774723,0.06726820766925812,0.7879638671875,4,0.03392816707491875,0.04272974655032158,4
4,weight and key bit reduction in fake quant,4.289843559265137,0.015994610264897346,51.01396179199219,3,0.004980649333447218,0.03445359319448471,K3V4,hadamard_lm,model.layers.15.self_attn,15,0.8581607341766357,0.28721195459365845,W3A4,rot_lm,attn_rot_lm_w3a4_hlm_k3v4,attn_rot_lm_w3a4_hlm_k3v4,0.9000712633132935,0.2199256867170334,0.9844861626625061,0.031524920370429754,0.008455605246126652,,1.0846362113952637,0.015994610264897346,0.19902031123638153,0.672436535358429,4,0.0811385065317154,0.0897216796875,3
3,activation and value bit reduction in fake quant,3.639385938644409,0.008715858682990074,24.58175277709961,4,0.004515671171247959,0.012828114442527294,K4V3,hadamard_lm,model.layers.15.self_attn,15,0.9061753749847412,0.17903217673301697,W4A3,rot_lm,attn_rot_lm_w4a3_hlm_k4v3,attn_rot_lm_w4a3_hlm_k4v3,0.9535069465637207,0.09194037318229675,0.9852464199066162,0.029860297373185556,0.007472348865121603,,0.591045081615448,0.008715858682990074,0.07888463884592056,0.7891601324081421,3,0.0775928720831871,0.10889235138893127,4
16,baseline,0.0,0.0,0.0,16,0.0,0.0,K16V16,fp16,model.layers.16.self_attn,16,1.0,0.0,FP16,fp16,fp16,fp16,1.0,0.0,1.0,0.0,0.0,,0.0,0.0,0.0,1.0,16,0.0,0.0,16
4,direct W/A fake quant plus uniform KV fake quant,13.745392799377441,0.21640321612358093,568.3048095703125,4,0.07974331825971603,0.10530880093574524,K4V4,absmax,model.layers.16.self_attn,16,0.2624099552631378,1.3981139659881592,W4A4,direct_absmax,attn_direct_absmax_w4a4_absmax_k4v4,attn_direct_absmax_w4a4_absmax_k4v4,0.4904828667640686,0.8267025947570801,0.7812795042991638,0.39680227885643643,0.16754268109798431,,11.831884384155273,0.21640321612358093,0.5521116256713867,0.465576171875,4,0.9431208372116089,0.9551414251327515,4
4,rotated uniform W/A fake quant plus rotated KV fake quant,6.851279258728027,0.06952279806137085,196.33494567871094,4,0.012728939764201641,0.021389134228229523,K4V4,hadamard_lm,model.layers.16.self_attn,16,0.6071410179138184,1.5710171461105347,W4A4,rot_absmax,attn_rot_absmax_w4a4_hlm_k4v4,attn_rot_absmax_w4a4_hlm_k4v4,0.8548687696456909,0.4211353361606598,0.9477678934733073,0.12959328883637986,0.040286727249622345,,3.8011715412139893,0.06952279806137085,0.2116217017173767,0.703857421875,4,0.33576419949531555,0.3448513448238373,4
4,rotated non-uniform W/A and KV fake quant,1.5485917329788208,0.0065370118245482445,20.47624969482422,4,0.0019487411482259631,0.010955833829939365,K4V4,hadamard_lm,model.layers.16.self_attn,16,0.9533845782279968,0.09345079213380814,W4A4,rot_lm,attn_rot_lm_w4a4_hlm_k4v4,attn_rot_lm_w4a4_hlm_k4v4,0.972062349319458,0.058773159980773926,0.9906554222106934,0.01938632398378104,0.003161825006827712,,0.35741227865219116,0.0065370118245482445,0.08449013531208038,0.762939453125,4,0.053048405796289444,0.06165333092212677,4
4,weight and key bit reduction in fake quant,4.481499671936035,0.0244443416595459,65.45207977294922,3,0.004550582263618708,0.03705647215247154,K3V4,hadamard_lm,model.layers.16.self_attn,16,0.8863757848739624,0.23366107046604156,W3A4,rot_lm,attn_rot_lm_w3a4_hlm_k3v4,attn_rot_lm_w3a4_hlm_k3v4,0.9247458577156067,0.1650187224149704,0.9792782664299011,0.04307685373350978,0.008105967193841934,,1.336498737335205,0.0244443416595459,0.25382691621780396,0.644824206829071,4,0.1165740117430687,0.12424556910991669,3
3,activation and value bit reduction in fake quant,2.4387130737304688,0.009592876769602299,27.620182037353516,4,0.0046115475706756115,0.013499390333890915,K4V3,hadamard_lm,model.layers.16.self_attn,16,0.9167068004608154,0.16060088574886322,W4A3,rot_lm,attn_rot_lm_w4a3_hlm_k4v3,attn_rot_lm_w4a3_hlm_k4v3,0.9608058929443359,0.07891549170017242,0.9788586695988973,0.04504083298767606,0.0072770146653056145,,0.5244922637939453,0.009592876769602299,0.0872565507888794,0.769335925579071,3,0.12323393672704697,0.15188173949718475,4
16,baseline,0.0,0.0,0.0,16,0.0,0.0,K16V16,fp16,model.layers.17.self_attn,17,1.0,0.0,FP16,fp16,fp16,fp16,1.0,0.0,1.0,0.0,0.0,,0.0,0.0,0.0,1.0,16,0.0,0.0,16
4,direct W/A fake quant plus uniform KV fake quant,10.832023620605469,0.09919218719005585,446.3531494140625,4,0.06556621938943863,0.0979560911655426,K4V4,absmax,model.layers.17.self_attn,17,0.202305406332016,1.7630946636199951,W4A4,direct_absmax,attn_direct_absmax_w4a4_absmax_k4v4,attn_direct_absmax_w4a4_absmax_k4v4,0.4607941508293152,0.8948468565940857,0.7886045376459757,0.38518499583005905,0.1298028826713562,,8.807592391967773,0.09919218719005585,0.6242623329162598,0.4552001953125,4,0.9601858854293823,0.9695602059364319,4
4,rotated uniform W/A fake quant plus rotated KV fake quant,5.6496806144714355,0.020696651190519333,85.69530487060547,4,0.015218609012663364,0.023817291483283043,K4V4,hadamard_lm,model.layers.17.self_attn,17,0.5115445852279663,2.497457981109619,W4A4,rot_absmax,attn_rot_absmax_w4a4_hlm_k4v4,attn_rot_absmax_w4a4_hlm_k4v4,0.7803637981414795,0.6568902134895325,0.945055365562439,0.13386812340468168,0.027410291135311127,,1.8377219438552856,0.020696651190519333,0.20403622090816498,0.708251953125,4,0.35897547006607056,0.36713817715644836,4
4,rotated non-uniform W/A and KV fake quant,2.8281874656677246,0.005270074121654034,21.949947357177734,4,0.0021934104152023792,0.010644651018083096,K4V4,hadamard_lm,model.layers.17.self_attn,17,0.9315216541290283,0.1383449137210846,W4A4,rot_lm,attn_rot_lm_w4a4_hlm_k4v4,attn_rot_lm_w4a4_hlm_k4v4,0.9646697044372559,0.07355739176273346,0.9896877805391947,0.021060076386978228,0.00266234390437603,,0.46794676780700684,0.005270074121654034,0.05271057039499283,0.7806396484375,4,0.05832447484135628,0.06679412722587585,4
4,weight and key bit reduction in fake quant,6.383774280548096,0.019094673916697502,67.75797271728516,3,0.006200813222676516,0.03638775274157524,K3V4,hadamard_lm,model.layers.17.self_attn,17,0.8388974666595459,0.33293551206588745,W3A4,rot_lm,attn_rot_lm_w3a4_hlm_k3v4,attn_rot_lm_w3a4_hlm_k3v4,0.9098812937736511,0.19082985818386078,0.978330930074056,0.044605127380539976,0.006982307881116867,,1.6954772472381592,0.019094673916697502,0.1904287040233612,0.623364269733429,4,0.12063226103782654,0.12943686544895172,3
3,activation and value bit reduction in fake quant,3.186239719390869,0.006274010054767132,25.50160026550293,4,0.004809356294572353,0.013186403550207615,K4V3,hadamard_lm,model.layers.17.self_attn,17,0.8638745546340942,0.26935502886772156,W4A3,rot_lm,attn_rot_lm_w4a3_hlm_k4v3,attn_rot_lm_w4a3_hlm_k4v3,0.9365930557250977,0.1298467516899109,0.9778266350428263,0.0462911732805272,0.005886312108486891,,0.5570894479751587,0.006274010054767132,0.07395514845848083,0.7788330316543579,3,0.12817785143852234,0.15786854922771454,4
16,baseline,0.0,0.0,0.0,16,0.0,0.0,K16V16,fp16,model.layers.18.self_attn,18,1.0,0.0,FP16,fp16,fp16,fp16,1.0,0.0,1.0,0.0,0.0,,0.0,0.0,0.0,1.0,16,0.0,0.0,16
4,direct W/A fake quant plus uniform KV fake quant,-4.198031425476074,0.10971198230981827,574.3521118164062,4,0.0611858069896698,0.09292066097259521,K4V4,absmax,model.layers.18.self_attn,18,0.06196872517466545,1.3752586841583252,W4A4,direct_absmax,attn_direct_absmax_w4a4_absmax_k4v4,attn_direct_absmax_w4a4_absmax_k4v4,0.1508466899394989,1.4441893100738525,0.7974108258883158,0.3648653005560239,0.12206407636404037,,9.249617576599121,0.10971198230981827,1.1182641983032227,0.45063477754592896,4,0.9113460183143616,0.9204860925674438,4
4,rotated uniform W/A fake quant plus rotated KV fake quant,-0.35485804080963135,0.025340449064970016,136.60414123535156,4,0.010859224013984203,0.019613800570368767,K4V4,hadamard_lm,model.layers.18.self_attn,18,0.6484719514846802,1.5033445358276367,W4A4,rot_absmax,attn_rot_absmax_w4a4_hlm_k4v4,attn_rot_absmax_w4a4_hlm_k4v4,0.7193017601966858,0.958590030670166,0.950073222319285,0.12180695279190938,0.031346775591373444,,2.1364071369171143,0.025340449064970016,0.19409337639808655,0.679882824420929,4,0.3232148587703705,0.33127346634864807,4
4,rotated non-uniform W/A and KV fake quant,2.1355178356170654,0.006817614194005728,32.22552490234375,4,0.0019949954003095627,0.010682829655706882,K4V4,hadamard_lm,model.layers.18.self_attn,18,0.9339243173599243,0.13307391107082367,W4A4,rot_lm,attn_rot_lm_w4a4_hlm_k4v4,attn_rot_lm_w4a4_hlm_k4v4,0.9452751874923706,0.113721564412117,0.9915463129679362,0.017320050004248817,0.0030540006700903177,,0.5747806429862976,0.006817614194005728,0.07393573969602585,0.735034167766571,4,0.04691115394234657,0.056108225136995316,4
4,weight and key bit reduction in fake quant,4.4565653800964355,0.019358891993761063,84.59425354003906,3,0.006054988596588373,0.03780200704932213,K3V4,hadamard_lm,model.layers.18.self_attn,18,0.8471224308013916,0.31615304946899414,W3A4,rot_lm,attn_rot_lm_w3a4_hlm_k3v4,attn_rot_lm_w3a4_hlm_k3v4,0.8618996739387512,0.2988815903663635,0.9807433287302653,0.04019041204204162,0.007748295087367296,,1.632112979888916,0.019358891993761063,0.17255809903144836,0.6204833984375,4,0.10676795244216919,0.11563307791948318,3
3,activation and value bit reduction in fake quant,3.0382609367370605,0.00957765243947506,42.44733810424805,4,0.004673467483371496,0.01319890096783638,K4V3,hadamard_lm,model.layers.18.self_attn,18,0.8787201642990112,0.23658782243728638,W4A3,rot_lm,attn_rot_lm_w4a3_hlm_k4v3,attn_rot_lm_w4a3_hlm_k4v3,0.9034077525138855,0.19893136620521545,0.9814013044039408,0.03881911436716715,0.006913451943546534,,0.8074744939804077,0.00957765243947506,0.10213174670934677,0.723095715045929,3,0.10487042367458344,0.13437935709953308,4
16,baseline,0.0,0.0,0.0,16,0.0,0.0,K16V16,fp16,model.layers.19.self_attn,19,1.0,0.0,FP16,fp16,fp16,fp16,1.0,0.0,1.0,0.0,0.0,,0.0,0.0,0.0,1.0,16,0.0,0.0,16
4,direct W/A fake quant plus uniform KV fake quant,2.406691074371338,0.1099940687417984,832.8870239257812,4,0.05736684054136276,0.09903893619775772,K4V4,absmax,model.layers.19.self_attn,19,0.08888596296310425,1.568150281906128,W4A4,direct_absmax,attn_direct_absmax_w4a4_absmax_k4v4,attn_direct_absmax_w4a4_absmax_k4v4,0.23737145960330963,1.2995038032531738,0.7623381813367208,0.405903123319149,0.14104779064655304,,13.104360580444336,0.1099940687417984,1.3485667705535889,0.4732666015625,4,1.0192947387695312,1.0345135927200317,4
4,rotated uniform W/A fake quant plus rotated KV fake quant,5.417354583740234,0.027185380458831787,177.9344482421875,4,0.009782453998923302,0.018303507938981056,K4V4,hadamard_lm,model.layers.19.self_attn,19,0.47682642936706543,2.4085326194763184,W4A4,rot_absmax,attn_rot_absmax_w4a4_hlm_k4v4,attn_rot_absmax_w4a4_hlm_k4v4,0.7297813296318054,0.8794076442718506,0.9438031911849976,0.1396997111539046,0.02618413232266903,,3.238784074783325,0.027185380458831787,0.2174404263496399,0.7061767578125,4,0.38313254714012146,0.3896470069885254,4
4,rotated non-uniform W/A and KV fake quant,2.1638355255126953,0.004781520925462246,31.77579689025879,4,0.0018286093836650252,0.010137198492884636,K4V4,hadamard_lm,model.layers.19.self_attn,19,0.932605504989624,0.13426843285560608,W4A4,rot_lm,attn_rot_lm_w4a4_hlm_k4v4,attn_rot_lm_w4a4_hlm_k4v4,0.9486239552497864,0.10506102442741394,0.9896621704101562,0.021026921031686168,0.002675223397091031,,0.5696559548377991,0.004781520925462246,0.0916743129491806,0.77587890625,4,0.058576930314302444,0.06728003174066544,4
4,weight and key bit reduction in fake quant,5.57069730758667,0.01695743389427662,98.26380920410156,3,0.005653647240251303,0.03493807837367058,K3V4,hadamard_lm,model.layers.19.self_attn,19,0.8263752460479736,0.40006160736083984,W3A4,rot_lm,attn_rot_lm_w3a4_hlm_k3v4,attn_rot_lm_w3a4_hlm_k3v4,0.8564953207969666,0.3541220426559448,0.9742171764373779,0.05326800560578704,0.006939235143363476,,2.0202574729919434,0.01695743389427662,0.28552812337875366,0.640551745891571,4,0.14721113443374634,0.15524189174175262,3
3,activation and value bit reduction in fake quant,4.161283493041992,0.007950800471007824,43.306724548339844,4,0.00436370400711894,0.012538556940853596,K4V3,hadamard_lm,model.layers.19.self_attn,19,0.8639465570449829,0.27173635363578796,W4A3,rot_lm,attn_rot_lm_w4a3_hlm_k4v3,attn_rot_lm_w4a3_hlm_k4v3,0.9055774807929993,0.1971510797739029,0.9768709341684977,0.048195567447692156,0.0061892736703157425,,0.9472343921661377,0.007950800471007824,0.1489136666059494,0.7457275390625,3,0.13403372466564178,0.1632024645805359,4
16,baseline,0.0,0.0,0.0,16,0.0,0.0,K16V16,fp16,model.layers.20.self_attn,20,1.0,0.0,FP16,fp16,fp16,fp16,1.0,0.0,1.0,0.0,0.0,,0.0,0.0,0.0,1.0,16,0.0,0.0,16
4,direct W/A fake quant plus uniform KV fake quant,2.4866859912872314,0.05194643512368202,715.6807250976562,4,0.05407708138227463,0.09843572229146957,K4V4,absmax,model.layers.20.self_attn,20,0.3009391725063324,1.0369442701339722,W4A4,direct_absmax,attn_direct_absmax_w4a4_absmax_k4v4,attn_direct_absmax_w4a4_absmax_k4v4,0.39632919430732727,0.9003682136535645,0.7594996591409048,0.39289678384860355,0.1358792632818222,,11.279129028320312,0.05194643512368202,1.5307477712631226,0.4718994200229645,4,0.9887340068817139,0.9996727108955383,4
4,rotated uniform W/A fake quant plus rotated KV fake quant,1.724252462387085,0.010010289959609509,136.1331329345703,4,0.008677072823047638,0.017336932942271233,K4V4,hadamard_lm,model.layers.20.self_attn,20,0.6969549655914307,1.0237544775009155,W4A4,rot_absmax,attn_rot_absmax_w4a4_hlm_k4v4,attn_rot_absmax_w4a4_hlm_k4v4,0.8400131464004517,0.41153690218925476,0.9484397172927856,0.13373601343482733,0.01495631504803896,,2.1735341548919678,0.010010289959609509,0.28349775075912476,0.734057605266571,4,0.3775746524333954,0.38613399863243103,4
4,rotated non-uniform W/A and KV fake quant,3.7756104469299316,0.004192954394966364,44.01139831542969,4,0.0017549549229443073,0.010428212583065033,K4V4,hadamard_lm,model.layers.20.self_attn,20,0.9511720538139343,0.09603646397590637,W4A4,rot_lm,attn_rot_lm_w4a4_hlm_k4v4,attn_rot_lm_w4a4_hlm_k4v4,0.9602736830711365,0.08052273094654083,0.9882467786471049,0.024440865808477003,0.002029518596827984,,0.9104161262512207,0.004192954394966364,0.1413181871175766,0.8099365234375,4,0.06953812390565872,0.07779420167207718,4
4,weight and key bit reduction in fake quant,8.691117286682129,0.016839994117617607,158.47840881347656,3,0.005962198134511709,0.036972273141145706,K3V4,hadamard_lm,model.layers.20.self_attn,20,0.8829727172851562,0.2362004816532135,W3A4,rot_lm,attn_rot_lm_w3a4_hlm_k3v4,attn_rot_lm_w3a4_hlm_k3v4,0.89044189453125,0.23376719653606415,0.9740326801935831,0.05586070287972689,0.005452090408653021,,3.656467914581299,0.016839994117617607,0.5123704075813293,0.6346679925918579,4,0.15616782009601593,0.16444531083106995,3
3,activation and value bit reduction in fake quant,5.326407432556152,0.00603398447856307,55.479557037353516,4,0.003849153174087405,0.012497391551733017,K4V3,hadamard_lm,model.layers.20.self_attn,20,0.9089930057525635,0.1748536378145218,W4A3,rot_lm,attn_rot_lm_w4a3_hlm_k4v3,attn_rot_lm_w4a3_hlm_k4v3,0.937640368938446,0.1247696503996849,0.9749806523323059,0.05311399193791052,0.004523987881839275,,1.3101589679718018,0.00603398447856307,0.1649267077445984,0.7885497808456421,3,0.15096883475780487,0.17926481366157532,4
16,baseline,0.0,0.0,0.0,16,0.0,0.0,K16V16,fp16,model.layers.21.self_attn,21,1.0,0.0,FP16,fp16,fp16,fp16,1.0,0.0,1.0,0.0,0.0,,0.0,0.0,0.0,1.0,16,0.0,0.0,16
4,direct W/A fake quant plus uniform KV fake quant,31.6335506439209,0.17655302584171295,875.2288818359375,4,0.08200348913669586,0.11482563614845276,K4V4,absmax,model.layers.21.self_attn,21,0.5905750393867493,0.7890766859054565,W4A4,direct_absmax,attn_direct_absmax_w4a4_absmax_k4v4,attn_direct_absmax_w4a4_absmax_k4v4,0.6104676723480225,0.7261708974838257,0.821805457274119,0.37879470487435657,0.1323418915271759,,29.311100006103516,0.17655302584171295,1.337304949760437,0.4439453184604645,4,0.922038733959198,0.9423344731330872,4
4,rotated uniform W/A fake quant plus rotated KV fake quant,5.250070095062256,0.013880006968975067,119.91455078125,4,0.009106447920203209,0.017783449962735176,K4V4,hadamard_lm,model.layers.21.self_attn,21,0.774483859539032,0.6659942865371704,W4A4,rot_absmax,attn_rot_absmax_w4a4_hlm_k4v4,attn_rot_absmax_w4a4_hlm_k4v4,0.8996596932411194,0.23375385999679565,0.9634088675181071,0.08624893706291914,0.013762417249381542,,2.304340362548828,0.013880006968975067,0.2850823998451233,0.746508777141571,4,0.23587794601917267,0.24437040090560913,4
4,rotated non-uniform W/A and KV fake quant,2.7053728103637695,0.004352418705821037,38.9262580871582,4,0.0014832249144092202,0.010101163759827614,K4V4,hadamard_lm,model.layers.21.self_attn,21,0.975967526435852,0.04762733727693558,W4A4,rot_lm,attn_rot_lm_w4a4_hlm_k4v4,attn_rot_lm_w4a4_hlm_k4v4,0.9713602066040039,0.05800589919090271,0.9921261668205261,0.01602158648893237,0.0017189289210364223,,0.7225827574729919,0.004352418705821037,0.15887199342250824,0.788281261920929,4,0.04486260563135147,0.05337243899703026,4
4,weight and key bit reduction in fake quant,7.463237285614014,0.016059068962931633,114.93083190917969,3,0.004213875625282526,0.03463049232959747,K3V4,hadamard_lm,model.layers.21.self_attn,21,0.9247012734413147,0.14494621753692627,W3A4,rot_lm,attn_rot_lm_w3a4_hlm_k3v4,attn_rot_lm_w3a4_hlm_k3v4,0.9164514541625977,0.16767318546772003,0.981338620185852,0.03773001038158933,0.004629284143447876,,2.666105270385742,0.016059068962931633,0.5254387259483337,0.644726574420929,4,0.1043468713760376,0.11318492144346237,3
3,activation and value bit reduction in fake quant,4.897076606750488,0.007024683523923159,50.65726852416992,4,0.0036224236246198416,0.012202448211610317,K4V3,hadamard_lm,model.layers.21.self_attn,21,0.9550020098686218,0.0908656120300293,W4A3,rot_lm,attn_rot_lm_w4a3_hlm_k4v3,attn_rot_lm_w4a3_hlm_k4v3,0.956139087677002,0.08691181242465973,0.9824930628140768,0.036144773553436,0.004184467252343893,,1.1662286520004272,0.007024683523923159,0.1945473998785019,0.769335925579071,3,0.10062742978334427,0.12948518991470337,4
